city_name,hour_of_day,temp_mean,temp_std,wind_mean,wind_std,humidity_mean,precip_mean
Valletta,18,21.171989051094883,6.04115204961756,18.365830291970802,9.86086758756977,65.58850364963503,0.03608576642335767
Sydney,10,19.50921532846714,4.991889078546114,12.664552919708026,6.602308482560247,65.67700729927007,0.16770072992700694
Bangkok,0,26.57166970802919,1.7215776532288842,7.853010948905112,3.2757744686675676,82.92609489051095,0.1781934306569343
Jakarta,13,30.72185218978103,2.0536820335862775,9.637317518248171,3.8549811545539256,65.10629562043796,0.7067062043795631
Auckland,21,15.385948905109512,3.377660874516463,15.392016423357672,8.736174976038537,81.68978102189782,0.1399635036496348
Manila,7,25.983120437956206,1.500664002767868,6.612910583941609,5.090356757354974,85.67244525547446,0.12417883211678829
Lagos,0,26.615419708029197,1.2675745488207668,12.280885036496366,4.150176599489564,85.5962591240876,0.06300182481751819
Karachi,21,25.679927007299263,3.7570172766604553,14.96414233576642,6.367411237931061,73.32481751824818,0.02650547445255474
Mumbai,8,25.946624087591264,2.8505698596925777,9.652417883211676,5.47322961692868,74.46578467153284,0.3249087591240874
Manila,5,25.21072080291972,1.3126144402315645,6.063686131386865,4.922898433801897,89.65556569343066,0.15529197080291957
Sydney,13,21.344479927007296,4.5678411332370565,15.10246350364963,7.097655088667071,59.387773722627735,0.18179744525547417
Mumbai,2,24.546487226277375,2.543774042015833,8.932299270072996,5.477831061732823,81.24087591240875,0.25492700729927
Auckland,4,14.402098540145968,3.4063268614111317,14.44630474452554,8.806956247855114,85.55611313868613,0.12509124087591225
Valletta,14,22.44014598540145,6.136235432428658,19.040830291970796,9.900311316647102,59.02098540145985,0.05661496350364968
Lagos,19,27.13033759124096,1.3494107695595918,13.963047445255468,3.769966279981553,81.27235401459853,0.05086678832116784
Lagos,22,26.841377737226296,1.2673041497434265,12.806523722627725,4.015080922090936,84.04653284671532,0.03343978102189782
Auckland,7,14.791742700729923,3.6547375544509104,15.096760948905098,8.815791373765006,83.9844890510949,0.1218521897810217
Manila,2,25.692198905109503,1.3085640394733151,6.390100364963504,5.017997512101398,88.00821167883211,0.1706660583941604
Singapore,5,24.509762773722645,1.0580311789578296,6.185355839416057,2.6629067828607837,95.29242700729927,0.21984489051094888
Sydney,15,20.87116788321171,4.323879846670484,16.74639598540146,6.902949565307549,61.45939781021898,0.15980839416058376
Mumbai,17,28.26669708029196,2.0305863927747128,15.549406934306583,4.845729567190616,68.74589416058394,0.2255930656934304
Sydney,9,18.153056569343068,5.161239503164942,12.968658759124093,6.704762943130393,69.88594890510949,0.14940693430656918
Valletta,3,18.67714416058394,5.034654209010876,15.708667883211676,9.745590239887358,79.97080291970804,0.035720802919708035
Mumbai,16,29.121578467153306,2.237062744069861,16.722490875912413,4.959302246962868,64.58941605839416,0.2521897810218975
Jakarta,11,30.766423357664205,1.898858476553012,7.461040145985401,3.942023521299311,64.17153284671532,0.20538321167883164
Manila,21,26.996715328467154,1.4277065947383931,8.32408759124087,5.054719661902236,82.15784671532846,0.3172901459854015
Bangkok,21,27.629105839416052,1.6085609410212345,8.250866788321169,3.7603190354456753,78.7536496350365,0.20647810218978094
Lisbon,2,15.185994525547446,3.856872213771307,11.229698905109494,5.858398949197523,83.4867700729927,0.0635492700729927
Lagos,13,28.97189781021896,1.8845705273668028,13.903239051094884,5.180783181937469,71.93293795620438,0.18868613138686247
Jakarta,20,26.499315693430667,1.1579481399506708,5.6357208029197094,2.8638999448605476,85.6154197080292,0.24466240875912387
Lagos,8,26.17176094890513,1.4296785764360602,9.86984489051096,4.200806074832436,86.3125,0.19689781021897854
Manila,23,26.380839416058375,1.3366264159949077,7.362317518248178,5.067187444925594,85.23494525547446,0.2478102189781019
Mumbai,3,24.33950729927008,2.6105864127580714,8.956843065693429,5.458213418890756,81.71487226277372,0.27518248175182486
Lagos,11,28.532527372262773,1.6549044433836677,11.743020072992683,5.462073425075912,73.91605839416059,0.20506386861313977
Jakarta,21,26.08754562043796,1.0624090146428196,5.384078467153284,2.6473029374757107,87.12317518248175,0.22294708029197066
Bangkok,17,30.24206204379563,2.1415860090628174,10.843339416058384,4.619645444471018,63.62956204379562,0.3596715328467155
Sydney,23,15.848038321167888,4.478423936109704,11.15761861313869,5.791575145027674,81.43704379562044,0.13074817518248166
Manila,19,27.27755474452556,1.5542870284433175,9.252326642335763,5.977190331603287,79.54151459854015,0.2762317518248175
Karachi,5,23.44530109489051,4.861829438252893,14.176551094890504,6.297900323362632,79.85310218978103,0.03371350364963504
Jakarta,7,25.304197080291967,0.9254111762956165,4.787910583941605,2.4742073984067394,88.57299270072993,0.12025547445255473
Bangkok,8,26.9703010948905,2.335989983253558,6.854653284671527,3.6875772144711223,79.03056569343066,0.1010492700729927
Sydney,17,19.267700729926993,4.474249729255607,15.598540145985401,6.626634477241402,68.44206204379562,0.1120437956204379
Lisbon,3,15.007937956204374,3.8533572812072086,11.20743613138686,5.917390718246972,84.20118613138686,0.061724452554744534
Jakarta,14,30.195392335766424,1.9282903633813693,9.6731295620438,3.96075840968871,67.58257299270073,0.7317062043795632
Bangkok,18,29.18572080291971,1.8975521791345493,9.552235401459853,4.346482183269703,69.41970802919708,0.23996350364963487
Mumbai,7,24.640875912408756,3.167473434622007,9.251414233576636,5.221339828151271,80.46167883211679,0.3287408759124087
Lagos,6,25.595072992700764,1.381058998135481,9.08207116788322,4.043678987274004,89.73905109489051,0.17586678832116828
Bangkok,6,24.99443430656935,2.050050605351077,6.3636861313868565,2.7753667539484113,87.79014598540147,0.08909671532846714
Singapore,15,29.267198905109495,1.6771685624015469,10.506249999999998,4.397627278956108,73.78330291970804,0.992655109489054
Auckland,2,14.650136861313868,3.4146220844238053,14.530155109489057,8.79706023121743,84.9580291970803,0.13307481751824804
Sydney,3,14.590374087591234,4.4741718796650085,11.054790145985397,6.006807704317927,84.67290145985402,0.12924270072992688
Karachi,7,23.34662408759124,5.464361738538789,14.34771897810218,6.768390050608421,78.63959854014598,0.03448905109489052
Valletta,15,22.58553832116788,6.206387647690137,19.1942518248175,9.953898469390204,58.76094890510949,0.05697992700729932
Sydney,18,18.335218978102176,4.421890749188547,14.70351277372263,6.389376128938065,72.17153284671532,0.11975364963503644
Lisbon,21,16.50866788321168,4.2126374885417315,13.69963503649635,6.227430805350709,77.38959854014598,0.053512773722627756
Lisbon,15,21.33097627737225,5.80020407228321,14.347308394160589,6.741039122608973,58.22125912408759,0.09260948905109492
Lisbon,1,15.455155109489043,3.8731873160303403,11.526596715328461,5.8556927097988325,82.32846715328468,0.057618613138686145
Karachi,19,26.62910583941606,3.4070739528038727,16.580930656934306,6.342016220454745,67.93795620437956,0.024452554744525547
Lisbon,16,21.204379562043794,5.676925596991431,15.017198905109488,6.597370318313821,58.52098540145985,0.09507299270072997
Jakarta,17,28.194023722627716,1.5270976565845344,6.996760948905108,3.528981982179987,76.29744525547446,0.5587135036496358
Manila,0,26.126551094890488,1.3123426164625394,7.043613138686132,5.0144924876037456,86.30611313868613,0.20866788321167862
Karachi,20,26.097125912408764,3.5480989113384207,15.654516423357663,6.334352643184576,71.10036496350365,0.02714416058394161
Singapore,14,29.466560218978117,1.7171270392287084,10.714826642335773,4.354790776651502,73.39142335766424,1.0870894160583962
Valletta,10,21.158895985401447,5.7292011278088895,17.74676094890511,9.703437236608956,65.53740875912409,0.0403740875912409
Singapore,17,28.595209854014605,1.4491281792522168,9.74320255474452,4.396537096191284,75.75045620437956,0.4869981751824824
Lisbon,0,15.478239051094896,4.010387698793139,11.61446167883212,5.992251636368841,81.78923357664233,0.05542883211678833
Mumbai,15,29.78663321167884,2.4479276486876764,16.69174270072993,5.257437432216044,61.809762773722625,0.25656934306569307
Mumbai,13,30.530702554744533,2.713840627785555,14.252691605839408,6.394009066983347,58.574361313868614,0.302052919708029
Jakarta,18,27.169525547445257,1.322270757960365,5.6306569343065735,2.960121367336671,82.1742700729927,0.32422445255474436
Jakarta,3,24.391468978102186,0.81566432615808,5.019616788321166,2.4831753789494626,92.56797445255475,0.16993613138686126
Karachi,23,24.916377737226284,4.140732975595805,14.264324817518245,6.310169799864127,76.31751824817518,0.029516423357664235
Sydney,1,15.141560218978103,4.4621591615954195,11.021031021897809,5.861203094981908,83.51368613138686,0.13845802919708017
Bangkok,1,26.255291970802936,1.764635431960671,7.573540145985387,3.146014940909952,84.0529197080292,0.13020072992700732
Mumbai,5,24.2181113138686,2.6977035199467863,8.770529197080295,5.2374095921576815,82.38731751824818,0.29142335766423333
Lagos,5,25.792609489051074,1.3618624107440669,9.601414233576646,4.126560427972965,89.125,0.15191605839416072
Manila,6,25.217244525547436,1.3999622080271616,6.132390510948908,4.968985520554381,89.6081204379562,0.15401459854014585
Lagos,9,27.027235401459848,1.4589818521735052,10.426870437956206,4.805030612136742,81.73585766423358,0.18585766423357766
Bangkok,2,25.94101277372262,1.8200845787673974,7.30100364963503,3.059213123455063,85.0419708029197,0.1286952554744525
Karachi,13,30.03024635036498,3.695372207155345,18.948996350364954,8.516659052723828,49.54242700729927,0.048540145985401476
Manila,16,29.648677007299277,2.2021416242252063,11.574406934306559,6.8479440600699215,67.85720802919708,0.43038321167883237
Sydney,8,16.61870437956205,5.327775411504784,12.476231751824821,6.335205569627094,75.50456204379562,0.12458941605839406
Lagos,23,26.74895072992702,1.2587580156568234,12.624726277372256,4.096046776439641,84.7837591240876,0.03293795620437955
Valletta,5,18.47080291970802,4.937994878658938,15.807709854014584,9.625304673192835,80.83439781021897,0.040282846715328474
Valletta,12,22.219753649635038,5.984600451844747,18.709397810218963,9.695346213728852,60.206204379562045,0.04781021897810221
Sydney,7,15.224863138686128,5.249793847811474,11.725410583941612,6.14337797465805,80.96897810218978,0.12221715328467139
Karachi,4,23.433804744525542,4.813430409669539,14.363412408759139,6.321467545469683,79.8088503649635,0.029105839416058397
Manila,15,30.197217153284665,2.3338628989994032,11.885492700729925,6.954794985131093,65.80656934306569,0.46792883211678876
Singapore,13,29.515054744525557,1.6845314982277753,10.597718978102186,4.405134166676648,73.68430656934306,0.8158302919708065
Karachi,1,24.20296532846715,4.450490910073897,14.285538321167884,6.206429564875549,78.37591240875912,0.03558394160583942
Jakarta,4,24.19958941605838,0.8014049821700807,4.944525547445254,2.3775857246251464,92.97627737226277,0.1641423357664232
Bangkok,9,28.353330291970796,2.230917936065142,8.031113138686132,4.136604975451598,71.98540145985402,0.09685218978102193
Manila,1,25.897718978102198,1.2908038662506278,6.7080748175182485,5.0620984979532295,87.21213503649635,0.2111313868613137
Auckland,15,18.159489051094887,3.415616579323549,19.301779197080272,8.818641386400246,69.52235401459853,0.20784671532846702
Valletta,6,18.376916058394162,4.9130668066054515,15.878558394160581,9.681378424544498,81.21441605839416,0.04434306569343067
Lagos,3,26.19425182481753,1.326011161924538,10.812956204379576,4.180612707775312,87.76277372262774,0.12696167883211673
Auckland,3,14.50688868613138,3.41578249462528,14.5183394160584,8.739366303894357,85.34032846715328,0.13293795620437943
Sydney,14,21.237043795620433,4.4252270488076295,16.158713503649643,7.148356600419081,59.87956204379562,0.16897810218978085
Singapore,11,28.62632299270074,1.586431393298111,10.11017335766424,4.438483790015775,77.67883211678833,0.4981295620437965
Auckland,13,18.28818430656935,3.4345204342394915,18.651733576642336,9.061717324200705,69.40465328467154,0.25036496350365006
Lagos,14,29.01400547445258,1.9304497542633479,14.980291970802924,4.729888294020364,72.06478102189782,0.2772354014598575
Marseille,21,15.850821167883211,6.2453487401670875,14.617518248175188,10.10621156673085,72.75547445255475,0.05994525547445257
Porto,1,13.891377737226277,4.027581031288336,11.29356751824817,6.772410245278616,85.15191605839416,0.1567974452554744
Palermo,12,21.676505474452558,6.400499182949169,10.61797445255475,6.097206332415686,62.55520072992701,0.10187043795620436
Dhaka,13,29.96852189781022,3.7380772283497223,9.695985401459847,5.602681787258685,58.96350364963504,0.33357664233576606
Palermo,17,20.95378649635037,6.393962827894074,10.160264598540136,5.773464576897523,66.11131386861314,0.10761861313868613
Dhaka,15,29.872217153284677,3.597973339509176,10.212089416058395,5.412506842462682,58.35310218978102,0.3467153284671533
Palermo,7,17.038549270072988,5.856078250960168,6.998996350364961,5.749051388898097,75.68111313868613,0.07376824817518249
Dhaka,22,24.23713503649635,4.371991745732244,8.553147810218974,4.119592746846151,82.78968978102189,0.09913321167883213
Buenos_Aires,9,16.445848540145988,6.303745534912185,15.067655109489042,6.654078297252829,76.2705291970803,0.09936131386861315
Palermo,9,19.24657846715328,6.6997085823427796,7.6006843065693435,5.994650322120572,69.20483576642336,0.07239963503649635
Kazan,5,3.5917883211678827,10.92779321836571,13.557527372262774,6.924728500803419,84.86724452554745,0.06496350364963507
Marseille,6,13.395848540145982,5.676169576365744,13.745437956204379,9.591626748764462,77.61633211678833,0.06820255474452556
Patras,4,17.418613138686137,6.1046069270954035,9.785766423357659,6.906498699544777,72.03467153284672,0.10465328467153281
Porto,12,17.92933394160584,4.948893713310882,14.112500000000002,7.082860867893623,69.71031021897811,0.18234489051094882
Marseille,23,15.076277372262773,6.10914296448746,13.972445255474453,9.929806029495268,74.78284671532846,0.05588503649635038
Dhaka,19,25.820072992700734,4.169639718836915,8.24142335766423,3.969010418942045,75.55839416058394,0.08763686131386864
Porto,0,13.9911496350365,4.120824002831146,11.14247262773722,6.791825831686115,85.12363138686132,0.1453010948905109
Porto,14,18.72011861313869,4.711660606710276,15.026733576642338,7.052125588341574,67.46715328467154,0.1838503649635036
Porto,10,15.793704379562058,5.169886699868211,13.090374087591242,7.458016583622757,75.94844890510949,0.17276459854014595
Kazan,4,3.4227189781021905,10.697197997604325,13.265784671532852,6.910146854653832,85.36496350364963,0.060766423357664266
Buenos_Aires,5,15.072627737226275,5.883115171299461,13.999680656934304,6.101341397897797,81.41970802919708,0.12823905109489053
Patras,1,17.767563868613134,6.3646833291209495,9.92591240875912,6.625797341000436,71.71304744525547,0.10282846715328466
Buenos_Aires,8,15.434352189781015,6.358013637666615,14.70679744525548,6.50711469340093,79.46532846715328,0.11637773722627735
Valencia,10,17.802463503649633,7.122781403592231,9.561177007299273,6.448155994506796,63.839872262773724,0.07349452554744527
Marseille,22,15.426140510948901,6.158155644687057,14.172490875912413,10.018733962653695,73.99270072992701,0.04726277372262774
Patras,3,17.62600364963503,6.1239717154695965,10.011268248175186,6.760244070813867,71.90830291970804,0.108713503649635
Marseille,11,17.23713503649635,6.847642230094824,16.271213503649637,9.931275797443794,64.43476277372262,0.06911496350364964
Buenos_Aires,1,16.424863138686128,5.888669506152388,14.68006386861314,6.432274665076298,77.85127737226277,0.09302007299270074
Dhaka,6,22.1963503649635,5.034777763764488,8.192335766423353,3.9799653010739404,92.35675182481752,0.22490875912408756
Palermo,15,21.70725364963504,6.404435459078923,11.291833941605837,5.690158367655336,63.26505474452555,0.1799270072992699
Kazan,15,8.478102189781016,13.255931543599418,15.824406934306575,7.429721365911815,65.35720802919708,0.08654197080291973
Kazan,13,8.395985401459852,13.155558159367354,16.431888686131384,7.624309561810357,66.0661496350365,0.06989051094890515
Marseille,0,14.765875912408761,6.072512066060105,13.839507299270075,9.853732635855065,75.46441605839416,0.05670620437956206
Palermo,14,21.748266423357666,6.342580790763437,11.52093978102189,5.690805834592657,62.83622262773723,0.11628649635036496
Kazan,7,4.596031021897811,11.758222221418368,14.281295620437964,7.180932620493174,80.94981751824818,0.06500912408759127
Kazan,22,5.022582116788325,11.582305477573055,13.72723540145985,6.937356263996174,79.04790145985402,0.05323905109489052
Dhaka,23,23.841058394160587,4.4527585050405145,8.588047445255478,4.054503547359159,84.59443430656934,0.10319343065693432
Dhaka,18,26.728740875912408,4.213046683492572,8.459260948905106,4.145264602276104,72.14142335766424,0.19749087591240874
Valencia,18,21.35077554744527,5.950836103767055,14.132709854014582,5.823393728360039,57.44571167883212,0.052007299270073006
Dhaka,0,23.46240875912409,4.5323988347798085,8.550775547445255,3.997556229854513,86.42837591240875,0.10866788321167885
Marseille,19,17.177098540145984,6.503429223799621,16.325091240875913,9.870494598326232,67.61085766423358,0.05962591240875915
Palermo,16,21.414963503649656,6.386799957024279,10.964872262773726,5.753326391406821,64.30155109489051,0.13649635036496346
Valencia,17,22.034625912408764,5.8806159498348,15.02166970802919,5.90174535327562,53.63138686131387,0.053786496350364976
Valencia,8,15.271031021897809,6.107301242480485,9.604470802919705,5.683826702302196,73.50593065693431,0.0657390510948905
Buenos_Aires,12,19.69046532846715,6.072135621179109,15.6393704379562,7.196849186691107,63.72810218978102,0.11989051094890511
Dhaka,10,27.755839416058407,4.170158994671222,9.239917883211678,5.628871797366748,69.50136861313868,0.19977189781021895
Valencia,1,16.541012773722624,6.0517116993334685,8.93061131386862,5.521000775010171,76.77691605839416,0.05406021897810221
Patras,15,21.9970802919708,7.580218235354714,13.455520072992698,6.7364649770213125,55.246350364963504,0.12896897810218974
Dhaka,2,22.81090328467153,4.693256736125734,8.356614963503649,3.934531793035915,89.34717153284672,0.16049270072992702
Valencia,4,15.780291970802914,5.8867653825866535,9.216377737226269,5.423413162652408,76.1213503649635,0.060401459854014614
Marseille,9,14.949863138686133,6.8163655174597,14.403330291970795,9.774479519688828,71.45711678832117,0.06400547445255476
Kazan,17,7.851049270072991,13.264225892903205,15.27682481751825,7.311642763423443,67.93339416058394,0.061998175182481796
Porto,4,13.436313868613144,4.034869094052817,11.67308394160584,7.37914252384998,85.24452554744525,0.17454379562043798
Palermo,20,18.641012773722625,6.2843064098056365,7.2485401459854115,5.401692489996899,76.15054744525547,0.0762773722627737
Kazan,0,4.383667883211679,11.245994576988691,13.420574817518252,6.93708579466626,81.30383211678833,0.05830291970802921
Porto,13,18.40150547445255,4.815755796765683,14.47171532846715,6.882848537762313,68.26779197080292,0.1659671532846714
Valencia,5,15.469662408759131,5.839356881982303,9.323175182481751,5.530783637124132,75.97627737226277,0.055428832116788326
Patras,11,20.489735401459846,7.474438993570944,12.070483576642337,7.299236259461161,60.9110401459854,0.12376824817518246
Marseille,1,14.472855839416068,6.039568860690624,13.823357664233567,9.714322054772477,76.0456204379562,0.04375000000000001
Buenos_Aires,13,20.400593065693442,6.071544738615899,15.842746350364955,7.133114728265312,60.7860401459854,0.13280109489051095
Kazan,16,8.340237226277376,13.383338263478525,15.670939781021886,7.395329513575083,65.77144160583941,0.06683394160583944
Buenos_Aires,15,21.034808394160592,6.0821777685148515,16.17477189781022,7.206821876147486,58.00182481751825,0.11208941605839422
Palermo,10,20.42992700729928,6.5169244533437185,8.523631386861313,6.039040637255316,65.73129562043796,0.07595802919708029
Palermo,11,21.211405109489046,6.430187352592447,9.615237226277374,6.0870683601922275,63.49315693430657,0.08645072992700727
Porto,3,13.58307481751825,4.029014015474729,11.438412408759126,7.240201224574732,85.24224452554745,0.15209854014598537
Porto,7,13.181797445255473,4.154316969535538,12.148768248175179,7.681613269123325,84.88549270072993,0.17883211678832106
Buenos_Aires,0,16.74516423357664,5.871994846580142,14.950182481751817,6.48687401032549,76.99908759124088,0.09630474452554744
Buenos_Aires,22,17.365510948905097,5.790762589521784,15.373312043795611,6.626513717669492,74.9580291970803,0.08499087591240874
Cairo,5,18.259352189781023,5.500981543058026,8.472764598540145,4.1181602933807175,71.51277372262774,0.0024178832116788325
Novosibirsk,19,5.346578467153279,14.851507419545595,12.158485401459854,5.630598828156637,65.2235401459854,0.05218978102189783
Cairo,1,20.485720802919694,6.126568691755031,10.824863138686132,4.266479311306059,59.394160583941606,0.002372262773722628
Novosibirsk,4,0.8453923357664209,12.516812125637033,11.035492700729929,5.27406434875923,81.51049270072993,0.05620437956204385
Tokyo,6,12.958120437956204,9.090682041519829,12.273038321167894,8.175478373116345,82.79516423357664,0.17595802919708026
Barcelona,13,19.602600364963504,6.174358246952954,12.268156934306568,6.161176770967561,62.39689781021898,0.0880018248175183
Novosibirsk,13,5.690419708029196,14.938342757862324,13.615739051094891,6.573384053201185,62.85492700729927,0.07385948905109499
Bordeaux,13,17.192883211678833,6.956353756766204,11.383166058394163,6.290217163298743,66.57253649635037,0.10821167883211687
Odessa,0,11.67103102189781,8.374166183821169,13.624452554744526,6.489439841640279,76.6742700729927,0.057618613138686124
Bilbao,17,18.528558394160584,5.980202094423996,12.103284671532851,4.965832888892245,66.30337591240875,0.1638686131386862
Odessa,7,10.654105839416056,8.2597466884353,13.917107664233576,6.379762062332126,81.11952554744525,0.06683394160583943
Novosibirsk,12,4.923175182481749,14.952684582416524,13.255155109489044,6.489871396117112,65.47308394160584,0.06938868613138693
Helsinki,11,7.7608576642335745,8.963552182364191,16.720301094890512,7.798674728584504,77.28147810218978,0.09717153284671537
Bilbao,11,15.81906934306569,6.00647387320796,9.091879562043799,5.900034248490915,74.47582116788321,0.1252281021897811
Odessa,16,15.853193430656937,9.542050814677065,15.996304744525547,7.194895246153177,59.02326642335766,0.06906934306569344
Tokyo,13,20.122992700729927,8.535224652384628,15.66733576642335,10.134933131300668,56.26642335766423,0.1989963503649634
Shanghai,8,16.99712591240875,9.529879789676338,11.037636861313871,5.805808677858623,79.35127737226277,0.17062043795620438
Cairo,13,28.333074817518245,7.164230844590531,12.704835766423352,5.776154919216392,31.57390510948905,0.005611313868613139
Barcelona,19,18.471213503649636,6.195727152519066,11.676870437956202,5.293925686093334,70.07481751824818,0.05866788321167883
Bilbao,5,12.473813868613139,4.811667932825581,7.718978102189781,5.481735596809765,87.84032846715328,0.146852189781022
Toronto,5,6.985127737226282,9.298455066295416,12.115875912408754,6.058879196996842,79.7030109489051,0.08900547445255476
Tokyo,3,13.280018248175182,8.71799538549021,12.890556569343065,7.937370505050936,82.97810218978103,0.19698905109489048
Bordeaux,6,11.228330291970797,5.470321181084451,9.228239051094892,4.876939373755691,89.31660583941606,0.09256386861313873
Bilbao,22,14.188686131386865,5.123518561857737,7.265191605839415,5.110556552774654,83.51277372262774,0.10187043795620442
Shanghai,11,20.45853102189781,9.100433593421023,14.053558394160584,6.337496170482021,62.94662408759124,0.16423357664233582
Odessa,3,11.008622262773724,8.059879934257577,13.506934306569342,6.346807798974589,79.7801094890511,0.06327554744525549
Baku,11,17.846031021897808,9.048927441729354,18.814552919708028,10.013963454243363,63.05520072992701,0.03380474452554744
Helsinki,6,5.294343065693431,7.819732727161597,15.385948905109489,7.586351434080027,86.55474452554745,0.08982664233576647
Novosibirsk,1,1.7189324817518252,12.909259275231369,11.279151459854003,5.238943159845581,78.57618613138686,0.050456204379562074
Bordeaux,22,14.08772810218978,6.428378714093228,10.43061131386861,4.619048330167315,77.94844890510949,0.0861770072992701
Toronto,3,7.4352645985401455,9.380892435071464,12.351505474452559,6.092542636622769,78.44343065693431,0.09073905109489051
New_York,22,12.037682481751824,9.151388833625825,11.655109489051094,6.187260463761604,73.76231751824818,0.1965328467153285
Odessa,6,10.365054744525548,7.922126781366311,13.592472627737223,6.322821162822198,82.24726277372262,0.0521441605839416
Helsinki,9,6.622764598540146,8.666502609416328,15.883804744525536,7.819266514889198,82.18978102189782,0.09575729927007304
Tokyo,1,13.939461678832117,8.615062662858314,13.41674270072993,7.945451739919162,81.78421532846716,0.1819799270072992
Toronto,18,11.715100364963497,10.666227197895019,14.93850364963503,7.1968142418286645,64.33394160583941,0.09032846715328463
Odessa,4,10.65191605839416,7.946529773530342,13.38024635036496,6.260232688340975,81.30748175182482,0.0632755474452555
Cairo,6,17.807071167883215,5.4277041920496485,8.209671532846718,4.1867232156088985,73.9037408759124,0.00406021897810219
Barcelona,5,13.766012773722627,6.19137066584464,7.283576642335768,4.051146574863565,85.61633211678833,0.07016423357664235
Toronto,6,6.813184306569339,9.272040217323582,12.100593065693422,6.111836509395402,80.21122262773723,0.10812043795620435
Barcelona,14,20.056979927007294,5.943872313331356,13.430428832116789,6.197312487003464,60.72992700729927,0.07860401459854018
Baku,15,18.682025547445257,9.102777218178165,19.59945255474453,9.097105315557723,59.785583941605836,0.02331204379562043
Odessa,5,10.448403284671533,7.879590029216248,13.448722627737219,6.280456469533413,81.95255474452554,0.05593065693430656
Cairo,7,17.77198905109488,5.6321573006535415,8.231843065693429,4.312538762366339,74.40054744525547,0.002965328467153284
Cairo,23,22.286724452554733,6.473171247385459,13.305155109489059,4.827995897354901,50.449817518248175,0.0032846715328467154
New_York,11,14.481021897810228,10.018567666491267,13.139187956204385,7.257765754011447,62.440237226277375,0.13430656934306578
Bordeaux,1,12.540465328467155,5.870838620610279,9.780520072992699,4.62464861468121,84.39917883211679,0.0999087591240876
Tokyo,20,15.606432481751822,8.389313128099317,14.665009124087591,8.875393453002724,77.20620437956204,0.15866788321167882
New_York,18,14.993658759124086,9.869348745639412,14.44530109489051,6.714443908956001,61.64552919708029,0.13982664233576642
Odessa,10,13.337363138686134,9.251344776461082,15.175045620437961,7.0367719364715935,69.49315693430657,0.056979927007299265
Bilbao,8,12.4264598540146,4.992652992310609,8.070666058394162,5.500637854700116,86.59306569343066,0.12276459854014604
Bilbao,15,18.945757299270074,6.223364807819879,11.883120437956205,5.3735900767729134,64.69890510948905,0.19420620437956213
Odessa,22,12.33339416058394,8.623319607503083,13.762180656934307,6.663082305056157,74.03923357664233,0.04771897810218978
Helsinki,14,8.814872262773722,8.94975311726463,17.716970802919704,7.698105319306454,72.7007299270073,0.09794708029197087
Odessa,20,13.361770072992703,9.147852334967085,13.720894160583939,6.793224369091624,70.00228102189782,0.045620437956204386
Baku,3,14.083531021897816,7.653584772352782,15.265465328467155,9.445556013302786,81.78923357664233,0.03987226277372264
Toronto,13,12.081751824817516,10.53390323343405,15.555930656934306,7.3232018104436785,63.34580291970803,0.1195255474452554
Barcelona,8,13.755656934306574,6.573841702556185,7.65474452554744,4.288395742600591,82.69525547445255,0.07636861313868615
Tokyo,8,14.988686131386864,9.389242400256784,12.481295620437946,8.741417728147045,74.83074817518248,0.18435218978102189
Barcelona,18,19.361724452554746,5.971895179233501,13.354333941605839,5.5841154559723885,65.86724452554745,0.06706204379562045
New_York,12,15.492335766423363,10.04761169604786,14.032481751824813,7.546584590217128,58.50638686131387,0.14000912408759134
Baku,22,15.05004562043795,8.079054854191323,15.35816605839416,9.40530196637812,78.36450729927007,0.02668795620437956
Cairo,9,20.581158759124087,6.425979613422976,9.1959397810219,4.994138685176678,62.620894160583944,0.005611313868613139
Bordeaux,12,16.04215328467153,6.891005290883552,10.832937956204383,6.0436749786559645,71.11587591240875,0.11537408759124096
Cairo,14,29.38517335766421,7.37868407033557,13.321943430656937,5.802002932500756,28.204835766423358,0.006614963503649633
New_York,13,16.21970802919708,10.035577711166827,14.859990875912407,7.608554759118786,55.917883211678834,0.14297445255474459
Cairo,2,19.725866788321163,5.976730449871856,9.944981751824805,4.1735931061207605,63.40009124087591,0.0026459854014598545
Naples,1,14.77244525547445,6.287076269676959,7.524908759124089,5.190694020925671,82.97901459854015,0.08791058394160584
Bordeaux,16,18.629927007299273,7.1220556877688805,12.462363138686129,6.624195479476405,61.13184306569343,0.1550638686131388
Cairo,18,28.65068430656935,7.684888850659013,13.98645072992701,5.301603125814085,28.89461678832117,0.005976277372262773
Toronto,21,9.515602189781028,9.985269534172009,13.160538321167884,6.494589138009952,72.3389598540146,0.09365875912408757
Barcelona,20,17.635036496350363,6.220686958308021,9.879242700729932,5.196655945721556,74.21532846715328,0.05798357664233578
Shanghai,12,21.015054744525546,9.079259575924928,14.392016423357664,6.414985247945589,60.387317518248175,0.17025547445255482
Barcelona,15,20.332983576642334,5.855600185416592,14.403740875912408,6.264249090704074,60.56888686131387,0.1162408759124088
Barcelona,12,18.849133211678822,6.546323308574392,10.829242700729923,5.818025294008062,64.34169708029196,0.0791970802919708
Bordeaux,5,11.439689781021903,5.5012677261453975,9.280246350364967,4.7844384265548525,88.67609489051095,0.09365875912408762
New_York,7,9.720346715328468,9.229697087302846,11.15570255474452,5.842667494355331,81.35264598540147,0.12299270072992705
Shanghai,20,16.627235401459853,8.7753358578902,10.918202554744525,4.855864237069223,80.53786496350365,0.11291058394160587
New_York,21,12.535720802919704,9.205569848224949,11.749726277372257,6.047297220050045,71.80930656934306,0.2052463503649635
Odessa,1,11.376961678832119,8.271633505056986,13.482983576642336,6.412055598650604,77.75547445255475,0.055018248175182485
Helsinki,22,6.672308394160584,8.367138922411346,15.925456204379564,7.6951738372254415,81.09397810218978,0.08708941605839418
Cairo,11,24.973950729927004,6.742089117750726,11.158713503649633,5.802440254214911,43.880930656934304,0.004927007299270074
Bordeaux,21,14.961405109489055,6.820641305579745,10.676961678832114,4.682472954906213,74.71532846715328,0.08476277372262775
Tokyo,15,19.938731751824818,8.33077038046461,17.31172445255474,10.70455843476206,57.419251824817515,0.18531021897810213
Barcelona,23,15.634945255474447,6.361906800949425,6.984260948905111,4.561510585727584,82.55702554744525,0.08339416058394163
Odessa,12,15.024589416058395,9.374412006644551,15.811496350364969,7.187427860990811,62.122262773722625,0.05050182481751824
Naples,9,16.440921532846712,7.48913466236932,8.280793795620438,5.38832864071033,75.48996350364963,0.12312956204379559
Tokyo,7,13.67928832116788,9.470240680841862,12.277417883211674,8.240937436572938,79.76961678832117,0.170985401459854
New_York,17,15.997992700729926,9.788368808373864,15.51318430656934,7.129727333822164,57.473083941605836,0.15095802919708035
Baku,14,18.776596715328473,9.147808755422563,19.70652372262774,9.391777498331619,59.28786496350365,0.02559306569343065
Bilbao,13,18.158895985401458,6.194678541383298,10.65310218978102,5.839727603839259,66.57025547445255,0.14032846715328476
Bilbao,10,14.388731751824812,5.851237027213983,8.528558394160584,5.865943926516037,79.31478102189782,0.12125912408759129
Naples,22,15.835903284671538,6.360557244299305,7.54671532846715,5.229757059387387,80.36815693430657,0.09913321167883213
Bordeaux,4,11.705474452554745,5.529958006851375,9.350684306569347,4.756271363784957,87.93476277372262,0.11519160583941607
Toronto,10,9.853558394160581,10.52458017593799,13.134306569343073,6.8542677156527185,72.20620437956204,0.091970802919708
Cairo,20,26.162728102189785,7.450990177565315,13.994662408759128,6.070953791682955,35.214872262773724,0.001414233576642336
Bordeaux,9,12.155200729927007,6.24015502884105,9.529470802919702,5.153187639783074,85.74270072992701,0.10693430656934311
Shanghai,14,21.283302919708028,8.970526029016987,14.741514598540144,6.232718039030343,58.776916058394164,0.1918795620437956
Tokyo,2,13.597627737226272,8.665545483827529,13.147354014598537,7.80529623504965,82.42153284671532,0.17805656934306568
Baku,5,13.694023722627739,7.4728753900698655,15.378239051094887,9.451681441110582,83.60036496350365,0.04981751824817519
Naples,0,15.112636861313863,6.2828274340036225,7.552600364963502,5.273522868102643,82.15237226277372,0.08312043795620437
Tokyo,19,16.19306569343065,8.337923857751594,15.23170620437957,9.340882164278458,74.93020072992701,0.17623175182481748
Cairo,15,29.46423357664233,7.28105323106082,13.570939781021895,5.607340939899378,27.74270072992701,0.006979927007299269
Bilbao,20,15.870757299270078,5.650802826959667,9.002965328467155,4.9111638362093775,76.71578467153284,0.11354927007299277
Helsinki,8,6.058348540145986,8.377525497720343,15.688093065693435,7.799799270346462,84.33713503649635,0.09657846715328472
Cairo,4,18.77910583941606,5.590137001602811,8.820072992700728,4.093918901362869,68.65784671532846,0.005565693430656934
Barcelona,2,14.717016423357661,6.262352477463195,7.139644160583944,4.357754590072262,84.91605839416059,0.06094890510948906
Shanghai,17,19.28631386861314,9.010677509556228,12.956386861313867,5.372704761189563,67.56295620437956,0.14037408759124093
Baku,13,18.66478102189781,9.14667191234403,19.604014598540147,9.612714667683951,59.64598540145985,0.03353102189781021
Baku,17,17.740419708029197,9.047815040785437,18.452417883211677,8.810727123984586,63.909215328467155,0.019206204379562043
New_York,20,13.064598540145985,9.435749552857075,12.058850364963504,5.997675964895169,69.63412408759125,0.12901459854014602
Bordeaux,10,13.288138686131385,6.616408092774514,9.896441605839415,5.38229819319735,81.41514598540147,0.10743613138686137
Naples,18,18.92787408759124,6.933307082388489,10.78097627737226,5.379897192112747,67.98768248175182,0.13302919708029196
Naples,7,14.124224452554742,6.532401553098343,7.837545620437952,5.047524032323803,83.31843065693431,0.13458029197080287
Novosibirsk,21,3.7283302919708015,13.984100162898676,11.441651459854011,5.444465373643157,71.5095802919708,0.05542883211678836
Toronto,19,10.936313868613137,10.61326274764942,14.284489051094893,6.940720917804471,67.30930656934306,0.08749999999999995
Barcelona,11,17.682983576642346,7.013538947327644,9.442153284671532,5.335252798744958,67.66742700729927,0.06697080291970806
Bordeaux,15,18.318704379562046,7.067422355401534,12.041879562043794,6.419562876080212,62.94753649635037,0.17148722627737234
Baku,6,13.707344890510953,7.526903875275178,15.387773722627736,9.399575437739298,83.50593065693431,0.046669708029197086
Bilbao,3,12.897354014598543,4.849014008725524,7.380976277372262,5.4837445650701815,87.39005474452554,0.16017335766423363
Shanghai,18,18.10570255474453,8.993144574977494,12.00565693430657,5.062199604444861,73.3257299270073,0.11656021897810225
Bilbao,12,17.143476277372265,6.112394225867417,9.847582116788322,5.89265481193682,70.02828467153284,0.1281478102189782
Bilbao,0,13.381250000000001,5.018819869930549,7.018932481751821,5.374232532091876,86.06979927007299,0.11149635036496355
Baku,21,15.34087591240876,8.194921603124383,15.575319343065683,9.220547737666799,76.93841240875912,0.030474452554744524
Novosibirsk,23,2.5137317518248192,13.260700176853643,11.49425182481752,5.331823098193548,75.64917883211679,0.041742700729927036
Tokyo,23,14.677098540145984,8.472405078118042,13.575045620437958,8.09990406813717,80.20027372262774,0.18038321167883212
Izmir,20,19.36779197080292,8.428984521326763,10.185492700729927,5.715506092157968,59.97445255474452,0.06692518248175182
Izmir,4,15.638959854014594,7.05245563301982,7.757527372262774,5.072742230516902,72.0,0.08398722627737228
Antalya,15,24.415510948905098,7.959676233692036,11.881204379562046,5.561634472908209,44.47673357664234,0.13375912408759125
Riga,4,6.240054744525547,7.286821952267579,12.527919708029195,5.844294549656444,87.43567518248175,0.09288321167883218
Los_Angeles,2,14.12057481751825,4.3176720740030925,5.4192062043795595,3.3847067535839805,77.66651459854015,0.05693430656934306
Paris,3,10.407071167883212,5.749901687763028,11.415009124087593,6.192735699585361,84.61861313868613,0.13371350364963505
Liverpool,23,10.116697080291972,4.779466429950703,14.334808394160579,8.167008307870956,83.20985401459853,0.12354014598540149
Riga,17,10.6378193430657,9.302637611678346,14.61587591240876,6.69997471054745,69.26231751824818,0.11240875912408764
London,14,14.813777372262775,6.325125541023062,16.68061131386862,8.229121569077027,65.00547445255475,0.11578467153284674
Cardiff,16,13.8036496350365,5.6465032539816065,17.13521897810219,8.134462782107201,70.74224452554745,0.17285583941605845
Hamburg,12,12.499680656934304,7.387469802034684,15.018886861313863,7.088753316994605,71.08941605839416,0.10200729927007303
Ghent,7,9.10104927007299,5.506886588866482,12.789963503649638,6.621856373664869,87.88868613138686,0.08864051094890513
Riga,8,6.976322992700731,8.004372412021105,12.9345802919708,6.314057357728895,84.96076642335767,0.08476277372262779
Izmir,0,16.772125912408757,7.541978273750187,8.468476277372265,5.436290135607729,68.50821167883211,0.06218065693430658
Riga,6,6.123813868613139,7.339874930567641,12.636085766423365,6.058778559569615,87.91377737226277,0.08074817518248181
London,15,14.950319343065695,6.37966588637309,16.829881386861327,8.099671566983377,64.19206204379562,0.11884124087591245
Hamburg,14,13.451459854014598,7.452066062688779,15.413640510948904,7.154523266541561,66.88686131386861,0.11925182481751824
London,0,10.048677007299274,5.369946805286964,12.777828467153284,6.6996237032521,84.63731751824818,0.0760036496350365
Seville,16,25.463275547445264,8.258085776094555,10.048403284671533,6.14630591564688,42.14963503649635,0.07582116788321172
Paris,19,14.927189781021896,7.657233612986951,13.41113138686131,6.538857221467582,66.35629562043796,0.10743613138686132
Liverpool,9,10.28239051094891,5.196352698419608,15.450045620437963,8.26957051109062,82.1911496350365,0.12290145985401467
Nizhny_Novgorod,17,8.418339416058394,12.601294963547113,13.083485401459853,5.831794931104323,66.22810218978103,0.08216240875912412
Antwerp,21,12.163777372262775,6.636779940575451,13.421076642335759,6.84216883906253,76.42609489051095,0.08763686131386864
Antwerp,11,12.402189781021896,6.841737346421058,14.525547445255475,7.459209916003312,75.45666058394161,0.09060218978102193
Copenhagen,17,11.445620437956203,6.7466481004721155,18.92089416058395,8.35185729835078,73.1970802919708,0.08599452554744531
Antwerp,7,9.192290145985398,5.580918773851017,13.0985401459854,6.737955439828407,87.38640510948905,0.08252737226277375
London,6,9.038047445255476,5.091643346556936,12.608667883211684,6.980548553372269,88.87271897810218,0.09589416058394162
Riga,19,9.67942518248175,9.10692059771247,13.779698905109488,6.563250751693924,73.40328467153284,0.09406934306569346
Nizhny_Novgorod,18,7.7326186131386905,12.325803804213862,12.393248175182485,5.7164387803133305,69.6706204379562,0.0777372262773723
Tallinn,14,9.627691605839411,9.18796041937336,15.611359489051097,6.607793385967795,70.74087591240875,0.13334854014598535
Liverpool,7,9.195848540145986,4.7589360668359015,14.533622262773719,8.242538416242752,86.65100364963503,0.12468065693430665
Brussels,17,14.502554744525552,7.2562960179586256,15.687728102189775,7.661063507126353,66.03695255474453,0.14146897810218975
Oulu,21,4.317290145985401,9.945060279517858,11.908667883211681,5.797459873989233,81.98950729927007,0.08968978102189781
Copenhagen,6,8.463731751824815,5.715075177778784,17.34352189781022,8.500796751955114,85.82436131386861,0.07536496350364966
Paris,12,14.016377737226282,7.141511576934119,13.855611313868613,7.364974747166391,69.96532846715328,0.08745437956204384
Izmir,18,21.830520072992698,8.939190790992843,12.982208029197082,5.990826934091777,50.9375,0.07878649635036497
Gdansk,5,7.689211391018618,6.553180445638404,14.176998904709743,7.51359294072436,85.00164293537787,0.06900328587075577
Tallinn,17,9.158485401459851,9.152003623261328,15.260857664233567,6.653977633124634,72.36405109489051,0.10410583941605846
Tallinn,20,7.758576642335769,8.605296967624946,14.041332116788324,6.499998079914717,78.75136861313868,0.08622262773722633
Paris,23,11.87139598540146,6.465568551196853,12.022217153284675,6.208880730047987,78.23220802919708,0.07171532846715331
Oulu,23,3.5545164233576636,9.41910222192144,11.831432481751827,5.608776794867581,84.40191605839416,0.084808394160584
Riga,23,7.580565693430656,7.875802599731126,12.969571167883215,6.159055642435534,82.05200729927007,0.07915145985401464
Oulu,5,2.2187043795620442,8.852759592663425,11.88590328467153,5.318146402216361,88.40556569343066,0.07504562043795623
Seville,13,22.657116788321158,7.900493920572401,8.277919708029195,5.599913252974069,50.831660583941606,0.059717153284671545
Gdansk,3,7.934884994523548,6.647653116654721,13.993318729463306,7.404472491029371,84.28148959474261,0.06763417305585982
Copenhagen,13,11.547718978102187,6.622832606028308,19.335812043795627,8.924446263048285,73.12408759124088,0.08690693430656941
Cardiff,23,10.07755474452555,4.915339661310066,13.756067518248173,7.586433617659032,85.65328467153284,0.13553832116788328
Gdansk,23,8.781215772179628,7.056440396477058,14.131872946330775,7.452271695372943,81.49507119386638,0.06544359255202631
Seville,12,20.830291970802918,7.733873656865913,7.882801094890507,5.283108706905527,57.121806569343065,0.06929744525547447
Cardiff,22,10.408531021897813,5.0262583193449535,13.944069343065694,7.52636330758875,84.47536496350365,0.14425182481751833
Nizhny_Novgorod,12,8.462956204379564,12.360803467653287,14.067153284671535,6.244703279505175,67.48038321167883,0.08708941605839421
Hamburg,0,9.151733576642336,6.234011531707108,12.548905109489047,6.071180447615165,83.92837591240875,0.08439781021897813
Liverpool,22,10.427691605839415,4.8666925199526805,14.364279197080288,8.144077240211894,81.98403284671532,0.11724452554744531
Copenhagen,11,10.685812043795616,6.559217621610858,18.781523722627732,8.864947504306791,77.04790145985402,0.09000912408759126
Izmir,12,21.939826642335763,8.713284137617634,11.939279197080284,5.734348374753297,49.129105839416056,0.07709854014598541
Oulu,4,2.280702554744525,8.82970572573818,11.829288321167883,5.313253396618476,88.19160583941606,0.07819343065693432
Riga,22,7.9403740875912385,8.094757641515503,13.001779197080294,6.286012199010027,80.60538321167883,0.07500000000000002
Seville,19,24.526961678832134,8.62753905806514,10.76281934306569,6.090227552894368,46.230839416058394,0.0708029197080292
Cardiff,20,11.495027372262772,5.547394888545053,14.394890510948905,7.715841752798726,80.42244525547446,0.14945255474452562
Los_Angeles,12,22.797262773722636,6.2159364235383485,7.9305200729926995,4.654480044561358,44.41697080291971,0.056751824817518254
Riga,3,6.5220346715328485,7.38805905359142,12.528604014598539,5.838748909723801,86.43156934306569,0.07691605839416063
Hamburg,15,13.665009124087593,7.530782294796415,15.459534671532845,7.091871547566061,65.93339416058394,0.14530109489051093
Los_Angeles,11,20.792153284671535,5.797257139433297,6.606067518248176,4.233051652210465,50.46076642335766,0.050821167883211685
Los_Angeles,22,15.920209854014594,4.341621071633477,6.159260948905111,3.5541435119428884,72.8882299270073,0.05273722627737226
St_Petersburg,12,8.358759124087591,10.56651514337312,15.075410583941608,6.791679630262697,71.24680656934306,0.08540145985401466
Antwerp,8,9.606478102189781,5.8747775630496974,13.275958029197078,6.8291012520394245,86.00547445255475,0.08667883211678834
Los_Angeles,9,16.15419708029198,5.017172763697263,5.4103558394160585,3.786571852070471,67.01596715328468,0.06322992700729928
Riga,16,10.885675182481759,9.267714856342966,14.969981751824825,6.7479403284313575,68.29835766423358,0.13088503649635042
Hamburg,21,10.600912408759125,6.860341787807804,13.092381386861307,6.1024115056269,78.51505474452554,0.07249087591240878
Hamburg,11,11.609534671532845,7.282578034122157,14.501642335766423,6.91858021619592,74.72490875912409,0.10145985401459857
Izmir,16,23.521624087591245,8.844953719880198,14.258485401459856,5.770421524411343,44.268704379562045,0.1062043795620438
Tallinn,3,5.7148722627737225,7.381431400045034,13.264689781021895,6.087953664538357,86.62408759124088,0.07376824817518254
Cardiff,4,9.082892335766422,4.673314341947709,13.49662408759124,7.6012945106375,88.98950729927007,0.16094890510948912
Oulu,6,2.3381843065693433,9.006021971672073,11.830474452554745,5.457555585160456,88.15237226277372,0.0684762773722628
Antalya,13,24.605474452554752,8.425911825959549,10.912408759124089,5.862033988615564,42.97627737226277,0.13444343065693432
Antwerp,14,14.405520072992697,7.022282563341804,15.483804744525548,7.7055711104390685,67.2668795620438,0.14644160583941612
Hamburg,4,8.216104014598535,5.8498893687645435,12.341149635036494,6.021245979909764,87.37271897810218,0.093978102189781
Copenhagen,20,10.350958029197079,6.484472130948043,17.93175182481753,8.391842284062593,77.6154197080292,0.062408759124087596
Hamburg,5,8.043704379562039,5.808771956164324,12.377463503649638,6.020985918206323,87.93339416058394,0.07992700729927009
Hamburg,16,13.645437956204374,7.591181748420033,15.25287408759124,6.916694159657632,65.99589416058394,0.12728102189781024
Cardiff,2,9.401186131386858,4.734876807531577,13.4764598540146,7.504285260737173,87.9110401459854,0.13042883211678838
London,22,10.890419708029203,5.676336284660507,13.291970802919712,6.791012756660672,81.0757299270073,0.0676094890510949
Gdansk,6,7.855476451259587,6.735384795853337,14.493756845564082,7.548791750477449,84.48357064622125,0.0702081051478642
Brussels,13,14.05127737226278,7.0322156386438985,16.174087591240884,8.282282128145441,68.5287408759124,0.12103102189781022
Gdansk,15,12.31856516976999,8.34333925596545,17.524972617743703,7.805432644406913,67.39649507119387,0.1160460021905806
Los_Angeles,3,13.823722627737224,4.298676009820526,5.194343065693428,3.338776088078296,78.25045620437956,0.06332116788321168
Oulu,22,3.9017335766423336,9.674339748637712,11.851824817518242,5.72380476485566,83.44023722627738,0.0854470802919708
Seville,8,14.82983576642335,5.842906528869071,7.656204379562041,4.155536941890504,81.41605839416059,0.05748175182481753
Antwerp,19,13.63991788321168,7.2254152701562235,14.368339416058394,7.009655685062459,70.26505474452554,0.10812043795620441
Gdansk,21,9.44129244249726,7.418454831169478,14.461062431544356,7.534318252380569,79.38773274917854,0.07261774370208109
Antwerp,0,10.655155109489051,5.973504627064295,13.242791970802921,6.824149205196061,82.15602189781022,0.08727189781021899
Oulu,15,6.152281021897808,10.569912186518497,12.78640510948905,5.973262151944867,73.25456204379562,0.11350364963503654
Antalya,18,22.001094890510952,8.025210657874917,8.608211678832118,5.09136659247754,57.089416058394164,0.09603102189781024
Brussels,22,11.330656934306575,6.362768955309201,13.484717153284674,7.105906736960084,79.02828467153284,0.09762773722627742
Izmir,5,15.332299270072994,6.976406519738729,7.761587591240876,4.991964591837836,73.04425182481752,0.0718521897810219
Izmir,19,20.57198905109489,8.824176886860132,11.538640510948907,5.886358656512552,55.612226277372265,0.07084854014598539
Antalya,0,16.835538321167892,7.235125333844003,8.416423357664236,4.984863842715072,69.1044708029197,0.08216240875912412
Ghent,10,11.374270072992703,6.611143271032764,13.752417883211681,7.23228685522035,79.72034671532846,0.086815693430657
Paris,22,12.446624087591246,6.691778337295279,12.146395985401458,6.166607841605614,76.09443430656934,0.07741788321167883
Paris,10,11.606386861313874,6.726047333061387,12.468841240875912,6.88589075508657,79.46715328467154,0.08686131386861316
Oulu,20,4.771031021897811,10.204359385355401,12.031341240875907,5.890039742506239,79.94160583941606,0.09406934306569345
Antwerp,15,14.664735401459854,7.070190055737576,15.739324817518247,7.703034255509138,65.99270072992701,0.15994525547445262
Tallinn,5,5.421532846715328,7.272791922663421,13.337545620437954,6.144744278118318,87.89279197080292,0.09160583941605843
Nizhny_Novgorod,20,6.226505474452553,11.441195874783146,11.835948905109493,5.443213639637476,75.63001824817518,0.05501824817518249
Liverpool,1,9.608394160583941,4.642868018328847,13.919890510948902,7.89981000221358,85.37363138686132,0.11473540145985407
Liverpool,18,12.492427007299273,5.633801062986489,16.148083941605844,8.103293444767404,73.10766423357664,0.1227189781021898
Copenhagen,9,9.574224452554743,6.31747316742727,18.307025547445257,8.624521413152115,81.79470802919708,0.07495437956204382
Tallinn,1,5.9801551094890515,7.5367296800915335,13.42723540145985,6.189835163788758,85.06021897810218,0.06984489051094894
Brussels,1,10.082572992700726,5.946013560808812,13.439187956204375,7.060475020143433,83.55428832116789,0.07559306569343067
St_Petersburg,11,7.751824817518253,10.448461518626598,14.606660583941608,6.7851767030483705,73.97080291970804,0.08261861313868621
Copenhagen,22,9.587317518248174,6.085547424922432,17.59156021897811,8.629799714627383,80.50912408759125,0.058120437956204384
Oulu,8,3.1009124087591253,9.636057772282836,11.635583941605837,5.72659543111388,85.4219890510949,0.07541058394160585
Seville,9,15.450958029197073,6.441957187765918,7.6317062043795545,4.336004383221613,78.23585766423358,0.07988138686131388
Tallinn,9,7.05314781021898,8.501903518170076,13.998677007299266,6.428075761322387,82.21578467153284,0.08768248175182487
St_Petersburg,10,7.021167883211681,10.222259336719846,14.048631386861308,6.698774586812841,77.11724452554745,0.06783759124087599
Tallinn,7,5.891332116788328,7.708516729795473,13.638275547445252,6.236706124049675,86.70529197080292,0.09256386861313873
Tallinn,6,5.53763686131387,7.404003165512308,13.51993613138687,6.1606960340116,87.67381386861314,0.08800182481751831
Cardiff,19,12.181113138686136,5.77880332037548,15.065374087591236,7.866173612923134,77.50638686131387,0.16354927007299278
St_Petersburg,7,4.95022810218978,9.014149835403854,13.075273722627736,6.421566947486625,85.5469890510949,0.062454379562043826
Nizhny_Novgorod,22,5.223950729927007,10.852150501613323,11.76934306569343,5.322333946414736,79.45894160583941,0.05479014598540148
Tallinn,22,6.740191605839416,7.936033321716729,13.6598996350365,6.409460900576581,82.5323905109489,0.06993613138686137
Riga,0,7.279470802919706,7.710428373237617,12.919981751824816,6.150796529378138,83.25729927007299,0.0736313868613139
Hamburg,22,9.978330291970808,6.554969290910371,12.875912408759131,5.98581268716877,80.81523722627738,0.07116788321167888
Paris,0,11.363047445255472,6.277051974398833,11.957253649635039,6.260505717793437,80.05018248175182,0.06952554744525548
Liverpool,0,9.84712591240876,4.713968381037407,14.152372262773735,8.149286233644089,84.35720802919708,0.11117700729927013
Oulu,14,6.030520072992697,10.650840595413904,12.630656934306574,6.106301593300215,72.9639598540146,0.10291970802919714
Antalya,22,17.9731295620438,7.3821749657916635,7.556021897810217,4.912649146738887,68.84580291970804,0.09666970802919708
Tallinn,23,6.417335766423359,7.742744759644139,13.576961678832113,6.381941467096686,83.50912408759125,0.06149635036496355
Cardiff,9,10.567472627737226,5.381095550089744,14.84785583941606,7.926896996543696,83.62226277372262,0.136815693430657
London,1,9.870529197080291,5.213907961676193,12.535994525547432,6.677785609348703,85.6875,0.07828467153284674
Cardiff,5,8.953740875912409,4.646494206314994,13.536040145985401,7.745336572770642,89.40784671532846,0.15506386861313873
Seville,10,16.842244525547454,7.162840495240845,7.743156934306571,4.5717285207827345,72.06478102189782,0.08394160583941605
Cardiff,17,13.397673357664226,5.803954416679362,16.5470802919708,8.062368176211903,72.35538321167883,0.17874087591240884
Gdansk,18,11.079956188389925,8.175022647415158,16.246878422782032,7.448667333485695,72.65115005476451,0.09304490690032863
Riga,13,10.705246350364963,9.169047550512312,15.053558394160591,6.873947278250987,69.57664233576642,0.10921532846715333
St_Petersburg,3,4.7353102189781,8.594012727737516,12.577007299270077,6.176761900131723,86.38001824817518,0.0622262773722628
Izmir,6,15.054698905109486,6.87807859294008,7.878923357664235,4.988143233316054,73.91788321167883,0.07627737226277373
Riga,7,6.440100364963507,7.607253054253933,12.739142335766418,6.077393805466575,86.88503649635037,0.082801094890511
London,3,9.360812043795617,5.084008261858579,12.36843065693431,6.919398887783605,87.61405109489051,0.06250000000000001
Antalya,10,21.70524635036496,9.055686782723175,10.145301094890513,6.242408501399647,48.909671532846716,0.08302919708029198
Nizhny_Novgorod,8,5.34712591240876,11.453180582511262,12.168430656934309,5.87601454776301,80.15921532846716,0.07066605839416058
Los_Angeles,21,16.695346715328466,4.373092726938326,6.522308394160586,3.661771569433543,70.0720802919708,0.05241788321167883
Izmir,8,15.939552919708035,7.644856119331865,8.471989051094889,5.018225119860589,70.21806569343066,0.07842153284671532
Oulu,2,2.799726277372263,8.986704003830999,11.750684306569344,5.409264791405745,86.66651459854015,0.08125000000000006
Nizhny_Novgorod,4,3.4359032846715336,9.899319378092287,11.26943430656934,5.201552979602106,86.9698905109489,0.08006386861313873
Ghent,1,10.204653284671535,5.740472333273713,12.822125912408767,6.575038786912653,84.09306569343066,0.07057481751824819
Riga,11,9.405246350364965,9.010021543230632,14.220529197080285,6.765115644151659,75.11587591240875,0.09233576642335775
St_Petersburg,18,8.205155109489054,10.506307938692366,14.641377737226284,6.302516541829429,71.9037408759124,0.091058394160584
Riga,5,6.077919708029197,7.255282823681374,12.537728102189778,5.970618379747694,87.97627737226277,0.09028284671532852
Ghent,13,14.33426094890512,6.958000658536086,15.455291970802916,7.791076084274451,68.08029197080292,0.12335766423357664
St_Petersburg,19,7.688184306569343,10.285964256733482,14.221897810218987,6.177797324552984,74.2919708029197,0.0796532846715329
Copenhagen,4,8.497262773722628,5.659446954796819,17.172262773722625,8.449749808644162,85.46715328467154,0.07518248175182483
St_Petersburg,2,4.910355839416055,8.67984531582965,12.635812043795621,6.184074257328749,85.29151459854015,0.06687956204379565
Gdansk,2,8.158105147864184,6.76438234557724,13.839594742606787,7.325636997880631,83.61117196056955,0.05438116100766704
Liverpool,3,9.268886861313868,4.570365623994256,14.042472627737226,8.160153987412981,86.51505474452554,0.1372718978102191
Ghent,6,9.019708029197076,5.387395427314616,12.593658759124086,6.641614715736831,88.04333941605839,0.08024635036496353
Paris,13,14.97883211678832,7.242149869870319,14.489507299270075,7.511313805418475,65.97855839416059,0.089279197080292
Paris,17,16.014826642335763,7.503344397620541,14.562864963503651,6.9921086512043065,61.8882299270073,0.1289689781021898
Riga,10,8.553193430656933,8.789935472315966,13.686405109489051,6.6280441925554285,78.67746350364963,0.08074817518248181
Ghent,18,14.307162408759122,7.212014468435129,14.91231751824817,7.096932933591883,67.58120437956204,0.1161496350364964
Los_Angeles,20,17.691423357664235,4.5687036272801125,7.5366332116788355,4.0504265741679335,65.97718978102189,0.05132299270072994
Izmir,2,15.960812043795624,7.265055623056071,7.993658759124087,5.18934509703985,71.19434306569343,0.06104014598540145
Antwerp,2,10.063093065693431,5.759223516500677,13.058120437956205,6.658360408545005,84.32344890510949,0.07322080291970803
St_Petersburg,21,6.534260948905112,9.609945047546246,13.208941605839419,6.319106839425324,79.3882299270073,0.07805656934306575
St_Petersburg,22,6.041058394160584,9.273221428723991,12.997445255474457,6.279285953259912,81.1418795620438,0.08074817518248179
Los_Angeles,13,24.136268248175174,6.36924901636987,10.008120437956208,5.4095481392476055,40.893704379562045,0.05369525547445257
Paris,18,15.593613138686136,7.635070377749108,14.068613138686128,6.844458278119804,63.55155109489051,0.11268248175182481
Brussels,14,14.227919708029189,7.0639489886612505,15.797673357664237,7.890665993973227,67.5588503649635,0.11560218978102198
Dubai,9,28.70123175182481,6.664407346007177,12.117928832116792,6.641638889376412,51.11815693430657,0.012317518248175185
Dublin,8,9.204151459854014,4.595203789253741,14.912317518248177,8.029447384321312,86.12271897810218,0.11049270072992703
Sao_Paulo,21,18.07755474452555,3.4694293579820394,9.322445255474447,4.044558734874508,87.33622262773723,0.09949817518248179
Berlin,0,9.423038321167882,7.178534567839162,12.170620437956199,5.752869938679088,79.97080291970804,0.05333029197080292
Varna,7,11.439735401459854,7.540674099944639,10.874908759124091,5.754459306364431,79.70529197080292,0.06085766423357664
Dublin,7,8.739872262773725,4.375721113641671,14.591697080291976,8.01560176757942,87.63047445255475,0.11263686131386864
Dubai,1,25.496852189781027,5.474006802165573,9.880702554744525,5.369548915286875,72.00319343065694,0.008029197080291971
Toulouse,9,12.13079379562044,6.7782699559682325,10.934306569343066,6.945746596036393,84.00182481751825,0.08512773722627738
Toulouse,22,14.288366788321163,7.212614252832061,11.894844890510951,6.750379124443046,75.1345802919708,0.11888686131386865
Tartu,4,5.08777372262774,7.71942644588808,12.679562043795626,5.839227594845902,88.20164233576642,0.07760036496350364
Dubai,6,23.883029197080287,5.55979276701113,11.344023722627743,4.787236840136798,72.48859489051095,0.01510036496350365
Cork,18,12.272034671532854,4.894330950863372,15.527098540145992,6.887795063279387,76.5132299270073,0.16322992700729927
Dubai,18,29.448905109489054,5.516340498287388,15.918430656934309,5.286612156894595,57.894616788321166,0.009352189781021897
Varna,23,12.56031021897809,7.538531691178368,9.159397810218985,5.590017934173905,79.62043795620438,0.06195255474452558
Dubai,16,31.197080291970803,5.726875844978764,19.20634124087591,5.183126692254899,48.02235401459854,0.021852189781021897
Cork,14,13.155656934306554,4.6076717451448514,17.140009124087587,7.399080370152063,73.32162408759125,0.19520985401459845
Cork,20,11.033531021897808,4.696762991352418,13.89776459854014,6.6377294212485936,81.86450729927007,0.1458941605839416
Cork,5,8.877828467153286,4.132487669925091,13.194434306569347,6.878784617770895,90.82481751824818,0.15488138686131392
Toulouse,14,18.050045620437956,7.688079292714308,13.030565693430656,7.77021522752922,60.97399635036496,0.08471715328467158
Berlin,22,10.35802919708029,7.531825634739453,12.235583941605842,5.781534860723193,76.54014598540147,0.060401459854014586
Iasi,4,8.573996350364965,7.7215855573736025,9.102098540145988,4.48549212375784,81.76231751824818,0.06938868613138688
Tartu,18,9.122354014598542,9.703064412484714,14.518658759124095,6.2740839251148595,71.87363138686132,0.092198905109489
Berlin,1,9.043886861313863,7.041435624048751,12.084580291970804,5.779488069298379,81.41879562043796,0.05278284671532847
Tartu,19,8.622810218978103,9.569089124722545,13.907299270072997,6.241238979111156,74.31706204379562,0.08074817518248174
Varna,20,13.866058394160587,7.972839412633778,9.8827098540146,5.531363408034425,75.8485401459854,0.06989051094890512
Sao_Paulo,14,24.562499999999996,4.185142348414777,12.902737226277374,6.20059638393726,55.8617700729927,0.33052007299270036
Poznan,6,7.578832116788324,6.8755567488843194,11.749635036496354,5.482557700166879,86.35720802919708,0.07034671532846717
Cork,22,9.944023722627735,4.2541853481201235,13.117974452554746,6.740234303750279,86.57344890510949,0.13950729927007302
Dubai,20,28.28599452554744,5.366591212947865,11.904790145985404,5.5870342706426985,63.98996350364963,0.006478102189781022
Istanbul,17,17.93950729927008,7.8664746487424555,17.633211678832115,8.63774798095343,63.315693430656935,0.07513686131386864
Dubai,15,31.928740875912418,5.908806805623941,19.779470802919707,5.519553069064036,44.51459854014598,0.012271897810218977
Berlin,23,9.847445255474451,7.334569731189721,12.206523722627736,5.722237033984346,78.43202554744525,0.05761861313868613
Sao_Paulo,23,17.498083941605838,3.3167976252386917,8.958211678832116,4.189000843245395,88.72673357664233,0.1348996350364964
Dublin,10,10.577417883211677,4.998743437961823,15.788959854014605,8.017521684470939,80.51824817518248,0.12239963503649641
Tartu,8,5.98613138686131,8.500076472772234,13.310857664233573,6.22804062277219,85.73996350364963,0.07326642335766426
Toulouse,15,18.68188868613138,7.820103963936344,13.341788321167881,7.698628333960215,58.394160583941606,0.08156934306569345
Poznan,11,11.91304744525547,8.645459200331887,13.73138686131387,6.425876224340448,69.6742700729927,0.07449817518248177
Tartu,15,9.842791970802917,9.69754861610053,15.289096715328482,6.5425514283674255,68.92837591240875,0.10629562043795615
Dublin,22,9.773813868613141,4.585536611315956,13.94502737226277,7.865426364952565,83.56888686131387,0.10574817518248177
Iasi,23,10.216332116788323,8.550173429962504,9.46979927007299,4.632994439539571,74.72536496350365,0.06820255474452558
Tartu,20,8.014552919708027,9.292402184951557,13.359762773722627,6.204960805826656,77.20529197080292,0.08485401459854014
Berlin,6,8.00191605839416,6.577979111997837,12.133211678832119,5.816967979268124,86.38229927007299,0.06587591240875913
Iasi,17,15.146989051094886,9.828542905708618,10.575,5.488268472488096,57.5889598540146,0.09616788321167886
Sao_Paulo,3,16.333394160583936,3.262849509648442,8.675182481751827,4.164904659194105,91.25045620437956,0.06911496350364964
Dublin,11,11.355885036496352,5.020503105262857,16.344799270072993,7.978901912179407,77.10173357664233,0.12376824817518256
Poznan,18,12.71195255474452,9.020087801897068,12.868020072992705,5.86558039861788,66.24954379562044,0.09069343065693433
Dublin,5,8.540510948905107,4.25649141152046,14.44192518248175,8.063040557863948,87.96122262773723,0.11902372262773726
Berlin,17,13.95305656934307,8.727656339256754,14.105018248175183,6.5876336298622205,62.67198905109489,0.09274635036496352
Iasi,15,15.712636861313872,9.5987580960869,11.576505474452556,5.930101754196374,55.15054744525548,0.07810218978102193
Sao_Paulo,18,20.362408759124087,3.860171380411587,11.88184306569343,4.693456477682796,77.23494525547446,0.193065693430657
Varna,15,17.236906934306575,8.208519475543744,13.914872262773725,5.671487986090877,60.448905109489054,0.0973996350364964
Poznan,15,13.812545620437959,8.865521628995864,14.707162408759126,6.533477233484989,61.56341240875913,0.10118613138686135
Iasi,19,13.293795620437951,9.885855064725853,9.265054744525544,4.862481443081649,65.19434306569343,0.07395072992700734
Iasi,12,14.25082116788321,9.478471571549823,10.844206204379557,5.991150724261537,60.64279197080292,0.07376824817518253
Cork,6,8.841377737226274,4.141374160318338,13.147171532846713,6.8672494991762125,90.97445255474453,0.14831204379562044
Sao_Paulo,16,23.239370437956207,4.037086875298299,13.941149635036494,5.891893428357143,62.54698905109489,0.3208485401459852
Dubai,11,32.26026459854015,6.7074333257591015,12.849589416058386,7.260159303551846,39.27919708029197,0.013047445255474454
Berlin,12,13.062500000000004,8.33710444871433,14.964781021897812,7.009262994730426,66.84717153284672,0.07030109489051098
Istanbul,18,17.146852189781033,7.814741020400684,17.06564781021898,8.469951809269682,66.75136861313868,0.07052919708029198
Cork,15,13.255976277372275,4.645170522037606,17.173631386861306,7.256066125372195,72.69023722627738,0.18362226277372265
Iasi,10,11.718339416058393,9.257898369782847,9.768339416058396,5.606741180996913,70.8617700729927,0.061313868613138714
Varna,13,17.17331204379562,8.45558343710125,13.280885036496354,5.782852454598151,59.60173357664234,0.09639598540145988
Sao_Paulo,10,21.74703467153285,4.107111127038386,11.519297445255475,6.052425524706254,67.73129562043796,0.10401459854014607
Poznan,21,10.362773722627738,7.964527195256655,11.639461678832115,5.456491390554832,75.26824817518248,0.05693430656934308
Iasi,18,14.321487226277375,10.007041289876343,9.862089416058389,5.074885120120105,60.931569343065696,0.08307481751824822
Istanbul,1,14.010994525547448,6.650525970076015,12.923905109489054,6.900763204414864,81.40830291970804,0.06332116788321168
Cork,2,9.175866788321168,4.081176153013063,13.111587591240871,6.92409935205612,90.06432481751825,0.14758211678832117
Berlin,5,8.022764598540146,6.510095872108926,12.009352189781021,5.8271895425196,86.22536496350365,0.061952554744525566
Iasi,11,13.083804744525544,9.392992791793613,10.348585766423362,5.840508987899456,65.37819343065694,0.06605839416058396
Varna,1,12.025501824817523,7.403367572528257,9.32043795620438,5.563580650758168,80.10401459854015,0.059717153284671545
Istanbul,22,14.6543795620438,6.921248279950491,14.051961678832116,7.008569819839955,78.69251824817518,0.06341240875912409
Berlin,20,11.820118613138687,8.280390487299718,12.369297445255478,5.986149528615511,71.48403284671532,0.072992700729927
Berlin,8,8.985492700729926,7.335701967342078,12.65022810218978,6.121444743972937,82.8845802919708,0.06500912408759124
Cork,8,9.452144160583945,4.433672136974708,13.553421532846706,6.9951830051433745,88.86313868613139,0.13987226277372267
Dubai,8,26.273540145985404,6.534168359611056,11.700547445255468,5.5272793197662375,60.24178832116788,0.008987226277372263
Istanbul,12,18.072080291970796,7.870472155799267,16.843841240875918,8.680987395036635,62.65419708029197,0.08572080291970809
Tartu,7,5.422855839416059,8.108162149211305,13.094936131386854,6.06045587543549,87.58257299270073,0.07381386861313871
Sao_Paulo,13,24.553375912408757,4.188159780280736,12.32180656934307,6.418356321975988,55.674726277372265,0.22572992700729938
Cork,1,9.342746350364969,4.0810638321727755,13.120437956204373,6.8017087947313595,89.36085766423358,0.1268704379562044
Poznan,19,11.955611313868612,8.817157638279724,12.079151459854014,5.649924054118341,69.38093065693431,0.0800182481751825
Tartu,14,9.810994525547452,9.642626179168655,15.38526459854015,6.678353693396289,69.17153284671532,0.10346715328467147
Poznan,2,8.363549270072992,7.083971067952802,11.543613138686132,5.440409119241784,83.13686131386861,0.04822080291970803
Dublin,16,12.80141423357664,5.10452433605148,16.87992700729927,7.7643810061776515,70.79105839416059,0.12477189781021908
Iasi,5,8.26240875912409,7.634487871353986,8.970301094890509,4.546865176223271,82.96122262773723,0.06437043795620441
Berlin,15,14.255200729927008,8.478887806503339,14.895574817518245,6.79313447398329,61.8293795620438,0.1087135036496351
Toulouse,18,18.22363138686131,8.103584184113215,13.24990875912409,7.290430006925162,60.21122262773723,0.11838503649635042
Dublin,23,9.454653284671535,4.484703579556174,14.01879562043795,7.903619724912072,84.73357664233576,0.1057025547445256
Poznan,7,7.962910583941606,7.231176310316842,11.834306569343061,5.575640609744346,85.13503649635037,0.06496350364963505
Tartu,9,6.71131386861314,8.898245700570522,13.612454379562045,6.385549280565555,83.01277372262774,0.0770529197080292
Sao_Paulo,12,24.073175182481766,4.168024086247245,12.131067518248173,6.478608352165049,57.59352189781022,0.1386405109489052
Dublin,12,12.037910583941605,5.0114974896037,16.776779197080298,8.118691296138506,74.11131386861314,0.11838503649635045
Tartu,11,8.292883211678829,9.435887798114889,14.495620437956195,6.5343566948072525,76.08166058394161,0.08225364963503651
Tartu,6,5.085629562043793,7.816736404646062,12.954927007299279,6.0100010513558635,88.45209854014598,0.07071167883211683
Cork,19,11.680155109489055,4.847942848448909,14.665145985401459,6.664909681679154,79.02417883211679,0.1487682481751825
Poznan,22,9.79375,7.6958880582735185,11.742883211678832,5.414312766880891,77.26961678832117,0.05552007299270074
Dublin,13,12.46592153284672,4.992097101681508,17.05346715328467,7.996311725372319,72.73083941605839,0.13809306569343074
Berlin,14,14.005200729927012,8.407579026131032,14.920346715328463,6.861168507560187,62.943430656934304,0.09352189781021902
Cork,13,12.909215328467154,4.587061052184681,16.823722627737222,7.419470186426052,74.51961678832117,0.16167883211678835
Novi_Sad,16,16.889142335766422,9.214850732619587,10.585538321167881,5.4830168715816345,57.08257299270073,0.08398722627737228
Zaragoza,23,16.007892335766424,7.870353336684955,13.655109489051092,7.510939010934667,63.17153284671533,0.04397810218978102
Nairobi,17,23.22486313868613,2.2089146547682676,11.669114963503649,4.00886620546537,48.79744525547445,0.10720802919708039
Tampere,5,4.361724452554745,7.845008142308342,12.02189781021898,5.114880560832184,90.83713503649635,0.09283759124087596
Stockholm,20,7.988321167883212,8.070603016768107,11.77983576642336,5.035745740446616,78.12363138686132,0.06573905109489052
Stockholm,9,7.802189781021898,8.221545802104815,11.904607664233579,5.604113678755461,79.1382299270073,0.06236313868613139
Leipzig,0,9.632025547445261,7.102777203402391,11.688138686131387,5.524054349096792,79.06295620437956,0.05802919708029197
Zaragoza,16,22.047399635036502,8.764849437301633,14.315556569343068,8.642295120920748,42.137317518248175,0.06017335766423358
Uppsala,14,10.18357664233576,8.852554800672834,13.417472627737231,6.008166540215848,66.99498175182482,0.09060218978102193
Belgrade,22,12.476687956204374,8.442161765697918,10.089963503649637,5.180470083516297,74.75273722627738,0.07340328467153284
Zaragoza,3,13.877782846715322,6.663321130056808,13.146076642335768,7.184119177181761,72.40784671532846,0.04890510948905111
Stockholm,8,6.972947080291969,7.8535071474322935,11.615328467153285,5.500712578357086,82.78284671532846,0.06947992700729927
Leipzig,3,8.700182481751826,6.646521515434819,11.54000912408759,5.561701583982476,83.5205291970803,0.07682481751824821
Belgrade,19,14.611906934306571,9.405360329848254,9.64324817518248,5.268367061851255,68.39416058394161,0.0718978102189781
Stockholm,18,9.327737226277371,8.611886470398014,12.585629562043799,5.1626806273726125,72.02691605839416,0.08599452554744529
Tampere,22,5.939370437956204,8.711026716684318,12.389005474452553,5.231410985576995,83.37043795620438,0.08166058394160587
Nairobi,8,16.612408759124094,1.3632997666148603,5.887636861313869,3.0117338577948525,81.55200729927007,0.08467153284671539
Novi_Sad,9,12.611450729927007,8.780567071393717,9.513047445255475,5.49659895853229,74.07527372262774,0.0655565693430657
Belgrade,23,12.02262773722628,8.26710576495774,10.100364963503647,5.172947735465815,76.24908759124088,0.07349452554744526
Belgrade,1,11.252965328467154,7.986406202863462,9.970118613138686,5.148805002830318,78.8654197080292,0.07983576642335768
Uppsala,19,8.563914233576641,8.853208698086991,12.108074817518242,5.3560029186082065,73.85127737226277,0.07431569343065698
Nairobi,6,14.62299270072993,1.5823278335527664,5.439233576642335,2.2733695249544614,90.22627737226277,0.10907846715328465
Novi_Sad,19,14.100593065693435,9.164477320562918,8.556979927007298,4.856663549590307,70.0036496350365,0.06847627737226278
Novi_Sad,1,11.150091240875916,7.910321181056576,9.135492700729925,4.936780552319823,77.23631386861314,0.05958029197080293
Zaragoza,7,12.423585766423354,6.151958667214858,12.323448905109496,6.993160077634305,77.17107664233576,0.047536496350364964
Novi_Sad,14,16.949908759124085,9.082304831906754,10.839096715328465,5.682082443144197,56.802919708029194,0.07627737226277374
Belgrade,21,12.982071167883214,8.634109313161861,10.04265510948905,5.15277956687837,73.15419708029196,0.07162408759124089
Uppsala,8,6.323996350364962,7.994684958265256,11.838731751824813,5.664414919706801,83.03421532846716,0.06660583941605841
Stockholm,19,8.666195255474452,8.405355301780505,12.117198905109488,5.091150070225041,75.00729927007299,0.07075729927007302
Uppsala,6,5.110994525547443,7.22472632593652,11.702600364963502,5.319245698024008,87.58257299270073,0.06423357664233578
Stockholm,5,5.46920620437956,6.857209987175063,11.33074817518248,5.1001180203539755,88.64735401459853,0.06272810218978102
Zaragoza,1,14.563275547445254,7.141475520285161,13.516879562043794,7.335355927270149,69.04014598540147,0.042837591240875925
Tampere,19,7.652052919708027,9.688409623951202,12.939233576642339,5.583173271962801,74.84580291970804,0.09566605839416066
Uppsala,9,7.192563868613137,8.390230044327776,12.111040145985402,5.799172607711671,79.44479927007299,0.0723540145985402
Nairobi,12,23.292062043795614,2.263421542435145,9.920118613138676,3.9562280262738025,51.28193430656934,0.0928375912408761
Tampere,6,4.442883211678832,7.989051984451615,12.133166058394162,5.115278071857009,90.51459854014598,0.08111313868613143
Leipzig,10,11.035766423357664,7.922590337743253,12.554379562043797,6.467698694767751,74.92244525547446,0.06719890510948906
Stockholm,14,10.531432481751825,8.608061040673842,13.483895985401462,5.593854680889591,66.94160583941606,0.10086678832116794
Leipzig,7,8.35401459854015,6.763829239058339,11.720848540145981,5.638383048855484,85.10173357664233,0.06884124087591242
Nairobi,18,21.818521897810218,2.047755727467074,10.453558394160588,4.223781978940857,54.948905109489054,0.13020072992700737
Nairobi,20,18.78699817518249,1.7046529938079364,8.22769160583941,3.0951891469758475,69.22171532846716,0.09324817518248182
Uppsala,21,7.151551094890509,8.086234640148348,11.867837591240876,5.172721103085582,79.54242700729927,0.0583941605839416
Belgrade,7,10.614689781021895,8.027656638402352,10.063184306569342,5.413130366265135,82.28193430656934,0.0676551094890511
Zaragoza,6,12.698722627737235,6.21322540865144,12.502372262773719,7.093450919293395,76.31432481751825,0.03781934306569344
Leipzig,21,11.135127737226277,7.714028285466042,11.707664233576642,5.636993577747077,73.5337591240876,0.08517335766423359
Uppsala,12,9.694479927007302,8.924775212868717,13.184854014598542,6.125535852575577,68.32983576642336,0.07189781021897813
Zaragoza,0,15.227372262773716,7.482451634152538,13.630976277372259,7.471466083455363,66.41058394160584,0.04078467153284672
Zaragoza,22,16.87915145985401,8.256812387879066,13.739689781021898,7.588470048463447,59.63275547445255,0.054881386861313886
Belgrade,9,12.842837591240878,8.937233015872481,10.218841240875914,5.92676559079332,74.25775547445255,0.07203467153284673
Nairobi,22,17.249863138686138,1.4405517666811483,7.1109945255474445,2.7133142851185763,77.50273722627738,0.0746806569343066
Stockholm,1,6.004105839416056,7.051074771277348,11.367518248175184,4.970817958107823,86.2294708029197,0.06190693430656935
Nairobi,11,22.002919708029196,2.082922817607903,9.253330291970805,3.99178044629046,56.5228102189781,0.09114963503649649
Nairobi,23,16.715556569343057,1.3836001566279887,6.890739051094887,2.5379692664801925,80.17016423357664,0.07130474452554748
Zaragoza,21,17.979698905109494,8.804802084892096,13.676551094890511,7.6789015694747675,55.66514598540146,0.051186131386861324
Nairobi,3,15.31181569343066,1.4722449648982534,5.908576642335767,2.3035165266313484,87.17700729927007,0.07062043795620447
Stockholm,7,6.250638686131386,7.440147888046418,11.401003649635037,5.381717525088122,85.82071167883211,0.06523722627737227
Stockholm,0,6.214872262773724,7.11436456026887,11.443704379562043,4.9300369026459085,85.44571167883211,0.06815693430656937
Stockholm,21,7.325638686131387,7.688250832917012,11.698950729927004,4.9702422365371675,80.81797445255475,0.05625000000000001
Zaragoza,9,13.297445255474443,6.930481086747233,12.655109489051092,7.251179817872987,72.96715328467154,0.043020072992700734
Belgrade,4,10.395802919708029,7.518319066275332,9.87413321167883,5.3180858521258045,82.72992700729927,0.08649635036496355
Nairobi,16,24.01145072992701,2.3308717893413275,11.562773722627735,3.9334527273927806,46.340328467153284,0.11163321167883221
Nairobi,0,16.26770072992701,1.3561317062817593,6.65054744525547,2.3395961904953637,82.34671532846716,0.07135036496350375
Belgrade,17,16.77367700729927,9.655759335481498,10.278193430656932,5.70453060257398,59.002737226277375,0.08047445255474456
Tampere,23,5.512500000000001,8.4558821643062,12.347536496350363,5.1566207811815055,85.20620437956204,0.07864963503649637
Novi_Sad,13,16.774589416058394,8.996126623023319,10.724361313868613,5.808948977846181,58.0853102189781,0.06441605839416059
Stockholm,13,10.555428832116794,8.682541367550348,13.52874087591241,5.669275868650217,66.37636861313868,0.079014598540146
Uppsala,10,8.098220802919705,8.684855772582905,12.468430656934311,5.9189696283379085,75.5095802919708,0.06642335766423363
Zaragoza,17,22.124863138686127,8.925955745431057,14.571395985401463,8.573312495300417,41.79151459854015,0.04562043795620439
Leipzig,1,9.232390510948903,6.963405037019963,11.637591240875908,5.498676762184232,80.75547445255475,0.058622262773722615
Uppsala,16,10.062499999999998,9.068121358129755,13.174589416058398,5.79230019092709,67.46441605839416,0.1143704379562044
Tampere,21,6.4911952554744525,9.072864434169468,12.505018248175181,5.376216060807351,80.99589416058394,0.07915145985401463
Stockholm,16,10.307390510948903,8.715799308570409,13.373403284671536,5.470473393335477,67.8293795620438,0.10483576642335773
Uppsala,20,7.8569799270072975,8.499784764024362,11.84023722627737,5.3328897374178865,76.99224452554745,0.06920620437956207
Nairobi,14,24.787636861313867,2.356384740574979,11.11487226277372,3.9476084634451056,45.26049270072993,0.1141879562043797
Leipzig,15,14.513959854014594,8.412554809609084,14.089826642335767,7.017859564579033,60.38321167883212,0.10688868613138694
Zaragoza,12,18.024406934306576,7.9024715852763325,13.531295620437962,8.147628987052107,55.2103102189781,0.03622262773722627
Novi_Sad,23,11.785538321167886,8.087098649473004,9.194525547445256,4.954277218700061,75.44571167883211,0.05898722627737227
Uppsala,13,10.1930200729927,8.953485541120855,13.380930656934312,6.070794233838177,66.13731751824818,0.08385036496350373
Limerick,8,9.197582116788322,4.482020330844822,12.620894160583942,6.797684756588246,89.17609489051095,0.14657846715328482
Leeds,14,12.775775547445255,5.745414446877966,17.403968978102192,7.89929066455621,69.69251824817518,0.1343978102189782
Gothenburg,17,10.383074817518253,7.3932254036612965,15.264781021897807,6.864690846466983,74.17974452554745,0.13371350364963513
Thessaloniki,14,20.855155109489047,8.463529883351386,9.20716240875912,5.570327003479062,51.973083941605836,0.08325729927007301
Rome,23,15.132527372262773,6.8824839618650655,7.702189781021898,5.007752524252612,80.93293795620438,0.07979014598540146
Galway,17,12.831432481751822,4.76769347759547,18.34475364963504,8.816754093555135,73.70483576642336,0.16569343065693432
Seoul,5,8.893704379562044,10.636482371699199,7.623768248175184,4.514997154333283,83.1779197080292,0.1792883211678832
Vilnius,9,7.390237226277368,8.622498011922405,13.128512773722619,6.175863560082364,83.01824817518248,0.08070255474452559
Leeds,3,8.22755474452555,4.683448023817341,13.414096715328466,7.26598379424099,88.16605839416059,0.0984945255474453
Malmo,20,10.348996350364969,6.530555845367361,18.531751824817523,8.699582925233985,77.55428832116789,0.06989051094890512
Thessaloniki,11,18.139096715328467,8.668320520917126,7.74703467153285,5.800414719641861,62.115419708029194,0.06829379562043798
Mexico_City,21,17.016833941605835,2.8884627700024037,9.354881386861315,5.078904013976444,61.13412408759124,0.1609489051094891
Seoul,20,11.763822992700733,10.715028692155718,9.292107664233576,4.782292449149064,74.06341240875912,0.17723540145985403
Malmo,11,10.738959854014599,6.726400937371526,19.315602189781018,9.039381519707856,76.27509124087591,0.09895072992700736
Vilnius,7,5.9987226277372265,7.717440887307832,12.740374087591238,5.8121905950442665,87.86724452554745,0.07796532846715333
Bratislava,23,10.511268248175181,7.887692742074094,11.714005474452556,5.8480617795803385,76.85492700729927,0.07185218978102192
Mexico_City,0,14.550319343065688,2.63289236706506,6.35515510948905,3.780875133076156,71.30428832116789,0.0761405109489051
Bratislava,7,9.011313868613136,7.509274941010545,12.323494525547451,5.99422816982004,83.16195255474453,0.06838503649635039
Galway,0,9.824863138686132,4.0707949470729154,15.091651459854019,8.204173922446794,86.67381386861314,0.1623175182481752
Seoul,23,10.579744525547447,10.586241440220459,7.983759124087592,4.613109226355319,79.04835766423358,0.18836678832116788
Bratislava,13,15.236541970802916,8.942953313129381,14.39352189781022,7.621372935841605,58.879105839416056,0.06564781021897813
Mexico_City,12,22.012864963503638,2.957714866020056,5.339233576642335,3.9212842367006693,39.230839416058394,0.044662408759124105
Wroclaw,2,8.601733576642335,7.054281077541023,10.94329379562043,5.523568085046066,82.55702554744525,0.06897810218978104
Nice,7,13.421122262773723,6.1570460369454025,8.463731751824819,4.2461724206149585,71.58941605839416,0.08494525547445256
Seoul,1,9.914051094890512,10.566417856568771,7.8313868613138675,4.724493630612361,80.79333941605839,0.15656934306569345
Leeds,17,12.427737226277374,6.0281165942949855,16.689644160583942,7.720026619759022,70.95529197080292,0.1231751824817519
Galway,13,12.676824817518247,4.536558867988463,18.54251824817518,8.963658492679064,75.21122262773723,0.1736313868613138
Thessaloniki,18,19.705200729927,8.657899538768296,9.410310218978102,5.345919287657321,57.50136861313869,0.08079379562043797
Seoul,16,16.22522810218978,10.490957939455544,12.628056569343068,6.3641842328603255,55.00091240875913,0.17226277372262774
Thessaloniki,10,16.585447080291967,8.722460495643729,7.6601277372262775,5.630757418216438,68.20939781021897,0.07335766423357667
Nice,23,15.044936131386862,6.521051952860951,6.5238594890510955,4.1665904106121285,76.45346715328468,0.06820255474452555
Bratislava,9,10.876551094890512,8.426066755637521,12.887135036496352,6.60404344862335,75.92518248175182,0.06204379562043797
Vilnius,15,11.1598996350365,9.591023615478212,14.985310218978103,6.651441472342364,65.76779197080292,0.13334854014598546
Bratislava,5,8.75009124087591,7.060620344190568,11.899817518248176,5.933180336315748,84.14370437956204,0.07125912408759126
Gothenburg,16,10.740784671532852,7.3342712864797255,15.693886861313873,6.928063505488067,72.69799270072993,0.14511861313868626
Malmo,4,8.64397810218978,5.750821603474816,17.7033302919708,8.960168099076094,84.56478102189782,0.082801094890511
Turku,19,8.141149635036493,9.259879160844692,13.211952554744524,5.786509391424596,75.55200729927007,0.09078467153284678
Bratislava,12,14.438229927007301,8.870159213811988,14.027691605839424,7.475143936326112,62.02874087591241,0.06345802919708031
Yekaterinburg,13,6.306660583941607,13.534967860227669,13.980246350364968,6.221162579216795,62.07116788321168,0.0673813868613139
Chisinau,15,16.30063868613139,9.994388637995943,13.005474452554747,6.03834447293196,51.99771897810219,0.08941605839416063
Malmo,5,8.561496350364965,5.729640210999222,17.71879562043795,8.985681231451649,84.86952554744525,0.08316605839416062
Vilnius,16,11.15191605839416,9.654235772392989,14.84087591240876,6.564054276378606,65.74908759124088,0.1413321167883212
Gothenburg,0,7.389644160583941,6.349751211535802,13.418978102189776,7.012502706491972,86.74543795620438,0.10898722627737228
Mexico_City,4,12.22135036496351,2.575053300279187,4.906706204379561,2.894426522161746,79.67883211678833,0.044662408759124105
Chisinau,19,13.840054744525549,10.198500064079028,10.490465328467153,4.98156302859196,61.69388686131387,0.060447080291970816
Thessaloniki,3,13.865237226277372,7.353362202476116,7.473722627737225,5.1586507892987195,81.23768248175182,0.08654197080291971
Malmo,9,9.625456204379566,6.418643669484794,18.682162408759126,9.041218876475309,81.06432481751825,0.08540145985401465
Turku,16,9.452554744525548,9.376736551619674,14.332572992700731,6.099679914996653,70.50136861313868,0.1389142335766424
Bratislava,1,9.75355839416059,7.591937405944293,11.851003649635036,5.881075242056094,79.63366788321167,0.07563868613138688
Rome,17,20.76286496350365,7.507079792713152,11.804562043795624,5.964758605439135,57.78877737226277,0.12395072992700731
Nice,21,16.126824817518248,6.5537033928146595,6.130930656934305,4.458466113230037,74.83348540145985,0.07796532846715329
Yekaterinburg,5,0.9381843065693433,11.159217289842783,11.904790145985396,5.082742106623207,83.09306569343066,0.05734489051094892
Nice,3,14.061998175182483,6.058131766194392,7.886313868613135,4.494073861253892,74.85082116788321,0.07796532846715327
Thessaloniki,17,20.62691605839417,8.481816993593092,9.852235401459856,5.653587618945994,53.49543795620438,0.07504562043795623
Mexico_City,7,11.64566605839416,3.0021853312076927,4.586952554744524,2.6479642502307486,81.78786496350365,0.04032846715328468
Mexico_City,19,19.415556569343064,3.2122255850158323,12.174270072992703,5.826098007870692,50.24224452554745,0.3068430656934306
Yekaterinburg,18,5.9687956204379535,13.586575609629655,13.184945255474451,5.50670158055811,63.38001824817518,0.04598540145985401
Leeds,2,8.417518248175181,4.7205807734380745,13.36774635036496,7.241375035126112,87.56386861313868,0.10072992700729931
Seoul,18,13.93170620437956,11.026317350437061,10.873403284671532,5.343609047278636,65.51186131386861,0.16135948905109487
Seoul,21,11.07349452554745,10.646809616607841,8.624041970802919,4.458257278240698,77.18111313868613,0.14968065693430657
Nice,22,15.536952554744529,6.552545985865397,6.212135036496347,4.231034263547205,75.98266423357664,0.06464416058394161
Turku,1,5.304425182481752,7.797934373929094,11.378877737226274,5.534325567625027,87.28467153284672,0.0820711678832117
Yekaterinburg,2,1.6079835766423345,11.353770362957563,11.95059306569343,4.997766695621947,80.40328467153284,0.05775547445255475
Yekaterinburg,12,5.682481751824816,13.557143917844947,13.745118613138686,6.151632859756969,64.36952554744525,0.05734489051094892
Limerick,3,8.888412408759125,4.23376948483796,12.421167883211679,6.711473646497523,90.0168795620438,0.1709854014598541
Mexico_City,6,11.49384124087591,2.697176952462423,4.796989051094888,2.7584301000659583,82.41970802919708,0.020757299270072995
Rome,7,13.06929744525548,6.77561080217963,8.257071167883215,4.523508773947177,83.59397810218978,0.11802007299270077
Leeds,18,11.91300182481752,6.044260886273733,16.093613138686134,7.587309860496559,73.16925182481752,0.1004562043795621
Thessaloniki,1,14.278375912408757,7.646401474425763,6.450273722627738,4.858938501078652,80.32618613138686,0.08827554744525548
Rome,3,13.773357664233574,6.568744856185591,7.6456204379562065,4.75684991959549,84.17563868613139,0.12664233576642334
Mexico_City,20,18.067290145985403,2.999988186761097,10.719662408759124,5.248867324736776,56.393704379562045,0.25314781021897803
Leeds,4,8.07226277372263,4.646937399140433,13.430428832116789,7.416135725527905,88.61906934306569,0.1068430656934307
Galway,3,9.437500000000002,3.989303217895142,15.056934306569344,8.646498820468828,88.2367700729927,0.1833485401459854
Galway,18,12.413047445255469,4.845622549556767,17.666788321167875,8.615683696815335,75.36678832116789,0.17892335766423353
Seoul,4,9.09338503649635,10.62199895240433,7.684260948905112,4.544103416189263,82.84580291970804,0.16760948905109493
Rome,21,16.309762773722635,7.060693747863218,8.332162408759121,4.833942752368217,76.77326642335767,0.06724452554744527
Bratislava,20,12.317472627737224,8.74954366152685,11.682846715328468,5.987913241819281,70.56751824817518,0.06505474452554746
Nice,5,13.55606751824817,5.97155662280102,8.119206204379564,4.398220742013696,73.59945255474453,0.08015510948905111
Leeds,1,8.586998175182485,4.8153328176914085,13.347262773722626,7.103256289961484,87.11861313868613,0.08768248175182485
Chisinau,21,11.792837591240877,9.255279065223434,10.076642335766422,4.574577223314036,68.75684306569343,0.06113138686131387
Wroclaw,1,8.709625912408763,7.212598228481809,10.908394160583946,5.457831607388378,81.47536496350365,0.06309306569343068
Nice,6,13.346076642335765,5.950452895907926,8.229653284671532,4.372166881413646,72.9087591240876,0.07974452554744527
Chisinau,0,10.062773722627737,8.558085751907358,9.871715328467152,4.263167715823321,75.19662408759125,0.050364963503649635
Bratislava,17,14.978923357664238,9.36366259571302,13.496259124087599,6.8325792607252565,59.84352189781022,0.08594890510948908
Leeds,19,11.302144160583943,5.926849840257235,15.332390510948908,7.477804072948861,75.93020072992701,0.09174270072992706
Nice,1,14.172901459854012,6.315507648148172,7.269571167883211,4.162851096860369,76.71167883211679,0.0800182481751825
Galway,2,9.554014598540146,4.006651513915698,15.127189781021903,8.664493915408777,87.8485401459854,0.18836678832116788
Vilnius,14,11.072855839416057,9.508317119344023,15.308622262773715,6.866845549098751,66.4639598540146,0.1268248175182482
Leeds,21,9.975912408759125,5.355932236411569,14.180839416058395,7.296818963154233,81.60264598540147,0.09060218978102193
Yekaterinburg,15,6.875547445255472,13.483585526837665,14.121213503649635,6.143133133624495,60.261405109489054,0.0666058394160584
Malmo,0,9.25766423357664,5.999868827140455,17.986131386861317,8.982961161789188,81.86405109489051,0.07308394160583945
Thessaloniki,8,13.670711678832113,7.84831086461021,7.61072080291971,4.914040561720313,80.43521897810218,0.08950729927007302
Seoul,14,16.570301094890514,10.443779998972852,12.124498175182486,6.582867631701289,53.3918795620438,0.1711678832116789
Limerick,11,11.433302919708026,4.86131671692039,14.498448905109488,7.09775051714241,80.49908759124088,0.16756386861313882
Limerick,4,8.764552919708027,4.224648703624665,12.388001824817522,6.722452092775293,90.41468978102189,0.17239963503649638
Limerick,10,10.57376824817518,4.867958075597369,13.751596715328471,6.986717345496286,83.90419708029196,0.16409671532846737
Wroclaw,3,8.251870437956201,6.845393508903701,10.942016423357664,5.6019809810139956,84.01459854014598,0.0988138686131387
Turku,13,9.366514598540146,9.34394324121705,14.233257299270074,6.383751965494323,70.49908759124088,0.10561131386861322
Vilnius,19,9.83179744525547,9.520548621811479,13.399680656934304,6.045099398275779,72.07709854014598,0.09169708029197078
Bratislava,4,8.999178832116788,7.125652532736705,11.738914233576644,5.945915934587006,83.27098540145985,0.08494525547445259
Turku,14,9.65579379562044,9.313001037496779,14.50602189781022,6.39851650534472,69.14872262773723,0.12112226277372273
Turku,15,9.548859489051097,9.268732426720446,14.394114963503648,6.210594960920585,69.9712591240876,0.1294708029197081
Turku,0,5.56044708029197,7.906814673731652,11.473448905109487,5.634556073729702,86.28877737226277,0.079014598540146
Seoul,11,14.342381386861318,10.825188116125409,9.354790145985401,5.924004102144211,61.64051094890511,0.19324817518248177
Malmo,8,9.119981751824819,6.1754429232741765,18.440921532846712,8.862239428859581,83.00912408759125,0.07823905109489054
Yekaterinburg,4,1.1322992700729928,11.165508792115117,11.872490875912408,4.991976730209283,81.97445255474453,0.047718978102189794
Wroclaw,0,9.0706204379562,7.339780755645377,10.9838503649635,5.484202793871537,80.22673357664233,0.058804744525547445
Wroclaw,21,10.496304744525547,7.878134443717978,10.996395985401465,5.59347526621495,75.71487226277372,0.06368613138686133
Yekaterinburg,1,1.9025091240875909,11.49320074038136,12.021031021897809,4.954888253410353,79.36815693430657,0.04489051094890511
Yekaterinburg,23,2.5887773722627725,11.810267213284463,12.255337591240878,4.9732757998863795,76.7404197080292,0.048813868613138696
Wroclaw,6,7.761724452554741,6.822266638145838,11.089689781021894,5.771994703850127,85.36998175182482,0.07395072992700734
Galway,4,9.344206204379562,3.987573487476601,14.983850364963503,8.686845327552962,88.56204379562044,0.17481751824817515
Limerick,9,9.809078467153283,4.692633327714983,13.097217153284674,6.965649335411147,86.9206204379562,0.15013686131386875
Bratislava,22,10.976961678832106,8.087128984370773,11.69265510948905,5.8181663498646845,75.11313868613139,0.054379562043795626
Wroclaw,16,14.064963503649635,8.65179886206085,13.416286496350361,6.74429923313673,62.066149635036496,0.11172445255474457
Yekaterinburg,20,4.43006386861314,12.891886727735276,12.39936131386861,5.19413877735741,70.30520072992701,0.04183394160583941
Thessaloniki,0,14.66961678832117,7.76260319954837,6.305565693430653,4.837951485613726,78.90967153284672,0.07805656934306571
Seoul,17,15.284625912408757,10.756254098585625,11.853056569343064,6.086244583228318,59.56113138686131,0.1609489051094891
Galway,15,13.13316605839416,4.624952604518878,19.128193430656935,8.949278893764948,72.78649635036497,0.18188868613138678
Mexico_City,18,21.2095802919708,3.535524792851993,12.692791970802922,6.729904451519417,42.48403284671533,0.3501368613138685
Malmo,12,11.205291970802918,6.785652791246356,19.635857664233576,9.018464288505266,74.09899635036497,0.09333941605839423
Chisinau,18,14.886131386861315,10.317258506590413,11.273357664233572,5.33887870078055,57.5228102189781,0.05853102189781021
Nice,14,19.51806569343066,6.127389653851247,10.299361313868616,5.49148210193512,59.99087591240876,0.10606751824817517
Malmo,17,11.445027372262771,6.911172923705428,19.574543795620432,8.492592405247017,72.73768248175182,0.08946167883211677
Yekaterinburg,3,1.3572992700729931,11.247037709524676,11.883850364963502,4.951279210065725,81.2212591240876,0.050866788321167894
Thessaloniki,9,14.936633211678835,8.545687571083741,7.4883667883211675,5.283956641364006,74.92518248175182,0.09210766423357666
Limerick,12,12.213549270072997,4.8392633650515355,15.202463503649636,7.211903375346593,77.15784671532846,0.17367700729927024
Vilnius,17,10.904927007299273,9.688023227743928,14.55209854014598,6.513921136649838,66.95894160583941,0.11852189781021906
Wroclaw,15,14.163321167883216,8.538693603986252,13.793065693430664,6.8189882616234865,61.93841240875913,0.13786496350364968
Gothenburg,11,9.863138686131384,7.377242493182182,15.03020072992701,7.53093303658295,76.52144160583941,0.13275547445255484
Thessaloniki,15,21.015054744525546,8.432520647460349,9.875091240875914,5.732901670335071,51.28877737226277,0.0954835766423358
Limerick,17,12.852645985401463,5.138062147833543,15.520711678832122,6.962480779710751,73.73494525547446,0.19005474452554752
Gothenburg,9,8.381660583941606,7.142514274236971,14.229197080291968,7.318573041152012,82.81295620437956,0.12495437956204389
Chisinau,6,8.358531021897807,7.767212756661981,9.622855839416058,4.444130839079118,82.5492700729927,0.06081204379562044
Rome,4,13.444160583941608,6.519489625880238,7.787180656934302,4.585413828666693,84.54288321167883,0.10889598540145988
Vilnius,6,5.703330291970803,7.426512194933836,12.508987226277373,5.754629551425593,88.6719890510949,0.08179744525547449
Galway,9,10.207801094890518,4.392053142715068,15.958029197080286,8.567564284877292,85.27463503649635,0.1593978102189781
Rome,0,14.67956204379562,6.814607112346737,7.62043795620438,5.066067586793334,82.07846715328468,0.08946167883211678
Rome,22,15.66824817518248,6.943678028973981,7.920848540145987,4.868279448017227,79.25821167883211,0.07454379562043797
Seoul,12,15.432390510948903,10.634687443947426,10.267062043795622,6.180474616887221,57.51733576642336,0.17363138686131394
Gothenburg,13,10.832572992700728,7.300721605429306,15.739324817518247,7.276862609596644,72.29653284671532,0.1651916058394161
Mexico_City,2,13.238686131386867,2.5797193277872332,5.277372262773724,3.2212664563717,76.09352189781022,0.056386861313868636
Mexico_City,13,23.28289233576642,3.067384739246589,6.669297445255477,4.578422778958615,35.12317518248175,0.12253649635036497
Mexico_City,5,11.802919708029194,2.5967962315376387,4.786313868613139,2.8250969388422678,81.09671532846716,0.03385036496350367
Wroclaw,7,8.13850364963504,7.175787496464652,11.058302919708025,5.82081711280563,84.31569343065694,0.07194343065693433
Belfast,19,10.963594890510944,4.9706227287326215,14.680839416058388,7.24056903259545,78.85218978102189,0.12349452554744533
Belfast,17,11.972490875912413,5.0088161071242645,16.25342153284672,7.36841156372177,74.61587591240875,0.14411496350364972
Beijing,13,17.772901459854015,11.43636632971094,10.841879562043795,6.939872672088036,38.32116788321168,0.05556569343065694
Beijing,7,9.5290602189781,11.36598733617072,8.52969890510949,4.967668934449951,62.60948905109489,0.08572080291970804
Beijing,22,12.397490875912409,11.288846844391928,9.62522810218978,5.555718140408044,57.19571167883212,0.08375912408759126
Beijing,5,9.06669708029197,10.768967724640143,8.231204379562044,4.797733833891398,64.94434306569343,0.08380474452554745
Belfast,2,8.64840328467153,4.147605997939912,13.631432481751823,7.4198588891083315,88.11405109489051,0.1405109489051095
Beijing,18,15.886496350364965,12.397528505703695,10.777554744525544,5.839450016204687,45.676094890510946,0.062408759124087596
Beijing,20,13.653558394160585,11.617611087383374,10.095985401459854,5.556138322491983,52.941605839416056,0.042655109489051095
Belfast,8,8.94580291970803,4.450936515839499,14.448859489051095,7.297671522653196,87.4639598540146,0.12445255474452557
Belfast,21,9.83161496350365,4.580256435066407,13.643521897810219,7.417877427377028,83.59717153284672,0.08918795620437958
Belfast,22,9.378239051094893,4.384533207546413,13.445392335766426,7.443633109989075,85.1970802919708,0.09128649635036498
Beijing,9,12.532299270072995,11.780465485384731,8.942791970802919,6.164929525425539,53.862682481751825,0.08754562043795622
Beijing,11,15.666195255474447,11.516993676510724,9.652007299270077,6.846656833682576,43.919251824817515,0.059808394160583936
Belfast,11,10.916286496350361,4.802686784747383,16.233895985401464,7.333108040999999,79.1610401459854,0.10670620437956212
Belfast,15,12.4081204379562,4.815428358586525,17.137271897810212,7.466280960802729,73.1044708029197,0.14812956204379574
Beijing,8,10.759215328467151,11.73603900490215,8.650684306569348,5.370431367947707,59.41332116788321,0.08252737226277373
Belfast,13,11.996943430656936,4.761343538981944,16.995620437956205,7.440773540988342,75.1094890510949,0.11624087591240885
Belfast,10,10.19676094890511,4.806673580503503,15.54749087591241,7.334939369514791,82.27372262773723,0.107801094890511
Belfast,7,8.503467153284673,4.266559472820473,14.064598540145981,7.356453863095439,89.01368613138686,0.13389598540145992
Belfast,16,12.305930656934306,4.887808532540978,16.848220802919702,7.370781655262442,73.3330291970803,0.1544708029197081
Moscow,7,4.839461678832116,9.960189963086412,12.861724452554743,6.544958748628965,83.90328467153284,0.07650547445255476
Kaunas,18,11.322125912408763,9.47357989688385,13.998813868613137,6.402068388523152,66.92335766423358,0.0921989051094891
Bologna,21,14.354653284671526,8.393990932111429,8.026642335766423,4.565254049908499,74.07618613138686,0.09105839416058395
Johannesburg,18,17.95077554744526,5.083988283791168,9.500228102189782,4.288643675565664,49.18111313868613,0.08991788321167885
Dresden,5,7.8320255474452605,6.499184789190021,9.747171532846714,5.589026481197997,85.25182481751825,0.07769160583941606
Kaunas,21,9.1617700729927,8.583906915467866,12.51505474452555,6.014374352829242,76.55930656934306,0.07294708029197083
Johannesburg,15,21.636815693430655,4.536378589193276,12.671441605839412,5.998010937780395,38.15510948905109,0.18672445255474457
Moscow,20,7.272992700729926,10.921545481905003,13.04794708029197,6.412980715875528,73.66742700729927,0.0736313868613139
Bucharest,1,10.872764598540146,8.64551191852885,9.374406934306574,4.684533444867431,78.15647810218978,0.06204379562043796
Johannesburg,0,13.082527372262774,4.49167701319367,10.566377737226277,4.621459481636493,66.70529197080292,0.05250912408759124
Edinburgh,9,9.148585766423356,4.933512094485383,16.083394160583943,8.919481996250937,81.38868613138686,0.0956204379562044
Kaunas,1,7.403923357664235,7.683096440098961,12.30118613138686,5.692163811118351,83.43476277372262,0.08093065693430658
Dresden,16,14.265602189781028,8.569804824277064,12.75976277372263,6.293051490993749,60.65009124087591,0.0984489051094891
Moscow,19,8.01090328467153,11.3734757814691,13.554653284671543,6.488397556131676,70.46943430656934,0.07390510948905112
Johannesburg,5,11.05214416058394,4.420526470648274,10.778558394160587,4.612352802771778,76.19936131386861,0.06318430656934307
Moscow,13,9.275273722627734,11.531279070597549,15.577417883211684,7.3685477677103535,66.61405109489051,0.10574817518248184
Johannesburg,4,11.383211678832119,4.414214115481573,10.84306569343066,4.590798776763779,74.52144160583941,0.06710766423357664
Bologna,0,12.624863138686134,7.659791911131495,8.028923357664235,4.5599053464078665,79.06751824817518,0.08978102189781022
Bologna,17,18.631888686131393,9.089430442521596,8.382116788321168,4.815879663367968,58.69525547445255,0.10561131386861317
Johannesburg,20,15.382572992700728,4.613560978861034,9.308987226277377,4.111991844482768,58.315237226277375,0.055930656934306565
Bologna,20,15.365602189781018,8.896234989590194,7.8406934306569305,4.495438640907068,71.08759124087591,0.08134124087591241
Bologna,19,16.59411496350365,9.319366673756432,7.750410583941605,4.550774437705396,66.6405109489051,0.06610401459854015
Moscow,9,6.5154197080291985,10.888801017187667,13.69863138686131,7.013663911749935,78.00091240875912,0.06614963503649639
Timisoara,1,10.642381386861317,8.293771281339144,8.755702554744522,4.329034828446111,78.59808394160584,0.060629562043795625
Edinburgh,10,9.78476277372263,5.094943891024642,16.54137773722628,8.996793308724268,78.86815693430657,0.10638686131386867
Bucharest,13,16.917883211678827,9.767670361422534,10.457709854014604,6.196960051228781,56.370894160583944,0.06236313868613139
Bologna,9,13.744479927007294,8.707163337463328,7.072855839416057,4.128745891815196,74.76459854014598,0.07212591240875912
Bucharest,16,17.732709854014598,9.957916118809248,10.819160583941603,6.314944828419047,52.99452554744526,0.11231751824817521
Timisoara,19,15.595848540145992,10.082132638950492,9.231843065693425,4.9102096224853655,62.40602189781022,0.07499999999999998
Bologna,8,12.376870437956205,8.137381478739705,7.338822992700732,4.036284887490092,78.98129562043796,0.06856751824817518
Bucharest,15,17.677554744525548,9.877050092378449,10.827189781021897,6.3483344861533215,53.183394160583944,0.07358576642335768
Timisoara,13,16.730930656934305,9.592249336347164,9.65232664233577,5.9364890624779365,57.67335766423358,0.06897810218978105
Edinburgh,14,11.700775547445257,5.17076307885933,18.027919708029202,9.068955661158391,72.09032846715328,0.12869525547445265
Kaunas,8,7.172217153284673,7.907379692039747,12.618795620437957,6.016696137800421,85.44890510948905,0.07427007299270075
Moscow,10,7.413001824817518,11.206702358364378,14.329242700729928,7.17397343293581,74.37545620437956,0.07404197080291977
Johannesburg,13,21.826596715328463,4.529520767191409,12.930839416058395,6.352556034205442,38.316149635036496,0.13403284671532853
Edinburgh,13,11.429242700729928,5.144189117031571,17.739963503649633,9.014439939844541,73.04972627737226,0.1137773722627738
Bucharest,8,10.181295620437954,8.858826682316856,9.159717153284673,5.135179186576172,81.46259124087591,0.06062956204379564
Edinburgh,3,8.110903284671533,4.394037151428241,15.422627737226271,8.612263386112947,85.50456204379562,0.11300182481751826
Moscow,11,8.207892335766422,11.396792518871564,14.924270072992705,7.337162394281137,71.06432481751825,0.0807025547445256
Bologna,11,16.69484489051095,8.603061976720328,7.5459854014598555,4.418781988692502,65.18065693430657,0.0880930656934307
Edinburgh,8,8.593658759124086,4.734857766866533,15.764416058394167,8.772342654184555,83.57527372262774,0.10314781021897813
Timisoara,16,17.66938868613138,9.653683196635091,10.637956204379565,5.886347991050654,54.04470802919708,0.11569343065693428
Moscow,4,4.080520072992697,9.102491075151693,11.998677007299271,6.162084495721797,86.22308394160584,0.07531934306569345
Kaunas,15,11.945164233576639,9.322940026855921,15.095301094890514,6.873856623773716,64.25912408759125,0.10401459854014608
Kaunas,20,9.944479927007299,9.032161037198073,12.78266423357664,6.1643355661130075,73.41332116788321,0.08207116788321171
Timisoara,9,10.974543795620434,8.970224072986031,8.344160583941607,5.00455134046402,78.21167883211679,0.070757299270073
Kaunas,5,6.44265510948905,7.2304973604858,12.068932481751828,5.77960239812595,87.77235401459853,0.08207116788321171
Dresden,9,10.082664233576644,7.921594368817332,10.572855839416057,6.33095583543697,77.73722627737226,0.0718065693430657
Johannesburg,3,11.733759124087594,4.3786775285002575,10.81993613138686,4.557128560513829,72.84717153284672,0.06875000000000002
Bucharest,23,11.93412408759124,9.014421923222836,9.720939781021901,4.781807379890066,74.40328467153284,0.0551551094890511
Timisoara,10,12.589187956204379,9.33576706383949,8.483713503649632,5.272538007338754,72.81113138686132,0.06313868613138687
Kaunas,12,10.70802919708029,9.082270627282993,14.52198905109489,6.938051506534065,70.34945255474453,0.08727189781021903
Bucharest,5,9.508120437956205,7.95234251421253,9.095483576642339,4.88145202186925,84.28968978102189,0.06751824817518251
Dresden,4,8.028786496350364,6.556495818124956,9.664781021897813,5.482222257726185,84.68202554744525,0.07614051094890513
Edinburgh,4,7.980930656934307,4.3788057921052905,15.368978102189782,8.659492737642115,85.74908759124088,0.10638686131386867
Johannesburg,6,10.996624087591247,4.5905283699992765,11.035857664233573,4.631619029764228,76.95894160583941,0.04885948905109489
Bologna,6,11.237454379562038,7.050685475589629,7.66487226277372,3.966514056222154,82.19388686131387,0.08681569343065693
Timisoara,23,11.678284671532841,8.663650182350294,8.897354014598536,4.297886962023507,75.36222627737226,0.05807481751824818
Johannesburg,22,14.05305656934306,4.576036420352768,9.953832116788321,4.465578468572372,62.9831204379562,0.06031021897810218
Edinburgh,18,10.953786496350366,5.385363490365281,17.310127737226278,8.726713818941054,75.13047445255475,0.1304744525547446
Bologna,10,15.32732664233577,8.653739549198377,7.185218978102189,4.299508059644468,69.76916058394161,0.07718978102189779
Kaunas,13,11.380793795620443,9.174219266040824,15.031067518248172,7.061297576262001,67.17837591240875,0.0858576642335767
Moscow,12,8.830885036496348,11.500645886710664,15.358394160583941,7.362938560038853,68.3882299270073,0.08937043795620443
Johannesburg,14,21.704470802919708,4.59251251927271,12.862910583941602,6.236061211921276,38.316605839416056,0.13845802919708036
Bucharest,11,14.607436131386859,9.740381363942719,9.92399635036497,5.8737624444821135,64.68886861313868,0.060401459854014614
Moscow,0,5.312043795620436,9.838247304038699,12.562910583941603,6.0797106902297475,80.89598540145985,0.06806569343065695
Bucharest,18,16.549178832116795,10.32802434914801,9.993704379562047,5.723025674903026,57.98540145985402,0.07116788321167884
Dresden,6,7.821213503649632,6.584894251335322,9.721441605839416,5.670597746017281,85.40647810218978,0.08362226277372263
Dresden,15,14.393202554744526,8.465087339156414,12.987591240875913,6.405295849245624,60.12363138686131,0.10839416058394168
Kaunas,6,6.4132755474452585,7.291589463012205,12.095483576642337,5.888231200974841,87.97399635036497,0.07340328467153286
Bucharest,19,15.429698905109493,10.340146479184385,9.560766423357665,5.269960248322513,62.58622262773723,0.06418795620437959
Moscow,18,8.709625912408757,11.681547489699595,14.10702554744526,6.609173458528325,67.15921532846716,0.06491788321167885
Bucharest,20,14.225456204379558,9.95667152567993,9.45752737226277,5.13124666001134,67.21715328467154,0.07427007299270073
Bucharest,3,10.27728102189781,8.298566812054679,9.187363138686129,4.875952783295793,81.30200729927007,0.06113138686131389
Florence,12,19.18125000000001,8.035922866099709,8.953375912408761,6.347392432921706,60.68020072992701,0.1281478102189781
Daugavpils,5,5.602965328467152,7.514092365866768,11.573494525547444,5.299844129875344,89.0661496350365,0.08991788321167885
Kharkiv,23,8.736678832116786,9.499555131958065,11.600729927007297,5.207435036431726,74.61040145985402,0.04708029197080293
Kyiv,1,8.366104014598541,8.558692350764591,11.331204379562045,4.984275851126909,79.66788321167883,0.055656934306569365
Daugavpils,16,10.812864963503646,9.69600267728197,13.944936131386864,6.081901223882214,65.97171532846716,0.12212591240875914
Daugavpils,0,6.822947080291973,8.038247109663372,11.892883211678832,5.418168001292851,83.65009124087591,0.06861313868613142
Kyiv,11,11.401003649635031,10.072294082027112,13.427554744525542,6.17039484689631,67.96350364963503,0.07718978102189786
Florence,20,16.25775547445257,8.087388070580573,8.259032846715332,4.231100277903765,71.36085766423358,0.12303832116788321
Kharkiv,13,13.31865875912408,11.051334654807842,15.041332116788316,6.662952859502329,57.697080291970806,0.08444343065693435
Kyiv,23,9.093932481751825,8.8793564478195,11.387591240875908,5.023449461465647,77.10173357664233,0.06961678832116791
Daugavpils,8,6.540693430656933,8.321958496678569,11.92536496350365,5.700603702126944,85.93248175182482,0.08635948905109493
Daugavpils,4,5.757892335766426,7.553029426668732,11.56601277372263,5.2648459087191695,88.43248175182482,0.08886861313868613
Kyiv,10,10.383667883211682,9.874193467175472,12.764187956204383,5.984094189980678,72.37271897810218,0.06272810218978105
Florence,2,12.206569343065695,6.660199619318765,6.919434306569344,4.088063693765207,86.17883211678833,0.1321167883211679
Daugavpils,10,8.230109489051092,9.122554511185417,12.664187956204383,5.946492691745388,78.51961678832117,0.07189781021897818
Kharkiv,3,7.353467153284674,8.859581956627805,11.170164233576644,5.111841290451594,79.9051094890511,0.059580291970802945
Florence,9,14.289826642335772,8.061331061433238,6.758257299270071,4.871190212484898,78.01916058394161,0.11195255474452559
Daugavpils,17,10.557846715328463,9.729158933997494,13.534671532846724,5.950929914541766,67.3845802919708,0.12285583941605838
Kharkiv,2,7.579333941605841,9.022330778828165,11.288184306569343,5.139667019954797,78.41605839416059,0.05351277372262776
Florence,11,17.885629562043796,8.067958085148758,8.152965328467157,5.945635371855887,65.65328467153284,0.12390510948905113
Daugavpils,21,8.118932481751825,8.782139885501188,11.923677007299268,5.547412386994811,78.6514598540146,0.06929744525547449
Kyiv,13,12.880428832116795,10.264415015376908,14.339233576642336,6.376936203313217,61.590328467153284,0.08394160583941614
Kharkiv,0,8.311861313868613,9.31304968250413,11.5117700729927,5.2203581199963445,76.02372262773723,0.059717153284671545
Kharkiv,21,9.779516423357665,9.992482119016424,11.786085766423357,5.440825843422619,71.27782846715328,0.06578467153284676
Florence,0,12.875410583941607,7.028258947893603,6.791195255474448,3.9734421906873387,83.99863138686132,0.13330291970802918
Kyiv,4,7.5173813868613095,8.085106630888903,11.260903284671533,4.941821240746064,83.61450729927007,0.06286496350364966
Kyiv,9,9.290465328467153,9.550868655258418,12.197901459854016,5.8232677632571805,76.99224452554745,0.06468978102189783
Daugavpils,11,9.114507299270073,9.360435558350257,13.328193430656933,6.0361249945842195,74.21076642335767,0.07627737226277383
Debrecen,10,13.050045620437958,9.315671439342761,10.340967153284678,5.811082643733663,68.91468978102189,0.058531021897810225
Birmingham,10,10.650091240875916,5.775934902591432,15.616104014598537,7.280157583780436,79.66514598540147,0.09803832116788325
Lodz,3,7.4257755474452605,7.047097660173739,12.58188868613139,5.964709503556417,85.06934306569343,0.06409671532846721
Warsaw,7,7.8403284671532845,7.608327818709162,11.771122262773726,5.678670126361607,85.21897810218978,0.06605839416058394
Lyon,17,17.17892335766423,8.622767307950918,12.969297445255469,7.869196041154647,57.31797445255474,0.12477189781021901
Warsaw,17,12.879927007299273,9.384062466945391,13.21021897810219,6.135029018394712,64.85766423357664,0.10291970802919713
Glasgow,4,7.53407846715329,4.5770598756910745,12.055839416058394,7.1397354054107875,89.47080291970804,0.14256386861313874
Glasgow,13,11.553877737226273,5.299049932467081,15.599726277372255,7.9529435268974655,74.17655109489051,0.154470802919708
Lyon,15,17.189689781021897,8.535957905058927,12.613366788321171,7.913539471166362,57.34397810218978,0.11400547445255478
Lodz,22,9.140328467153287,7.855981013407756,12.749087591240874,6.044872452292364,78.31751824817518,0.07449817518248175
Budapest,21,11.779288321167884,8.856241167528484,9.230109489051097,4.866204995741166,72.5720802919708,0.05232664233576642
Glasgow,3,7.672262773722631,4.587070988556704,12.050364963503648,7.119331673796958,89.20164233576642,0.1385948905109489
Warsaw,22,9.45793795620438,7.910569334882976,11.817290145985398,5.47518924450168,78.34078467153284,0.06824817518248176
Lodz,5,6.9728558394160585,6.9111170909117625,12.676551094890506,6.026669570307105,86.87773722627738,0.07463503649635042
Nicosia,8,17.597490875912406,7.70999210008639,6.187089416058394,3.6223584706957306,70.59580291970804,0.02157846715328467
Birmingham,7,8.319343065693435,4.960079791231049,14.0870894160584,6.784755667056087,89.15237226277372,0.0924726277372263
Mostar,13,20.002691605839413,8.201759062570599,8.57623175182482,5.701918278597614,53.528284671532845,0.2985401459854015
Glasgow,7,7.743111313868609,4.769648447960652,12.337089416058394,7.308265911286063,88.7344890510949,0.13239051094890508
Budapest,23,10.698175182481755,8.366434227311629,9.080839416058392,4.84318750422055,76.55702554744525,0.06628649635036497
Mostar,18,18.023357664233572,8.723517375624684,7.3411496350364995,5.196873876129733,61.99954379562044,0.27417883211678823
Nicosia,11,24.347718978102183,8.146382928197081,7.6809306569343025,5.160027123815535,44.449361313868614,0.03102189781021898
Lodz,21,9.654653284671529,8.096616276756768,12.676824817518243,6.106487063287579,76.47992700729927,0.06468978102189783
Glasgow,9,8.864324817518256,5.161408875444836,13.360447080291971,7.606949930733183,84.51049270072993,0.1373175182481753
Nicosia,1,16.71710766423357,6.667319442266621,8.332892335766422,4.208975134797681,76.77326642335767,0.017335766423357664
Nicosia,22,18.172445255474454,7.0307395635401635,7.960857664233577,4.0517432385800225,71.71943430656934,0.012499999999999997
Birmingham,17,12.952463503649634,6.3880860516672255,16.225729927007297,7.5109136730843975,69.36268248175182,0.11245437956204385
Nicosia,18,22.994981751824824,8.498542436827439,9.31601277372263,4.516979879841092,51.10903284671533,0.02700729927007298
Lyon,3,10.69712591240876,6.70385734358131,9.447217153284672,6.549409965189234,82.41377737226277,0.09995437956204381
Mostar,22,13.785036496350356,7.511170114796937,7.150319343065695,5.368048710109868,74.44616788321167,0.1915602189781022
Budapest,1,9.910173357664233,8.023073274142876,9.006660583941612,4.9186584258248836,79.47490875912409,0.06633211678832117
Budapest,17,15.542244525547444,9.826773665557349,11.271852189781022,5.985964615495118,57.88229927007299,0.06833941605839416
Warsaw,21,9.961587591240876,8.138005391678584,11.808804744525549,5.54321308901841,76.43202554744525,0.07030109489051098
Debrecen,5,8.647992700729928,7.50465035100664,10.056432481751829,4.8079145774661445,83.67700729927007,0.08170620437956208
Lyon,0,11.69475364963503,7.305202489811474,9.85469890510949,6.496580977745174,78.6213503649635,0.09183394160583944
Lyon,11,13.775410583941605,8.043754849094405,10.694981751824814,7.36988347760147,70.93430656934306,0.08905109489051097
Birmingham,6,8.009945255474452,4.76953683323381,13.852554744525548,6.700024376933068,90.21213503649635,0.09315693430656936
Debrecen,15,16.21108576642336,9.543002210964996,11.523768248175186,6.186554068574135,56.627737226277375,0.08686131386861315
Lyon,21,13.606979927007307,8.094864384053597,10.77071167883212,6.657760052272692,71.4530109489051,0.12417883211678835
Birmingham,9,9.715009124087592,5.565190444424157,15.079972627737227,7.270367471860147,83.54972627737226,0.09593978102189785
Warsaw,15,13.465419708029197,9.240617845769359,14.031888686131387,6.366540968072592,62.48403284671533,0.13626824817518254
Birmingham,18,12.422445255474452,6.443326491236873,15.625866788321169,7.33229675459505,71.71532846715328,0.0995894160583942
Lodz,11,11.533850364963506,8.92511030357861,15.066332116788326,6.767627567264002,69.59169708029196,0.07281021897810223
Warsaw,9,9.739872262773725,8.585446039067865,12.335675182481749,6.081966002221782,77.97536496350365,0.06012773722627739
Nicosia,6,15.368339416058392,6.203148548876732,6.68608576642336,3.614400530998583,80.06843065693431,0.02545620437956204
Warsaw,4,7.467472627737226,7.002549929978566,11.459762773722629,5.56261199874498,86.55976277372262,0.08508211678832119
Debrecen,18,14.371897810218973,9.881451786734566,10.12326642335766,5.336805601355411,64.11450729927007,0.07312956204379564
Lodz,13,12.931295620437961,9.031658228234592,15.848585766423357,6.892939376145078,63.597171532846716,0.09393248175182488
Warsaw,18,12.245118613138684,9.309426222885222,12.629379562043795,5.881289051822977,67.63868613138686,0.09338503649635041
Lyon,18,16.528923357664226,8.756226089242741,12.564552919708028,7.597600325047428,60.12728102189781,0.12636861313868616
Warsaw,11,11.912500000000001,9.028469033052337,13.601824817518247,6.517946740561264,68.71076642335767,0.06669708029197083
Glasgow,5,7.447125912408758,4.571437223667768,12.02878649635036,7.202432318124291,89.64324817518248,0.14256386861313872
Nicosia,5,15.598448905109494,6.286911440932173,6.954516423357663,3.719954658285873,79.52691605839416,0.026870437956204377
Birmingham,15,13.35396897810218,6.141870035691247,17.003832116788324,7.6702567028039965,67.76231751824818,0.1252737226277373
Glasgow,6,7.484534671532843,4.62034996853597,12.155200729927005,7.255706475212484,89.53877737226277,0.1391423357664234
Budapest,20,12.617655109489053,9.28479877251663,9.251322992700729,4.931477345611448,69.61815693430657,0.058257299270073
Lyon,23,12.226779197080292,7.51430092698774,10.078740875912407,6.527906926293193,76.5661496350365,0.09653284671532851
Budapest,19,13.653421532846714,9.745100334463247,9.738458029197078,5.199786183336178,65.68658759124088,0.06414233576642336
Mostar,2,12.279060218978106,6.893895223848008,8.091104014598548,5.119728379531935,79.08257299270073,0.23777372262773713
Birmingham,11,11.602372262773725,5.877796591611242,16.209717153284675,7.426941071892594,75.59717153284672,0.09388686131386868
Budapest,22,11.197810218978104,8.58319474792506,9.141925182481756,4.867985049920373,74.71806569343066,0.04822080291970801
Debrecen,23,10.519708029197078,8.332043708269989,10.313549270072988,4.85686063230023,76.18020072992701,0.05191605839416059
Nicosia,20,19.954288321167883,7.686986866645972,7.712317518248174,4.030175286202879,63.5168795620438,0.009032846715328465
Budapest,9,11.49183394160584,9.02670119543831,9.59603102189781,5.622851249201631,73.91879562043796,0.06405109489051095
Glasgow,16,11.947034671532851,5.518144036963179,15.910492700729929,7.776743250585302,72.32390510948905,0.18909671532846714
Nicosia,9,20.148813868613132,8.081573411592828,6.470072992700729,4.144398252196267,60.76094890510949,0.01875
Birmingham,8,8.919297445255474,5.2498676916264,14.535355839416058,7.032199850917417,86.84169708029196,0.09849452554744528
Lyon,16,17.378695255474447,8.568598671288544,12.919206204379556,7.940690734290819,56.47673357664234,0.12290145985401464
Budapest,15,16.283713503649636,9.457591537327968,11.990693430656936,6.466218438724483,54.95848540145985,0.12559306569343068
Debrecen,6,8.701687956204381,7.7137747108417765,10.088777372262774,4.8927196505516655,83.6405109489051,0.07687043795620441
Birmingham,23,9.423403284671538,5.273758456469808,13.997262773722628,6.678897999842935,84.39279197080292,0.08248175182481753
Mostar,23,13.22084854014598,7.309443733684483,7.262636861313872,5.4193623978427405,75.99589416058394,0.20433394160583934
Nicosia,16,25.45748175182482,8.473917813644455,11.226687956204378,4.898519637526645,41.7632299270073,0.08435218978102192
Warsaw,12,12.724908759124084,9.136207502657074,14.131614963503647,6.5999840629874535,65.23631386861314,0.07303832116788325
Nicosia,0,17.112956204379564,6.740588450090213,8.333941605839415,4.249545562974497,75.87317518248175,0.013047445255474452
Mostar,16,20.01149635036497,8.450336301658242,8.800501824817527,5.46731750304833,54.25,0.2996350364963503
Glasgow,17,11.6014598540146,5.654629190075656,15.534625912408766,7.59958086635364,73.51003649635037,0.17189781021897813
Nicosia,14,26.591468978102185,8.646597420437352,10.674361313868616,5.261519456859033,36.919251824817515,0.08229927007299272
Warsaw,20,10.643339416058396,8.552376358433984,11.804881386861313,5.646919799895686,74.15419708029196,0.08147810218978105
Budapest,6,8.791149635036497,7.516816634410104,8.957892335766424,5.1257408527137835,84.77189781021897,0.08330291970802922
Debrecen,13,15.98006386861314,9.416308885223257,11.216332116788323,6.200661590348139,57.42381386861314,0.07135036496350367
Budapest,12,15.246578467153288,9.293716666843832,11.290602189781017,6.406216543993752,59.15100364963504,0.05916970802919708
Warsaw,13,13.303284671532845,9.179570622799892,14.440510948905112,6.691394591766274,62.747262773722625,0.08978102189781026
Glasgow,10,9.616149635036491,5.31202868032136,14.04274635036497,7.835097127376443,81.45118613138686,0.13207116788321174
Podgorica,1,12.812972085385885,7.325416097979029,6.16267104542967,3.6091958555338293,71.15818281335522,0.2175150519978105
Athens,2,15.795985401459856,7.030225046487462,6.744343065693431,4.096459595852735,69.72536496350365,0.04849452554744526
Podgorica,21,15.400437876299938,8.297653360245965,5.772140120415983,3.816182463368078,65.73070607553366,0.19764641488779414
Chicago,16,13.984169708029194,11.16866910797709,18.92609489051095,8.097255914318936,61.59169708029197,0.0967153284671533
Podgorica,0,13.296113847837981,7.525939895318829,6.105199781061853,3.648886205108522,70.17022441160373,0.21455938697318008
Podgorica,11,19.146469622331693,8.545658080642522,5.9309797482211355,3.5941420139065907,54.94088669950739,0.21724137931034482
Chicago,13,13.598813868613135,11.192456401090206,18.516468978102186,8.378686078745117,62.568430656934304,0.0891423357664234
Podgorica,16,20.623316912972086,8.849140486461259,6.674055829228251,4.119700635019808,51.770114942528735,0.21510673234811165
Athens,10,18.804835766423356,8.006562482396339,7.357116788321172,5.0889158767456895,58.57664233576642,0.04739963503649636
Chicago,17,13.564187956204378,11.211077986876365,18.283895985401465,7.895438356471535,63.375,0.10428832116788325
Podgorica,10,17.891789819376015,8.57838277686559,5.256267104542968,3.652291193861829,58.45374931581828,0.2070060207991242
Chicago,18,12.839552919708035,11.220208197912408,17.494571167883212,7.607422850525605,66.40054744525547,0.11660583941605841
Chicago,3,8.718339416058392,10.038570589363015,15.693293795620436,7.41186927945912,80.52098540145985,0.09457116788321171
Athens,21,18.06847627737226,7.736312443239855,7.186998175182482,4.206617086849929,64.30793795620438,0.04402372262773723
Athens,0,16.55789233576643,7.30332022374401,6.702189781021896,4.052075975599048,68.34215328467154,0.058804744525547445
Athens,5,15.42226277372263,6.7049275658623415,7.01058394160584,4.115083100501408,69.44251824817518,0.04753649635036496
Athens,13,21.82910583941605,8.187279684339371,11.4338503649635,5.511140052203135,48.247262773722625,0.09046532846715329
Podgorica,18,18.77925561029008,9.194597078546627,5.871756978653531,3.9547801749598532,59.0831964969896,0.19589490968801307
Podgorica,2,12.614504652435688,7.167080702612491,6.429611384783801,3.6916195331726205,71.60591133004927,0.20640394088669942
Chicago,10,11.170072992700732,11.151522211973786,16.179835766423366,7.880235684374822,71.0132299270073,0.16062956204379564
Athens,1,16.15921532846716,7.155888691938451,6.654744525547447,4.044849583127878,69.14461678832117,0.046259124087591245
Chicago,5,8.241104014598541,9.999802520375164,15.545711678832118,7.260083237920486,81.5830291970803,0.09739963503649636
Athens,7,15.070437956204376,6.724121730313345,7.232025547445257,4.179445465945903,70.10720802919708,0.04379562043795621
Vienna,15,15.283074817518239,9.032916176851401,14.878010948905105,7.8316791684657625,57.927919708029194,0.11692518248175184
Vienna,10,12.026961678832118,8.536609393563955,13.465282846715331,8.17853465109031,70.09899635036497,0.06829379562043797
Vienna,12,14.243339416058397,8.81586736857358,14.493567518248172,8.345745309189807,61.669251824817515,0.06920620437956207
Frankfurt,3,9.203877737226279,6.4919202332967485,9.769388686131382,5.3957924333643765,83.63777372262774,0.10086678832116794
Delhi,11,28.400547445255487,7.124282354117451,10.029197080291967,5.598695461065142,50.22125912408759,0.08225364963503648
Minsk,11,9.079105839416055,9.741326304859504,15.654562043795622,7.10674413013772,74.18065693430657,0.08923357664233583
Delhi,13,29.94156021897811,6.845007170876623,10.827965328467155,5.6426691444025465,43.91651459854015,0.09616788321167878
Miskolc,5,8.165967153284672,7.398415373948307,8.400638686131392,4.938172695347259,83.11724452554745,0.07563868613138686
Delhi,8,22.95661496350365,7.867484868588926,9.088959854014599,4.8785745512830685,69.37408759124088,0.08708941605839418
Lviv,23,8.615282846715328,7.9944075051038554,12.054242700729935,5.545625063506784,80.50821167883211,0.08102189781021889
Frankfurt,15,15.260857664233571,8.392064495866325,12.435264598540153,6.794005064287962,60.02189781021898,0.1197080291970803
Miskolc,22,10.177691605839415,8.320415827551582,8.492746350364962,4.931565198926206,76.70118613138686,0.06172445255474454
Miskolc,6,8.212363138686129,7.570948309874418,8.433804744525547,5.060669126459381,83.2367700729927,0.07568430656934308
Minsk,4,5.657983576642335,7.792200816126057,13.004927007299276,6.378707405458816,87.76414233576642,0.09425182481751827
Lviv,9,8.625091240875921,8.405807472302179,12.61026459854014,5.979548250726186,81.32709854014598,0.08134124087591234
Vienna,20,12.25369525547445,8.682934417562677,12.207801094890522,6.799861618362582,69.80155109489051,0.054151459854014615
Miskolc,13,15.092791970802928,9.085873249357768,10.51117700729927,5.962522392672617,59.32162408759124,0.08403284671532844
Minsk,9,7.294981751824813,9.125882782411566,14.31099452554745,6.89087878436288,82.0287408759124,0.08905109489051095
Delhi,4,20.130702554744527,7.137831394990148,8.227737226277373,3.770019955991279,75.71213503649635,0.08800182481751828
Vienna,16,15.21605839416058,9.124332497034647,14.660994525547448,7.614919507240376,58.1117700729927,0.11218065693430657
Minsk,16,10.933257299270068,10.191748247164679,16.32030109489051,7.160535340529687,65.8280109489051,0.11199817518248183
Lviv,4,7.229425182481743,7.27915100036037,12.243658759124097,5.747332914151125,85.10492700729927,0.08480839416058385
Frankfurt,7,8.589233576642338,6.490845497167589,9.926094890510944,5.595028086119406,85.85538321167883,0.07477189781021902
Vienna,13,15.032299270072988,8.898443528011715,14.79019160583941,8.362829866572481,58.684762773722625,0.06993613138686133
Delhi,2,20.905748175182477,7.1038128361494595,8.156660583941607,3.72860595915749,73.27782846715328,0.097764598540146
Vienna,23,10.474635036496347,7.761763931489668,12.219434306569342,7.168579448484743,75.73038321167883,0.08266423357664236
Delhi,3,20.48809306569342,7.117532535082462,8.17837591240876,3.7249154949076,74.59215328467154,0.13544708029197083
Lviv,3,7.487773722627736,7.442099408347566,12.14717153284672,5.540898205814997,84.1742700729927,0.09927007299270074
Minsk,7,5.808211678832119,8.152581673681249,13.624361313868615,6.463519053214984,87.47582116788321,0.07755474452554745
Miskolc,8,9.653695255474448,8.583702570909999,8.43056569343066,5.3395090560486755,79.05702554744525,0.07308394160583943
Vienna,9,10.785629562043791,8.306558953513736,12.897627737226278,7.96732967538056,74.76094890510949,0.07709854014598543
Lviv,13,12.374178832116804,9.142319593013704,14.33540145985403,6.657714572264923,65.83257299270073,0.11040145985401437
Frankfurt,4,8.890875912408761,6.379287338394483,9.738184306569341,5.484025761681636,84.77417883211679,0.11573905109489055
Lviv,6,6.9189324817518205,7.201424383106373,12.341240875912398,5.780741718616359,85.93202554744525,0.08731751824817509
Delhi,9,25.064507299270055,7.6453939522149925,9.199908759124089,5.347839601071758,62.38138686131387,0.07477189781021902
Frankfurt,20,12.876596715328464,8.383311577950929,10.738138686131387,5.618554691914417,69.79060218978103,0.09356751824817522
Minsk,19,9.563549270072993,10.008381188529693,14.25182481751824,6.658198540520443,71.97399635036497,0.08403284671532851
Minsk,0,6.7254562043795625,8.414054974044967,13.113138686131386,6.4364761545369715,83.21167883211679,0.0633667883211679
Delhi,1,21.359032846715333,7.110965720469859,8.240875912408752,3.699178829906889,71.85264598540147,0.08412408759124089
Delhi,20,24.257208029197077,7.063667754866153,8.43654197080292,3.732489193087156,63.18841240875913,0.052874087591240876
Lviv,10,9.703832116788313,8.768942014204434,12.969890510948906,6.142041221518225,77.25547445255475,0.08909671532846702
Frankfurt,11,12.515145985401459,7.9642250401316925,11.168430656934309,6.602238649196898,71.18932481751825,0.06897810218978107
Frankfurt,14,14.921532846715326,8.300083958862114,12.291012773722628,6.824803508259731,61.456660583941606,0.08289233576642344
Miskolc,0,9.377235401459853,7.998389672664654,8.268841240875911,4.851897945406406,78.72217153284672,0.0590784671532847
Lviv,18,12.145574817518254,9.416985951300806,13.031341240875921,6.16042925208512,66.78649635036497,0.10264598540145975
Vienna,6,8.673403284671533,7.014802091647517,12.300501824817516,7.487921491013895,82.50501824817518,0.0747262773722628
Minsk,22,7.504197080291973,8.806577698819254,13.20670620437956,6.4545135060738135,80.51186131386861,0.07595802919708032
Lviv,17,12.731614963503665,9.339979952104743,13.782755474452555,6.39560795200382,64.19343065693431,0.10629562043795608
Delhi,14,30.116742700729944,6.785165697876642,11.16742700729927,5.638917967244693,42.82025547445255,0.11049270072992701
Minsk,17,10.656797445255474,10.203378207500993,15.810218978102187,7.01961102084875,67.01916058394161,0.1096715328467154
Braga,13,19.170255474452553,6.093918100610524,10.608211678832117,6.0784470150619905,62.50045620437956,0.2124087591240875
Trondheim,9,5.863640510948904,7.220238561681732,11.064552919708026,7.055753573835183,79.42655109489051,0.14717153284671536
Trondheim,23,5.623083941605842,6.9170838044714085,10.986313868613141,6.874549382885794,79.9662408759124,0.14612226277372267
Ostrava,18,12.503056569343068,9.118491489685134,12.633804744525555,6.311213968522397,67.11678832116789,0.0912408759124088
Bergen,17,9.21797445255474,6.7231845369529335,12.686313868613134,6.505051557266253,74.93476277372262,0.3200729927007298
Bergen,16,9.576824817518252,6.6494490288572825,12.882481751824821,6.567373935633495,73.56295620437956,0.32198905109489034
Trondheim,19,7.396441605839418,7.81757409556368,12.335812043795617,7.007668706523834,74.25,0.16738138686131387
Manchester,6,8.499863138686127,4.83137613168877,11.525456204379566,7.37926955353148,87.96715328467154,0.1296076642335767
Bergen,19,8.240739051094891,6.653964957748113,11.896213503649632,6.48673535314941,78.9844890510949,0.30652372262773714
Manchester,2,8.935583941605838,4.8455009294409885,11.491240875912405,7.209730601540551,86.82162408759125,0.1343065693430657
Ostrava,10,11.109306569343069,8.528945269778228,12.345392335766432,7.202240937035033,73.3293795620438,0.08631386861313875
Bergen,10,7.549589416058391,6.803595970770828,10.755200729927008,6.5547534398394856,80.83394160583941,0.2905109489051093
Manchester,1,9.110948905109492,4.918025286486439,11.511678832116784,7.043587999963867,86.33074817518248,0.12760036496350366
Prague,5,7.590830291970799,6.817023208573473,10.31354927007299,5.907416205024655,85.25547445255475,0.07979014598540148
Oslo,1,6.241925182481756,7.513843516993717,9.527098540145984,5.412055712187282,83.63868613138686,0.0847171532846715
Prague,14,14.213549270072997,8.840359804481764,12.680930656934306,7.119456146358857,58.659215328467155,0.0944343065693431
Trondheim,20,6.946395985401458,7.622626349483826,12.06719890510949,6.987753243412062,76.01186131386861,0.16400547445255476
Ostrava,22,9.41482664233577,7.797034747898586,11.237043795620432,6.17988344544359,79.2536496350365,0.0860857664233577
Manchester,3,8.735127737226273,4.8218256249081906,11.489689781021898,7.228489927449711,87.33804744525547,0.1319799270072993
Ostrava,7,8.016012773722629,7.3743993234604615,10.975410583941603,6.654675286079394,84.33485401459853,0.10739051094890512
Oslo,5,5.513731751824821,7.151616704304689,9.31245437956204,5.430274601110688,85.95483576642336,0.10821167883211674
Trondheim,15,8.401916058394162,7.854432475829725,12.82025547445255,7.322907564426869,70.7837591240876,0.20798357664233572
Braga,22,14.189917883211681,5.315381913465559,8.271897810218977,4.925923605848655,82.85127737226277,0.1804744525547445
Trondheim,12,7.5716697080291935,7.771732259509168,11.952417883211677,7.28573777882813,73.14872262773723,0.14840328467153283
Prague,2,8.395939781021896,7.18914294584401,10.205885036496348,5.58167741927856,82.25684306569343,0.06354927007299271
Prague,21,10.637682481751828,8.216046889122357,10.978010948905112,5.76452742348654,73.05656934306569,0.06523722627737227
Oslo,10,7.762636861313867,8.647266697712634,9.734032846715325,6.092778089046993,76.54881386861314,0.10597627737226277
Ostrava,23,8.984671532846718,7.585828537323655,11.081569343065693,6.244828271995822,80.7823905109489,0.09247262773722631
Trondheim,6,4.87258211678832,6.539574510003969,10.77276459854015,7.202209586866419,82.37819343065694,0.1479470802919708
Trondheim,8,5.416514598540145,6.9670706912683515,10.926505474452556,7.1887009454700666,80.88229927007299,0.1669251824817518
Bergen,13,9.349680656934307,6.813323584273418,12.265009124087584,6.629007875464481,73.76368613138686,0.2973083941605837
Oslo,11,8.620392335766425,8.81162975931986,9.952828467153282,6.166138982490887,73.05155109489051,0.10346715328467149
Prague,10,10.9911496350365,8.494652338331393,11.498950729927003,6.95855460849953,71.66240875912409,0.07002737226277375
Manchester,8,9.37317518248175,5.232486499807365,11.983302919708027,7.5924885676782345,84.9831204379562,0.13138686131386865
Oslo,13,10.055793795620437,8.900034780079523,10.712910583941605,6.34788459323101,67.09762773722628,0.12235401459854012
Bergen,22,6.637363138686131,6.0566807740382105,10.8047901459854,6.666993287796875,85.62089416058394,0.2680200729927005
Ostrava,9,9.890784671532847,8.285240456684807,11.62299270072993,7.027434053643817,77.99543795620438,0.0985857664233577
Ostrava,2,8.187545620437952,7.176700789977425,10.880611313868611,6.318959538479847,83.6081204379562,0.07988138686131388
Braga,8,12.366240875912407,5.324837465343145,7.5036496350364965,5.2242365527917265,85.33531021897811,0.21373175182481743
Braga,7,11.773175182481753,4.883191613901554,7.444114963503647,5.201273589911469,87.28740875912409,0.18458029197080283
Prague,4,7.852828467153284,6.914323515539762,10.287956204379556,5.787211938323673,84.39461678832117,0.08234489051094894
Trondheim,0,5.328147810218978,6.78878358104891,10.801505474452558,6.887853199232223,80.79242700729927,0.1481751824817518
Prague,12,13.259306569343066,8.755805015667056,12.597490875912412,7.447612141402847,62.35994525547445,0.06765510948905115
Bergen,3,5.9145529197080275,5.531797043565587,10.418065693430657,6.613647308097212,87.95666058394161,0.29899635036496336
Braga,21,14.945209854014596,5.521118730168598,8.722217153284666,4.875490731173207,80.3918795620438,0.1818886861313869
Braga,10,15.294069343065699,5.932156484575375,8.19210766423358,5.619266324190168,76.21487226277372,0.20967153284671528
Prague,7,7.833576642335767,7.206711485991403,10.441879562043795,6.049528403910802,84.14370437956204,0.08143248175182483
Ostrava,4,7.726322992700729,6.937673601376314,10.937135036496352,6.40714376262165,85.05520072992701,0.10602189781021902
Braga,2,12.621806569343065,4.845310335130007,7.5802007299270056,5.273758080010927,86.55793795620438,0.16952554744525547
Oslo,21,7.9555200729927025,8.384553978376047,10.07404197080291,5.608065074395763,77.49954379562044,0.10346715328467147
Oslo,8,6.338868613138686,7.953003456957687,9.409671532846723,5.682360985012367,82.70666058394161,0.1129105839416058
Bergen,20,7.702098540145981,6.506592182449684,11.468978102189784,6.55347523525011,81.31934306569343,0.29466240875912403
Prague,1,8.640739051094888,7.38277232813537,10.564735401459847,5.734699208313184,80.52509124087591,0.06240875912408761
Oslo,14,10.141925182481751,8.778256639467594,10.790875912408758,6.218855675629377,66.80200729927007,0.11874999999999995
Manchester,18,12.528467153284666,6.046211953118526,13.984717153284672,7.511931723738332,72.54242700729927,0.1354470802919708
Manchester,22,10.009854014598538,5.175636635611279,12.087728102189779,7.231125982127335,82.98175182481752,0.12956204379562045
Prague,22,10.000547445255476,7.927702163282565,10.810948905109491,5.694496659700303,75.44890510948905,0.06354927007299271
Bergen,14,9.537956204379562,6.577602691166895,12.493156934306574,6.5831818052499695,73.27144160583941,0.3361770072992698
Braga,16,19.927417883211675,6.168998410591162,12.489689781021895,5.819295677810438,60.11724452554745,0.2078923357664233
Prague,6,7.5078923357664245,6.86792774576412,10.362545620437958,5.960220138258566,85.49361313868613,0.08416970802919711
Prague,15,14.450729927007302,8.896051125044483,12.79242700729927,7.110957156306887,57.737226277372265,0.12677919708029192
Trondheim,22,6.021487226277373,7.152969590485544,11.275000000000002,6.826010406814425,78.87956204379562,0.14603102189781023
Braga,5,11.909762773722631,4.797073839779878,7.44329379562044,5.166229978007817,87.35401459854015,0.18471715328467153
Braga,12,18.306979927007305,6.027858011576005,9.708166058394163,6.081774398901979,65.73585766423358,0.20104927007299264
Braga,19,17.368978102189775,6.265168558442789,10.708576642335766,5.3276719953951375,71.69251824817518,0.17208029197080288
Braga,23,13.589507299270082,5.187708794075067,7.9312956204379566,4.880051566889313,84.6669708029197,0.18175182481751823
Zagreb,7,9.226733576642339,7.580416089118491,6.336633211678834,3.7414297840996995,85.69343065693431,0.10296532846715328
Luxembourg_City,16,13.84096715328467,7.755199699999435,15.131067518248173,7.1019920033925406,65.14096715328468,0.14260948905109497
Luxembourg_City,15,13.727828467153294,7.697514001277603,15.137454379562046,7.160963928095068,65.75866788321167,0.1489507299270074
Zagreb,3,9.636405109489049,7.267474883243649,6.758211678832115,3.6696811371646945,83.90556569343066,0.1296989051094891
Zagreb,10,12.736313868613136,8.623911156799652,6.361952554744528,4.402805360762432,73.90009124087591,0.0895529197080292
Plovdiv,11,15.609169708029196,9.293020051335189,8.816514598540147,6.071296399349214,58.45939781021898,0.05333029197080292
Tirana,5,12.73010948905109,6.721344597369429,6.127052919708029,3.529556092210584,73.05109489051095,0.16952554744525547
Plovdiv,1,12.386587591240877,8.370294939180141,8.246943430656938,5.477298884262424,68.83120437956204,0.06163321167883213
Plovdiv,16,19.343567518248175,9.626342350442698,9.915009124087591,5.876066620008914,47.386405109489054,0.10045620437956207
Zagreb,22,11.36879562043795,7.978606310524847,6.786724452554744,3.675317879586213,78.47901459854015,0.11094890510948907
Plovdiv,8,11.649589416058394,8.32179367356864,8.018658759124087,6.091942994337542,70.42700729927007,0.05483576642335766
Luxembourg_City,4,8.092472627737227,5.877897463676925,12.093932481751823,6.280544869847419,87.67563868613139,0.0881843065693431
Tirana,4,12.944753649635036,6.7645780393642045,6.128330291970804,3.4870609554748238,72.82116788321167,0.16532846715328467
Zagreb,5,9.025136861313866,7.104586909985926,6.543430656934306,3.6014656356179042,85.79425182481752,0.10570255474452556
Tirana,12,20.392335766423354,7.863839305165743,7.325456204379565,3.678655392523203,51.21624087591241,0.17947080291970802
Plovdiv,12,16.918202554744525,9.459401919401783,9.057481751824817,5.884160068145902,54.38914233576642,0.0572080291970803
Zagreb,13,15.994890510948899,8.71840891080337,8.358759124087591,5.240869647508071,61.35492700729927,0.08987226277372266
Zagreb,15,16.425958029197076,8.848276693853945,8.695939781021895,5.236206755707966,60.14507299270073,0.11957116788321169
Tirana,22,14.25825729927007,7.139172366777358,5.396304744525548,3.556226343951701,75.06569343065694,0.12230839416058392
Plovdiv,13,18.016560218978103,9.53916830880747,9.400045620437957,5.670735287571273,51.066605839416056,0.06090328467153283
Luxembourg_City,5,7.830565693430656,5.801365618459295,12.053239051094886,6.388102852720175,88.52463503649635,0.09379562043795622
Tirana,2,13.127782846715325,6.8088827673016015,6.344434306569341,3.5376421465919567,73.34580291970804,0.16423357664233576
Zagreb,11,14.042335766423362,8.655882655000644,6.978010948905112,4.739734643904795,68.92153284671532,0.08248175182481754
Plovdiv,0,12.889735401459852,8.521745455999998,8.493065693430657,5.627750186190328,67.50866788321167,0.05798357664233576
Tirana,23,13.776870437956207,7.012172936948593,5.78024635036496,3.4508820975242838,75.09397810218978,0.14119525547445252
Basel,14,15.136633211678832,8.039380150573322,9.518156934306573,5.782727288622157,62.9110401459854,0.11482664233576648
Reykjavik,18,4.933485401459851,6.055393248173032,14.703923357664237,8.061423435931394,77.89324817518248,0.20082116788321144
Madrid,19,20.062819343065698,9.628611985672405,11.532527372262777,6.631689918969298,45.82344890510949,0.07755474452554748
Nis,5,8.582116788321168,7.1475771390390115,5.176414233576639,3.420176035668243,82.88731751824818,0.08261861313868615
Cluj,17,13.977281021897813,9.17602416353192,9.717700729927005,5.4902501049932555,61.746350364963504,0.11341240875912414
Basel,19,13.583074817518247,8.595547287411005,8.79603102189781,5.008720622818654,69.61313868613139,0.12281021897810221
Stuttgart,16,14.771487226277378,8.10318575190172,10.985127737226271,6.160151353902111,60.82755474452555,0.14735401459854006
Milan,13,17.43426094890512,8.511641476352867,6.704698905109491,4.944823884653599,62.57162408759124,0.12107664233576636
Stuttgart,6,7.988366788321165,6.305307485671459,9.447992700729927,5.449344806206088,84.95620437956204,0.1006843065693431
Lahore,12,28.508622262773713,7.821959604149253,7.322764598540147,4.523853006854662,48.70346715328467,0.05862226277372263
Basel,3,9.053193430656934,6.4207608290536236,7.678330291970804,4.809066473955347,84.96897810218978,0.1660583941605839
Nis,4,8.835082116788325,7.254524774629543,5.2806113138686115,3.404651285991794,82.21578467153284,0.08225364963503651
Madrid,11,14.81934306569344,8.452160860419829,9.212043795620437,5.898549050088592,62.34352189781022,0.054197080291970824
Brno,12,13.437454379562048,8.880801887805056,12.003649635036503,6.71034035214902,62.43932481751825,0.058531021897810266
Lahore,17,27.38996350364964,8.110079579087554,7.817016423357665,4.356545267411481,52.63868613138686,0.07340328467153286
Stuttgart,13,14.187864963503646,7.937369432270951,10.596395985401456,6.312156793144038,63.15465328467153,0.10415145985401467
Stuttgart,17,14.41587591240876,8.264867590780273,10.686496350364964,5.93357034959149,62.28147810218978,0.12937956204379558
Cluj,4,7.176003649635033,7.100003144637892,6.877189781021896,4.045466456843758,86.28740875912409,0.07043795620437959
Tbilisi,2,11.077737226277362,8.093262113448986,8.294571167883209,6.324318808897597,76.8845802919708,0.08594890510948906
Tbilisi,0,11.701870437956215,8.336091741800004,8.647308394160586,6.640359845445764,74.84215328467154,0.07007299270072995
Reykjavik,8,3.4717153284671527,5.649383964928214,13.878147810218982,8.118834515133388,82.27281021897811,0.16729014598540123
Brno,14,14.276733576642332,8.985146559757581,12.62007299270073,6.698102103459689,59.16742700729927,0.08927919708029201
Basel,7,8.50424270072993,6.4677661781293185,7.329060218978106,4.720211011848093,86.35218978102189,0.13366788321167886
Madrid,22,16.611541970802918,9.075524635846415,10.323129562043796,5.488934028908768,56.84215328467153,0.05310218978102191
Lahore,4,18.963914233576645,7.673283912079579,7.499635036496352,3.7017604523233056,78.47673357664233,0.16893248175182482
Brno,5,7.529972627737221,6.964035563336178,9.28553832116789,4.762513918576786,84.47171532846716,0.07472627737226283
Nis,6,8.582253649635037,7.27428273159829,5.066970802919706,3.4666388588509975,83.49498175182482,0.07404197080291973
Basel,15,15.460401459854017,8.13478544879381,9.775091240875913,5.728750746246571,61.568430656934304,0.15492700729927014
Krakow,15,13.894114963503648,8.98655809632051,13.165054744525538,7.323949048417831,61.03877737226277,0.1307025547445255
Tbilisi,8,11.337682481751823,8.870121422594956,7.2994525547445255,5.656009407734925,75.62728102189782,0.06874999999999999
Brno,10,11.321076642335772,8.665829332428,10.555200729927012,6.137870589070642,70.83439781021897,0.07157846715328471
Lahore,1,20.24370437956205,7.745718421554879,7.5176551094890485,3.4647528679537825,74.34945255474453,0.04105839416058394
Krakow,5,7.204835766423356,7.024895702153978,10.081706204379563,6.050451074191467,86.1719890510949,0.09662408759124093
Tbilisi,3,10.80688868613139,7.98622518965849,8.103740875912404,6.103724212171309,77.7235401459854,0.08777372262773722
Krakow,12,12.985082116788325,8.868115342794017,12.531478102189782,7.563225907643793,64.93521897810218,0.09539233576642335
Basel,11,12.689005474452548,7.8236089307313765,8.127463503649636,5.459338374685245,72.50638686131387,0.126779197080292
Reykjavik,20,4.258895985401458,5.85457127424731,13.875775547445254,8.14496015574319,80.61450729927007,0.18106751824817496
Milan,16,18.5790602189781,8.450021372074852,6.792563868613138,4.873049647474789,58.590328467153284,0.1709397810218978
Cluj,6,6.815693430656931,6.982711205142495,6.7989963503649635,4.1869386922633645,86.75273722627738,0.08914233576642339
Nis,15,17.56610401459854,9.389230542097357,9.615784671532847,5.3983834594737985,52.018248175182485,0.08672445255474455
Krakow,4,7.408804744525545,7.049534591667696,10.044571167883214,6.069213426701095,85.64644160583941,0.09808394160583946
Lahore,11,27.358302919708027,8.02743268044059,7.220711678832118,4.651088499571347,53.22901459854015,0.05273722627737227
Reykjavik,9,3.8668795620437937,5.840647298497965,14.168658759124074,8.23421568900904,80.39689781021897,0.1626368613138684
Basel,4,8.795757299270067,6.344965715656316,7.462819343065694,4.700666595593662,85.56478102189782,0.1297445255474453
Brno,9,10.063549270072992,8.49240210230415,9.854653284671532,5.764860444577738,75.63640510948905,0.07312956204379566
Milan,20,15.3363594890511,8.82513402069421,7.315191605839415,4.473697364112952,72.11587591240875,0.12335766423357668
Madrid,4,12.356523722627738,7.377847073185445,9.508120437956201,5.123002575492267,70.77828467153284,0.08343978102189782
Madrid,10,12.96587591240876,8.22690001466669,9.255748175182482,5.433466606776231,68.54881386861314,0.05752737226277374
Nis,17,16.330200729927004,9.805606233498557,8.675045620437954,4.7866906704284675,57.0132299270073,0.0717153284671533
Milan,12,16.463594890510954,8.58226214840071,6.838047445255479,5.084323498038763,66.22764598540147,0.10743613138686126
Krakow,11,12.116332116788325,8.781448416375603,11.955337591240882,7.380406837640035,68.57846715328468,0.09320255474452555
Tbilisi,14,18.595848540145983,9.38037105468424,9.871852189781025,7.240892335026384,48.63868613138686,0.053102189781021915
Madrid,5,11.791925182481757,7.185010484483053,9.32089416058394,5.055760417043484,72.76186131386861,0.06377737226277373
Tbilisi,21,13.424726277372264,9.129991799960784,8.66309306569342,6.943592386512809,67.66788321167883,0.05597627737226279
Cluj,9,9.100364963503655,8.657256562611558,7.3530109489051165,4.7324364122750815,80.30200729927007,0.07408759124087591
Milan,8,11.61906934306569,8.02041504306431,7.032390510948905,4.376547403141082,83.71122262773723,0.1583485401459854
Cluj,3,7.274817518248175,7.292697602590855,7.059762773722628,3.9658652586299974,85.99543795620438,0.05483576642335767
Reykjavik,2,3.0834397810218968,5.1919507648752505,13.35638686131386,8.48199991121267,85.22399635036497,0.1881386861313866
Milan,2,11.937271897810216,7.549181658823272,7.6091697080291985,4.179769455537732,82.94981751824818,0.15287408759124083
Nis,19,13.605291970802925,9.51783927909785,7.219753649635038,3.5290161041222494,66.75821167883211,0.06619525547445257
Madrid,8,10.870255474452552,7.023918211768365,9.295255474452555,4.972506366053711,76.06934306569343,0.06158759124087594
Krakow,0,8.36934306569343,7.531835971756022,9.926414233576635,5.7579132386200484,82.37454379562044,0.08873175182481753
Reykjavik,15,5.624543795620442,5.994238811108432,15.47052919708028,8.32711243742229,75.31295620437956,0.226961678832117
Basel,10,11.377007299270074,7.760632822255129,7.665647810218977,5.239479179476063,77.24863138686132,0.11482664233576648
Basel,1,9.296076642335763,6.781230514668672,7.471532846715326,4.874975623978428,83.7764598540146,0.12518248175182484
Basel,22,10.711952554744528,7.416473788255335,7.867837591240874,4.680974366292064,79.6286496350365,0.1232664233576642
Stuttgart,3,8.737271897810226,6.497361922472607,9.739324817518247,5.326968245589247,82.6154197080292,0.10542883211678832
Cluj,10,10.575182481751826,8.905855903452665,7.869251824817518,4.938993462844839,74.86770072992701,0.07016423357664237
Krakow,1,8.048722627737227,7.400643156803912,9.8401003649635,5.834377931730171,83.3955291970803,0.08959854014598544
Reykjavik,22,3.596760948905113,5.59157476509076,13.43065693430655,8.373245297464315,83.18202554744525,0.1860857664233575
Lahore,8,21.537819343065696,8.645353296821614,7.561268248175184,4.501142492742049,72.95529197080292,0.093521897810219
Reykjavik,10,4.309899635036503,5.988622072764824,14.422080291970802,8.290744547116116,78.40100364963503,0.17445255474452515
Brno,11,12.470574817518248,8.785670776239368,11.294525547445252,6.543211501498377,66.31478102189782,0.0640967153284672
Krakow,3,7.649680656934308,7.112133735349279,10.093932481751834,6.0225632838889265,85.04744525547446,0.10374087591240874
Tbilisi,15,18.86053832116789,9.471791374472142,10.251459854014598,7.286871187710367,47.79698905109489,0.05104927007299272
Reykjavik,3,2.9645985401459862,5.18487305992341,13.35926094890512,8.425401488001611,85.34352189781022,0.1775547445255472
Basel,16,15.557801094890513,8.175842079082079,9.9301094890511,5.667600423168237,61.11998175182482,0.1336222627737227
Stuttgart,22,10.314735401459856,7.275102564175681,9.514005474452555,5.2123759982572935,77.21578467153284,0.09548357664233581
Reykjavik,19,4.607664233576642,5.969947987883612,14.220620437956194,7.988716025227251,79.21167883211679,0.18996350364963488
Reykjavik,12,5.059397810218984,5.970982104796944,15.079197080291967,8.337390044022843,76.7919708029197,0.17135036496350328
Milan,14,17.96774635036496,8.455602893660842,6.807436131386863,4.8307034143522225,60.91423357664234,0.12687043795620442
Lahore,0,20.763914233576635,7.738473875182128,7.5845802919708,3.40981874944892,72.79790145985402,0.03430656934306569
Lahore,7,19.754516423357664,8.492235433600671,7.532390510948905,4.240139864134492,78.58074817518248,0.11706204379562045
Krakow,14,13.816879562043804,8.954985440686368,12.98996350364964,7.370379961343162,61.31478102189781,0.130155109489051
Nis,21,11.515647810218976,8.5214351917453,6.245939781021899,3.0090676794366034,72.56569343065694,0.06446167883211679
Reykjavik,1,3.217107664233577,5.232545192669853,13.410401459854024,8.484996903594048,85.04014598540147,0.1969434306569341
Tbilisi,7,10.52732664233576,8.19901400975401,7.373038321167891,5.6260436554919435,78.89963503649635,0.07162408759124086
Madrid,0,14.856295620437956,8.516104783038461,10.22796532846715,5.492708569808316,62.097171532846716,0.05173357664233577
Tbilisi,12,16.99151459854015,9.225733516088223,8.740739051094884,6.822081098013074,54.14826642335766,0.057390510948905155
Lahore,19,24.445483576642342,7.920023998720284,7.602281021897806,3.7071943695353533,61.18293795620438,0.028877737226277372
Brno,2,8.314461678832117,7.337410053387212,9.187728102189778,4.602319176348028,81.91058394160584,0.059717153284671545
Nis,10,13.567791970802928,8.822074252593554,6.753740875912409,4.484321758767527,67.85629562043796,0.06669708029197083
Milan,21,14.287271897810207,8.427703519980863,7.592928832116785,4.384365005615251,75.01049270072993,0.12577554744525546
Stuttgart,4,8.42728102189781,6.417962035821089,9.679333941605835,5.424699409380544,83.58257299270073,0.10228102189781024
Krakow,7,7.793978102189782,7.589242083056119,10.071806569343064,6.1971665632072455,84.49270072992701,0.09881386861313869
Stuttgart,15,14.757846715328467,8.031031356225746,10.899133211678848,6.289754927533057,61.044251824817515,0.1349908759124088
Cluj,5,6.988138686131388,7.033233945255468,6.850638686131388,4.117114247709649,86.48722627737226,0.06916058394160585
Tbilisi,23,12.123448905109495,8.543548996207946,8.746122262773723,6.740890942446812,73.17974452554745,0.06911496350364965
Tbilisi,19,15.601049270072993,10.01862955676346,9.171304744525552,7.209989300833504,59.9831204379562,0.05323905109489053
Sarajevo,13,16.319844890510925,8.528745571634731,6.965419708029199,3.6737662020947126,58.39826642335766,0.15702554744525518
Sarajevo,19,13.250273722627743,8.895016267175741,5.219388686131388,2.5291333965391125,70.7860401459854,0.11345802919708026
Bursa,13,19.63015510948906,8.584970806882593,9.394160583941604,4.473817805617644,56.87408759124087,0.15369525547445254
Munich,4,7.302691605839412,6.560300436436244,9.638594890510952,5.510297189159024,85.8786496350365,0.13070255474452547
Munich,7,7.15565693430657,6.766964410077423,9.646076642335762,5.563387940467625,86.31569343065694,0.12728102189781024
Munich,5,7.053467153284673,6.500324524063053,9.584397810218974,5.5364204866648095,86.50684306569343,0.13302919708029196
Munich,17,13.456569343065697,8.51736608686734,10.843886861313864,6.370471806534867,63.18932481751825,0.135264598540146
Sarajevo,8,9.885766423357673,8.374182682856047,4.670529197080294,2.7886822338896504,81.79653284671532,0.10282846715328463
Munich,12,12.647125912408763,8.15891405430443,10.417791970802911,6.675751815811919,66.78102189781022,0.10342153284671528
Sarajevo,14,16.66359489051095,8.617691536999086,7.384717153284673,3.644641692216674,56.08348540145985,0.16765510948905088
Munich,1,7.76865875912409,6.9531212714963475,9.718156934306569,5.464518026211698,84.18704379562044,0.1326642335766423
Sarajevo,2,8.50072992700729,7.033969828821342,5.239552919708029,2.4191462788203055,86.24680656934306,0.11578467153284669
Sarajevo,17,15.611405109489063,8.951430761370526,6.802554744525547,3.410367960690966,60.51733576642336,0.1459397810218977
Munich,10,10.241377737226273,8.073624502966082,9.81852189781022,6.2533754649826525,76.11313868613139,0.10725364963503647
Bursa,21,14.341651459854015,7.829413791611204,6.080976277372263,3.3715306532844553,73.98950729927007,0.0948448905109489
Munich,16,13.9341697080292,8.320368421280754,11.258257299270069,6.604423318338649,61.34443430656934,0.14238138686131377
Bursa,14,20.0146897810219,8.67458363160305,9.779333941605842,4.493826275057225,55.613138686131386,0.14776459854014598
Munich,3,7.574315693430655,6.637106592650142,9.762910583941602,5.634731842328393,85.14416058394161,0.14730839416058386
Munich,2,7.757527372262774,6.799476977978265,9.716514598540149,5.443044048397419,84.49954379562044,0.12144160583941603
Sarajevo,20,12.015647810218987,8.488511130587474,4.888412408759123,2.2705047900087174,75.50821167883211,0.09662408759124089
Bursa,5,11.78125,6.9301851796924465,4.800410583941605,2.8490191150749196,76.86496350364963,0.10328467153284668
Sarajevo,3,8.53982664233577,6.933158512696387,4.965282846715327,2.4429340935089163,86.01140510948905,0.11300182481751822
Sarajevo,18,14.538047445255488,9.030514901193513,6.014233576642333,2.9535577500900057,64.93521897810218,0.13029197080291963
Geneva,6,8.944069343065697,6.40238298934432,5.64005474452555,4.076993101437581,87.53740875912409,0.13362226277372266
Geneva,17,15.379151459854011,8.44232391312861,9.062499999999993,5.476567964353958,60.99315693430657,0.1515967153284671
Zurich,20,11.473175182481757,8.09059448802511,6.6405565693430635,4.203217808498655,77.06751824817518,0.17513686131386855
Geneva,23,10.880839416058393,7.289342340370839,6.414507299270071,4.18721613303168,79.72217153284672,0.14434306569343064
Skopje,23,12.099133211678826,8.46609713556698,4.734580291970809,2.2886059939731336,69.94160583941606,0.05916970802919709
Pristina,5,7.539096715328466,7.128449165108909,6.619936131386863,4.489580146399441,83.40282846715328,0.07253649635036494
Ankara,13,17.824635036496346,9.676050643270296,9.890967153284661,5.992825512387607,42.16970802919708,0.05515510948905113
Skopje,7,10.455063868613136,8.178208618499186,4.363822992700736,2.353024328073992,75.46076642335767,0.05743613138686133
Yerevan,5,9.880063868613139,8.927826610786504,5.208850364963497,2.848530357097839,64.62454379562044,0.05036496350364965
Pristina,20,11.36240875912409,9.089677527526925,9.632253649635045,4.618592477210785,68.86815693430657,0.06432481751824815
Yerevan,19,15.654516423357656,11.951369880890367,8.46989051094891,6.602152836641724,49.7367700729927,0.06464416058394161
Riyadh,4,22.12696167883212,7.76363500915352,10.0139598540146,5.195761219947359,33.39963503649635,0.011268248175182481
Ankara,8,9.927919708029195,8.81492425897155,5.878877737226282,4.106107041210828,70.90465328467154,0.039005474452554756
Bern,15,13.71660583941606,8.17684822503318,9.676322992700735,6.321834150081884,63.74452554744526,0.18608576642335756
Yerevan,13,17.97531934306569,10.717677246376176,6.69808394160584,4.1197995697611836,39.50638686131387,0.038503649635036497
Ankara,4,8.774954379562041,7.704402974396729,6.124224452554744,3.4622726158727377,75.76003649635037,0.04411496350364964
Yerevan,21,13.036131386861316,10.766131759358293,8.533211678832117,5.820427921651203,57.902372262773724,0.07103102189781023
Geneva,0,10.409854014598539,7.097848657849283,6.170255474452551,4.127947996108161,81.6911496350365,0.14370437956204377
Zurich,2,8.472080291970807,6.766341893298762,6.346167883211675,4.258464216741352,88.60538321167883,0.13480839416058393
Geneva,5,9.156979927007304,6.474133950533878,5.788959854014598,4.105735812001231,86.85720802919708,0.14133211678832117
Bern,9,8.32276459854015,7.6945870607155085,5.902782846715331,5.1308951811939565,82.13093065693431,0.1262773722627737
Geneva,10,11.208074817518252,7.652866497009749,7.0370894160583966,5.18613266222293,77.8257299270073,0.12043795620437958
Bern,10,9.642198905109488,7.884266308700335,6.489552919708032,5.396543290817505,78.10036496350365,0.11227189781021901
Skopje,16,18.567609489051083,10.120659564021869,6.624543795620439,3.706823216535559,48.93658759124087,0.07550182481751817
Yerevan,3,10.295985401459848,9.059939474035017,5.549087591240872,2.7821739867835453,62.33622262773723,0.044297445255474466
Yerevan,9,12.268476277372265,10.232766383300781,4.929242700729928,3.009981534405788,57.17746350364963,0.040739051094890524
Zurich,17,14.08184306569344,8.386927662482087,7.774908759124085,5.106413932541821,64.50821167883211,0.15670620437956198
Bern,3,7.419571167883211,6.679200956758659,6.414324817518248,4.858413876475536,85.05383211678833,0.21386861313868596
Ankara,7,8.674270072992696,8.005041452109092,5.84671532846715,3.7369762493320233,75.85401459854015,0.042016423357664257
Skopje,5,10.12294708029196,7.633926287451106,4.418841240875912,2.2556012593018,76.55976277372262,0.06377737226277375
Ankara,14,18.434352189781016,9.73413121384808,10.581204379562049,6.055580300072349,40.13914233576642,0.08006386861313866
Skopje,1,11.145301094890517,8.088451335259736,4.621897810218977,2.196253075046884,73.14507299270073,0.05556569343065696
Bern,18,12.760036496350365,8.615352519787045,8.857755474452551,5.7824877722805725,67.40282846715328,0.176140510948905
Yerevan,17,18.388184306569332,11.626680941245088,7.750319343065691,5.256681205515666,39.4867700729927,0.06510036496350367
Bern,1,7.622445255474458,6.8847152655197075,6.4013229927007265,4.848637565877672,83.48996350364963,0.1355839416058394
Skopje,22,12.833211678832122,8.813648138783224,4.679470802919714,2.3671296302704925,67.4543795620438,0.06364051094890509
Geneva,14,14.972490875912408,8.124184225446278,8.834306569343063,5.701018835894414,62.29516423357664,0.1161496350364963
Ankara,23,11.126231751824825,8.900114658164043,7.6114051094890565,4.142972850536709,66.04790145985402,0.04302007299270075
Pristina,6,7.555200729927007,7.2548792411135,6.503968978102181,4.593018309675302,83.50775547445255,0.05871350364963505
Yerevan,0,11.280885036496349,9.668776273860638,6.785127737226279,3.9131893888705576,60.931569343065696,0.04913321167883213
Skopje,0,11.576733576642335,8.22926653258156,4.645939781021898,2.1896382541839636,71.70894160583941,0.055246350364963524
Yerevan,6,9.579790145985404,8.883323385391922,5.088047445255475,2.7950587915347818,65.80793795620438,0.05364963503649636
Pristina,17,15.558257299270066,9.961893862176066,11.28248175182481,5.689248842846746,53.293339416058394,0.08818430656934302
Bern,12,12.249041970802917,7.869099014553011,8.191104014598544,6.142571165569967,69.24178832116789,0.11656021897810216
Pristina,10,13.2530109489051,9.334988880656452,8.282344890510933,5.379722851466086,62.3257299270073,0.0637317518248175
Ankara,0,10.464416058394164,8.607841532717448,7.294479927007297,4.027115034738887,68.68978102189782,0.04069343065693431
Skopje,11,15.91113138686132,9.441384385348076,5.2472171532846685,2.6423164381128585,57.40693430656934,0.05720802919708032
Yerevan,18,17.23850364963503,11.983325747884205,8.16578467153285,5.995810718018105,43.53695255474452,0.056843065693430665
Skopje,9,12.948996350364965,9.087712394442985,4.658850364963504,2.4311653948366914,67.04972627737226,0.05843978102189785
Pristina,3,8.107664233576648,7.334914014283404,6.679197080291967,4.49962275343827,81.52463503649635,0.06760948905109485
Pristina,21,10.450958029197077,8.653440099387748,8.881934306569343,4.531689957871858,72.40328467153284,0.0660583941605839
Bern,8,7.353512773722625,7.195904844563598,5.840100364963505,4.911026034636738,84.94799270072993,0.14452554744525548
Pristina,14,16.88476277372263,9.496631103556851,11.268886861313865,5.95861116778143,48.293795620437955,0.08900547445255469
Zurich,14,13.840875912408766,8.193135840789893,7.8226733576642316,5.275674788134844,65.60127737226277,0.12326642335766415
Skopje,8,11.463275547445253,8.830854731595254,4.476687956204383,2.3929436387281764,71.94936131386861,0.0539233576642336
Zurich,4,8.039142335766426,6.509486164567532,5.928877737226281,4.2409773228859695,89.91514598540147,0.1642791970802919
Skopje,12,17.163321167883215,9.609591070354291,5.736815693430656,2.870652824254182,53.41423357664234,0.05091240875912412
Riyadh,10,28.959671532846716,9.124759175742199,13.160629562043802,7.489233785771955,23.15374087591241,0.007664233576642336
Yerevan,11,15.474726277372275,10.3355271654234,5.609717153284676,3.6828802641407914,46.76596715328467,0.042791970802919715
Zurich,18,13.368156934306564,8.562421943369262,7.4850364963503635,4.773467537433957,67.84032846715328,0.16145072992700724
Ankara,3,9.06081204379562,7.908741928010503,6.524133211678829,3.519467496928503,74.57344890510949,0.036450729927007305
Ankara,12,16.832299270073005,9.598482146752842,8.947080291970792,5.808961635871208,45.52052919708029,0.03877737226277376
Riyadh,17,32.131341240875926,8.908726711420785,15.736633211678837,6.8720293230222405,18.058850364963504,0.0038777372262773723
Skopje,17,17.84311131386861,10.43740193668753,6.39781021897811,3.5965365387932566,52.18886861313869,0.07285583941605837
Zurich,8,8.296897810218976,7.083758491803668,5.710310218978104,4.327984521439906,89.10355839416059,0.14899635036496342
Ljubljana,6,7.137043795620436,7.158733994710711,3.9125912408759147,2.367609328101241,91.69160583941606,0.14041970802919704
Ljubljana,21,10.618749999999997,8.335044200992373,5.247171532846717,2.7818150482740647,80.99452554744525,0.1227189781021898
Ljubljana,16,15.88996350364963,8.741391780421615,8.188184306569346,4.937597076493248,59.64507299270073,0.17267335766423342
Sofia,21,11.573722627737222,9.010014875780112,7.1183850364963455,3.7299941989686936,68.05839416058394,0.07034671532846715
Turin,6,9.378877737226274,7.5629092045552,4.341651459854015,2.6389619432092384,87.32983576642336,0.0920164233576642
Sofia,22,10.751049270072997,8.691410155516177,6.872673357664234,3.706494056372446,71.11724452554745,0.07144160583941604
Turin,13,17.13024635036497,8.761522885904252,4.546989051094894,3.007280085616276,57.917883211678834,0.08818430656934302
Turin,2,10.433850364963506,7.9147525682588045,4.949452554744531,2.897771326303403,85.36952554744525,0.08914233576642329
Turin,23,11.73877737226278,8.316656476830644,4.715374087591241,2.715517547625073,80.89324817518248,0.11628649635036488
Turin,16,18.42773722627737,8.670858920609055,5.091104014598547,3.30044162074716,54.02417883211679,0.10474452554744519
Ljubljana,23,9.235310218978102,7.895309603367179,4.4173357664233555,2.502207263012505,85.99315693430657,0.15191605839416047
Sofia,11,13.23120437956205,8.982252027897522,8.113549270072994,4.944437404244346,62.581204379562045,0.07208029197080291
Turin,7,9.400547445255484,7.760578073930032,4.307344890510953,2.602641615891061,86.70574817518248,0.09562043795620434
Turin,20,14.589187956204363,9.261753576065978,5.59771897810219,3.1568063140567424,70.41058394160584,0.12171532846715316
Ljubljana,11,13.1594890510949,8.842251650610981,4.922810218978105,4.109801682778791,69.84032846715328,0.1281934306569343
Turin,18,17.10871350364963,9.34997671736571,5.365510948905114,3.2749685215065245,59.93978102189781,0.1229470802919707
Turin,8,9.92709854014598,8.322362146979902,4.159808394160592,2.6825729591583283,84.42563868613139,0.10510948905109484
Sofia,0,9.61090328467153,8.230016789963104,6.6604927007299235,3.7756612442159123,74.90693430656934,0.07335766423357662
Sofia,18,15.41318430656933,9.80092509939695,8.881113138686132,4.642817516157062,54.76368613138686,0.08458029197080293
Sofia,23,10.112408759124088,8.417436492069033,6.7112226277372296,3.756993413436717,73.30155109489051,0.07281021897810218
Turin,4,9.92522810218978,7.697132509927061,4.508120437956203,2.780495036863907,86.55702554744525,0.126140510948905
Ljubljana,20,11.650729927007314,8.704444135599639,5.6918795620437965,2.976567198115092,77.67563868613139,0.12878649635036493
Turin,14,17.787089416058375,8.594019569171667,4.981341240875917,3.261606516480585,55.745894160583944,0.08339416058394153
Sofia,1,9.217837591240873,8.07390420123654,6.6628649635036545,3.7503967359298436,76.19206204379562,0.06478102189781026
Sofia,7,8.005748175182491,7.292492140037068,6.737591240875912,3.868515760094958,81.46806569343066,0.06633211678832118
Turin,12,15.919708029197073,8.954876705012767,4.406706204379567,3.0266857706667762,62.56979927007299,0.08471715328467147
Turin,17,18.017791970802914,8.932680068970189,5.164963503649643,3.365115506489028,56.43567518248175,0.10830291970802913
Amsterdam,13,13.500958029197076,6.414815120463732,16.886587591240875,8.068977100832385,72.14963503649635,0.12157846715328477
Amsterdam,0,10.026733576642336,5.544292973762995,13.088822992700734,7.304008020563446,85.93658759124088,0.10456204379562048
Amsterdam,10,11.182572992700731,6.288205701107726,14.807025547445258,7.7502848641443745,81.5095802919708,0.09703467153284674
Amsterdam,4,9.31897810218978,5.312432586559637,12.881614963503647,7.313236440871192,88.25821167883211,0.11519160583941611
Amsterdam,16,13.92659671532846,6.466357815016775,17.120301094890515,7.81230134502418,70.08622262773723,0.15611313868613153
Amsterdam,6,9.003649635036494,5.274858377289896,13.050136861313865,7.406227410369188,89.23403284671532,0.09945255474452559
Amsterdam,15,13.991104014598541,6.447051361585066,17.179972627737225,7.902273092962771,70.0661496350365,0.1670164233576644
Amsterdam,20,11.786952554744525,6.266703169806997,14.050821167883205,7.387648002176408,78.9580291970803,0.10041058394160587
Amsterdam,3,9.512864963503652,5.358084751862131,12.915784671532844,7.206939637372108,87.64872262773723,0.1288777372262774
Amsterdam,5,9.130155109489053,5.276897658981124,12.96076642335766,7.363803870635667,88.84534671532846,0.10593065693430659
Amsterdam,19,12.458074817518245,6.499084550067251,14.836222627737225,7.357419524221055,76.01003649635037,0.10369525547445262
Cologne,0,10.441605839416056,6.414274984169655,11.028239051094884,5.659413019848208,81.09717153284672,0.09712591240875916
Cologne,13,14.437636861313857,7.4644413393685,13.259215328467151,7.069004406564594,65.41195255474453,0.09776459854014602
Cologne,3,9.677098540145987,5.928260853258655,10.616742700729931,5.52619567855857,84.42107664233576,0.10816605839416057
Cologne,15,15.157618613138679,7.5697955120094145,13.465374087591243,7.022957135371225,62.24224452554745,0.16135948905109485
Cologne,12,13.598996350364967,7.384944588057297,12.802144160583943,6.9260381553041555,68.92153284671532,0.09639598540145984
Cologne,19,13.742563868613136,7.780442155942742,12.105885036496348,6.149405394885569,68.44160583941606,0.11587591240875914
Cologne,7,9.104379562043796,5.945827173250921,10.876414233576643,5.762760358085127,86.13640510948905,0.0932481751824818
Cologne,5,9.119525547445251,5.806069641831002,10.662317518248175,5.609680922195084,86.18476277372262,0.09854014598540146
Stavanger,7,7.68147810218978,5.40273811993352,14.27627737226277,8.492462532423012,84.56021897810218,0.19927007299270072
Stavanger,8,8.0103102189781,5.581659957558543,14.21478102189781,8.50754923155784,83.60036496350365,0.20903284671532846
Stavanger,6,7.502737226277373,5.272981846365108,14.248357664233584,8.488330488971346,85.1418795620438,0.214507299270073
Stavanger,19,9.355702554744527,5.773510414763831,15.993978102189779,8.589405777293644,78.82436131386861,0.19178832116788327
Stavanger,16,10.407208029197077,5.782518474296982,16.723129562043805,8.374132034185505,74.99726277372262,0.20182481751824824
Stavanger,12,10.024771897810218,5.950629255602362,15.275410583941607,8.348682780371018,76.16423357664233,0.19940693430656944
Stavanger,4,7.58188868613139,5.221262701624866,14.279698905109486,8.533380815002662,85.24133211678833,0.22700729927007302
Stavanger,21,8.587089416058395,5.511529123324941,15.208439781021895,8.636370658901924,81.88138686131387,0.20980839416058394
Stavanger,5,7.495209854014597,5.223451476117427,14.232299270072996,8.488841259533945,85.15237226277372,0.2264598540145986
Stavanger,3,7.6824361313868605,5.21460023270943,14.297354014598534,8.621124656816693,85.33941605839416,0.2541970802919708
Singapore,0,25.317518248175183,1.0223712379034473,6.17052919708029,2.7223768196580522,92.78740875912409,0.13083941605839405
Bangkok,10,29.57203467153282,2.1691538759074245,8.762317518248173,4.409028092525474,66.51003649635037,0.11760948905109482
Auckland,14,18.31966240875912,3.4316074897298927,19.04128649635035,8.960869687961043,69.01459854014598,0.22294708029197077
Porto,23,14.269206204379556,4.115151697204696,11.231569343065694,6.752848694874923,84.45848540145985,0.13873175182481748
Singapore,8,25.261998175182477,1.157150777732324,6.901414233576651,3.194493037584042,93.00273722627738,0.2572992700729925
Jakarta,15,29.716104014598546,1.7877647870875268,8.9668795620438,4.18599932509614,69.66468978102189,0.5864051094890518
Buenos_Aires,14,20.844753649635038,6.07410796875917,15.987636861313867,7.117499053034103,58.89051094890511,0.12349452554744525
Manila,20,27.186177007299268,1.42795509624031,8.981341240875906,5.273451970956271,80.92655109489051,0.23517335766423336
Mumbai,1,24.8110401459854,2.4689188719719706,8.927281021897807,5.476898439792724,80.41742700729927,0.2444799270072992
Jakarta,0,25.1163321167883,0.8719827184930422,5.0516423357664255,2.5112829904538776,90.4867700729927,0.1864507299270072
Manila,11,30.174361313868612,1.9768074600968544,9.296395985401459,6.610658362349326,66.46578467153284,0.214689781021897
Mumbai,4,24.155793795620436,2.6804877056114442,8.975866788321166,5.479475556543835,82.12363138686132,0.27787408759124077
Bangkok,11,30.581614963503633,2.173720588572403,9.305793795620442,4.4842641050206105,62.394160583941606,0.1274178832116786
Buenos_Aires,18,19.648175182481765,6.279344355996257,15.62066605839416,7.313592936266356,64.8713503649635,0.08613138686131389
Auckland,17,17.269662408759107,3.4812592447105875,18.565602189781007,8.70168060080704,73.16879562043796,0.18056569343065687
Buenos_Aires,7,14.894069343065691,6.062567541449879,14.184169708029195,6.292592730501628,81.65237226277372,0.11989051094890511
Manila,18,27.904060218978096,1.779395979554398,9.772399635036498,6.249066025255719,76.05839416058394,0.38508211678832127
Buenos_Aires,17,20.53120437956205,6.131962249695636,16.208166058394156,7.191323688213478,60.56934306569343,0.0906478102189781
Buenos_Aires,19,18.732344890510944,6.149029183773975,15.265602189781031,7.103796736373218,69.08211678832117,0.08147810218978105
Valletta,8,19.28695255474452,5.469170340145147,16.285766423357675,9.544173786610008,76.22262773722628,0.03576642335766423
Jakarta,5,24.026094890510926,0.8047688114726572,4.821167883211679,2.2943680982861325,93.31067518248175,0.1381386861313867
Karachi,14,30.055885036496363,3.5607682853350786,19.922718978102186,8.129928722268136,50.00821167883212,0.061541970802919725
Valletta,20,19.960492700729926,5.610507952341538,16.97080291970803,9.794299504207544,72.9676094890511,0.02422445255474453
Auckland,1,14.788093065693413,3.419345133961452,14.47855839416057,8.840708408756402,84.60355839416059,0.18339416058394153
Singapore,7,24.328102189781028,1.0962841069011433,6.106478102189781,2.6990225939311507,95.54425182481752,0.2592153284671533
Lisbon,7,14.544434306569352,3.9035842403800585,11.0482208029197,5.84682514234465,85.90967153284672,0.08056569343065695
Mumbai,10,29.07887773722628,2.5848390644588886,10.1973996350365,6.1349421280574585,62.08804744525548,0.33868613138686116
Bangkok,5,25.188777372262788,1.9912684712925834,6.512089416058396,2.8130660801968075,87.23357664233576,0.08622262773722628
Bangkok,13,31.642609489051083,2.2880037871165504,10.403695255474451,4.440741221493478,58.33713503649635,0.2615875912408757
Karachi,3,23.658120437956207,4.690326014998954,14.387271897810212,6.251384324499004,79.55018248175182,0.038594890510948915
Karachi,9,25.98407846715328,5.147259769072031,15.451687956204369,8.347604891152127,64.89781021897811,0.027737226277372268
Lisbon,19,18.451916058394158,5.025706258060813,14.958895985401456,6.281220571712855,69.31979927007299,0.061131386861313884
Mumbai,19,26.815328467153268,1.8827261282233445,13.751049270072983,5.232207143828337,75.92563868613139,0.2693886861313868
Manila,4,25.34397810218977,1.309690824279764,6.103375912408762,4.972883797410762,89.20894160583941,0.1672901459854014
Singapore,21,26.094343065693433,1.0662341443497223,6.402463503649634,3.185231402244145,89.09945255474453,0.27969890510948886
Buenos_Aires,21,17.66865875912409,5.782642027344323,15.341605839416049,6.88230141881797,73.62454379562044,0.08056569343065696
Lisbon,13,20.395255474452558,5.739450491770321,12.929744525547443,6.756293638003576,61.322080291970806,0.09986313868613135
Sydney,4,14.385720802919703,4.514281969302675,10.978375912408755,6.1071908076499755,85.03923357664233,0.12659671532846706
Jakarta,9,28.759534671532823,1.5607755806713433,5.22901459854015,3.4743813447400544,73.01186131386861,0.14260948905109483
Singapore,9,26.65483576642336,1.3355082419087705,7.6976277372262825,4.001323814727178,87.38594890510949,0.5457116788321176
Jakarta,1,24.845027372262802,0.8427871536631203,5.110355839416055,2.5681167432138987,91.37043795620438,0.20501824817518224
Manila,9,28.38275547445255,1.7006600803155163,6.7934762773722674,5.560412032989672,74.5264598540146,0.1939781021897805
Manila,13,30.66409671532846,2.250162975130734,11.35351277372263,6.848925695460961,64.36313868613139,0.3882299270072998
Bangkok,15,31.410857664233585,2.3558449203465504,11.145437956204384,4.591369395442369,59.05748175182482,0.44949817518248175
Valletta,4,18.55552007299269,4.981952513584558,15.789233576642339,9.730601386218401,80.47673357664233,0.04302007299270074
Singapore,20,26.387910583941608,1.1002944775066397,6.558895985401458,3.282953672285067,87.3617700729927,0.13786496350364952
Porto,18,17.278010948905106,4.441511996189416,14.97531934306569,7.229797700854474,74.50319343065694,0.1494069343065693
Lisbon,10,17.24753649635037,5.030253824198639,12.25780109489051,6.34059269680821,74.04105839416059,0.07846715328467158
Buenos_Aires,3,15.707618613138688,5.890671472093117,14.200501824817525,6.238277530585235,79.73266423357664,0.10182481751824819
Lisbon,11,18.536815693430658,5.334955684528524,12.573540145985406,6.5988867202245975,68.4470802919708,0.09251824817518253
Sydney,19,17.675456204379564,4.287678819527291,14.0161496350365,6.583112854341668,74.83394160583941,0.12166970802919705
Auckland,5,14.299178832116793,3.4232364705519713,14.43526459854015,8.812829949775338,85.73813868613139,0.13503649635036485
Karachi,18,27.51300182481752,3.3468241755534143,17.97791970802918,6.5299447624447025,62.68704379562044,0.03293795620437957
Jakarta,8,27.21692518248174,1.284429464280886,4.504105839416056,2.8607387382379335,80.55246350364963,0.18293795620437944
Mumbai,20,26.542472627737208,1.9179442581189206,12.621806569343056,5.225729696927655,76.57253649635037,0.2516879562043795
Bangkok,19,28.380200729926997,1.7036381066926916,8.493476277372256,3.7141087358686704,74.31660583941606,0.20319343065693415
Buenos_Aires,23,17.05538321167883,5.83526541345853,15.160355839416058,6.516313304251309,76.07299270072993,0.08864051094890511
Jakarta,23,25.41090328467154,0.9181494225678799,5.0943886861313805,2.4757851454010895,89.49726277372262,0.194662408759124
Sydney,0,15.477189781021892,4.479445398339021,11.024589416058392,5.811883851040046,82.64416058394161,0.1251824817518247
Singapore,12,29.225866788321163,1.655851876615148,10.409534671532843,4.456829319022408,75.07892335766424,0.5760948905109504
Valletta,9,20.285994525547473,5.62173197452508,17.006067518248184,9.638536804922632,70.56432481751825,0.041833941605839434
Bangkok,16,30.959990875912425,2.296869578018921,11.380656934306572,4.614012345974628,60.65054744525548,0.43521897810218974
Mumbai,22,25.840145985401474,2.1254953140659327,9.91295620437955,5.353779405458968,77.59352189781022,0.2668795620437956
Valletta,7,18.61861313868612,5.109453771040824,15.889735401459841,9.5469016637223,80.03968978102189,0.04908759124087593
Buenos_Aires,10,17.639507299270083,6.180559422342741,15.14986313868613,6.965260998370294,72.18339416058394,0.18111313868613135
Porto,9,14.53407846715329,4.98411920442862,12.662545620437944,7.665744574950225,79.85264598540147,0.2114507299270072
Lisbon,5,14.688503649635031,3.8398692957066682,11.152919708029193,5.880269762914811,85.35127737226277,0.0736770072992701
Porto,8,13.631067518248189,4.496227654687683,12.470118613138682,7.698459387246798,83.0492700729927,0.1927463503649635
Buenos_Aires,4,15.379197080291966,5.88933898939622,14.09434306569343,6.200913856695127,80.61587591240875,0.11628649635036499
Karachi,15,29.846943430656935,3.443416218489824,20.505474452554747,7.744806840821086,51.06432481751825,0.04949817518248178
Bangkok,3,25.65492700729927,1.878185173880702,7.044023722627737,2.97628859449191,85.88686131386861,0.11327554744525546
Karachi,2,23.909580291970805,4.569838350873266,14.360310218978093,6.247349670430902,79.10492700729927,0.04187956204379563
Sydney,20,17.206295620437963,4.2826735892263255,13.595666058394158,6.566996609346106,76.63184306569343,0.13243613138686125
Manila,10,29.395574817518227,1.8641599260548114,7.964552919708035,6.133055187605379,69.83759124087591,0.19794708029197014
Karachi,6,23.195757299270074,5.161830674466092,14.063093065693435,6.373880701231049,80.25866788321167,0.020437956204379566
Jakarta,19,26.7430200729927,1.2162172853647062,5.7164689781021885,2.9969279470795667,84.55520072992701,0.20825729927007253
Valletta,16,22.31719890510951,6.15700265538662,19.164142335766424,9.982773880237325,59.762317518248175,0.05123175182481755
Bangkok,20,28.012454379562044,1.6278231797793894,8.15848540145985,3.7280268868369144,76.7764598540146,0.2146441605839415
Mumbai,12,30.502235401459856,2.7309690900743493,12.588640510948903,6.502095549181146,58.3257299270073,0.3345346715328468
Lisbon,4,14.840967153284666,3.8484445428243403,11.155976277372265,5.824508007021284,84.78467153284672,0.06450729927007301
Bangkok,23,26.917883211678827,1.6740698321385452,8.050729927007295,3.4428872718732,81.65419708029196,0.18704379562043794
Karachi,17,28.48029197080294,3.295353672256935,19.255063868613142,6.698305397903764,57.17244525547445,0.054379562043795605
Karachi,0,24.55301094890512,4.30258645147358,14.259032846715334,6.2293302627510325,77.35401459854015,0.04019160583941607
Bangkok,7,25.54562043795621,2.3386536203363963,5.945711678832119,2.848927003389875,85.93932481751825,0.0770985401459854
Auckland,11,17.76318430656933,3.4343832228212183,18.940739051094862,9.383505926843835,71.53512773722628,0.1678375912408755
Auckland,10,17.190693430656914,3.510583213427066,18.0867700729927,9.378155579244527,74.14370437956204,0.15209854014598487
Lisbon,18,19.696669708029194,5.274436757384943,15.304105839416067,6.472675532377777,64.54014598540147,0.06710766423357666
Auckland,8,15.525273722627729,3.7290097062374796,16.10761861313869,8.892929790556769,81.08941605839416,0.13763686131386835
Manila,3,25.499224452554746,1.312007649336175,6.274680656934305,5.000996011086465,88.70164233576642,0.16715328467153262
Porto,20,15.548448905109494,4.176914599996374,12.957162408759126,6.936203632774801,80.88731751824818,0.15980839416058387
Sydney,21,16.79575729927008,4.344794465975,13.012545620437958,6.519745838871791,77.91605839416059,0.13343978102189777
Mumbai,14,30.257892335766424,2.625083812323192,15.83877737226277,5.781561680445109,59.941605839416056,0.2634124087591238
Lisbon,8,14.981888686131388,4.242497121511517,11.314552919708031,5.770084711053602,83.93111313868613,0.07687043795620441
Sydney,6,14.438366788321176,4.814566145735023,11.20926094890511,6.0673137935529065,84.3412408759124,0.11126824817518242
Bangkok,4,25.41031021897811,1.9384465622954326,6.752463503649631,2.875174806431788,86.60401459854015,0.10606751824817517
Singapore,3,24.79096715328468,1.0354292419243156,6.234671532846714,2.7549552851603716,94.63686131386861,0.14247262773722624
Buenos_Aires,20,18.06186131386861,5.881420343030252,15.16286496350365,6.923202550120175,72.13138686131387,0.08731751824817519
Valletta,1,18.891697080291962,5.164100745242208,15.67226277372263,9.751648939585237,79.20209854014598,0.025091240875912406
Karachi,16,29.370483576642336,3.325839000979006,20.65898722627737,7.467250969308035,53.18658759124087,0.06359489051094892
Sydney,11,20.628832116788303,4.813490750392732,13.18731751824818,6.7944102534643305,61.91560218978102,0.16884124087591226
Singapore,22,25.792791970802927,1.0473731269100752,6.243202554744527,2.9708087404562717,90.65237226277372,0.24676094890510947
Bangkok,22,27.27198905109489,1.6306148129058873,8.220894160583937,3.6221353463272625,80.27691605839416,0.17185218978102185
Singapore,16,28.978421532846713,1.58684536141724,10.144251824817518,4.476198404408965,74.54014598540147,0.7486313868613153
Valletta,13,22.474270072992695,6.082462719188131,18.99972627737224,9.846287353098317,59.10036496350365,0.05136861313868617
Porto,22,14.571076642335765,4.07953482747064,11.613777372262774,6.802609237212703,83.68521897810218,0.1345802919708029
Manila,22,26.65875912408759,1.3765645967106535,7.777645985401459,5.042610975129993,83.90237226277372,0.2876824817518247
Singapore,4,24.634854014598556,1.0402175529232867,6.2334854014598555,2.7101717026664094,95.0456204379562,0.16072080291970794
Mumbai,0,25.10424270072993,2.3880379040088022,9.00980839416058,5.449303261294788,79.52189781021897,0.24963503649635024
Auckland,6,14.3954379562044,3.481307873365491,14.477828467153278,8.829112523998933,85.49589416058394,0.11984489051094876
Auckland,16,17.83083941605839,3.4087488623683604,19.210675182481744,8.620865917359934,70.80018248175182,0.19233576642335762
Manila,17,28.85360401459855,2.0134725967575267,10.821669708029203,6.577007954421822,71.28786496350365,0.4264142335766425
Singapore,18,28.008166058394156,1.3044326052050454,8.870209854014599,4.067498987853305,78.40921532846716,0.33832116788321176
Karachi,10,27.656797445255496,4.582872421744584,16.1508211678832,8.790106324848646,57.70529197080292,0.02294708029197081
Buenos_Aires,2,16.073631386861326,5.8981379254600474,14.494571167883212,6.326139342143823,78.71441605839416,0.09849452554744524
Manila,12,30.594662408759124,2.096423629823768,10.510629562043796,6.704879533091206,64.70620437956204,0.27463503649635007
Valletta,17,21.849817518248177,6.101490638251866,18.88448905109489,9.852624025873743,62.0168795620438,0.04251824817518249
Karachi,11,28.938458029197097,4.134911531895657,16.90036496350365,9.059465289005582,52.746350364963504,0.02947080291970804
Mumbai,18,27.328330291970822,1.9421142366741404,14.716970802919711,5.111674321654988,73.61085766423358,0.28293795620437917
Valletta,23,19.22513686131387,5.295199248318156,15.888458029197073,9.90408538648719,77.52144160583941,0.026642335766423362
Bangkok,12,31.28645072992705,2.2188939710803677,9.869343065693432,4.463448585889027,59.67381386861314,0.16774635036496327
Auckland,23,14.994479927007296,3.393422854659204,14.879288321167877,8.774840067271798,83.44525547445255,0.11459854014598525
Jakarta,10,29.953604014598536,1.7565696633865209,6.327144160583941,3.8654324133107916,67.48129562043796,0.15173357664233544
Singapore,6,24.40999087591242,1.0816107804273245,6.165556569343061,2.6941362972946354,95.45209854014598,0.2525091240875911
Buenos_Aires,11,18.746989051094886,6.092214698326494,15.441058394160585,7.227111361590309,67.6706204379562,0.13608576642335768
Porto,19,16.35880474452555,4.389688036022245,14.004790145985389,7.0516112502582144,78.08667883211679,0.1449817518248175
Porto,2,13.73864051094889,4.037399167164076,11.242335766423356,7.059240466630416,85.21213503649635,0.15442518248175177
Auckland,12,18.043521897810223,3.437780270202418,18.36450729927007,9.062431634149553,70.21076642335767,0.16546532846715262
Porto,6,13.145802919708025,4.072726655815499,11.97490875912409,7.731103343930772,85.28512773722628,0.1891879562043795
Karachi,22,25.29475364963503,3.9555177083318567,14.486085766423356,6.328491629585979,74.96350364963503,0.02668795620437957
Lisbon,9,15.91610401459853,4.7308402662697,11.706432481751827,6.009527628648706,79.81888686131387,0.07645985401459858
Buenos_Aires,16,20.963959854014597,6.10285089602314,16.32381386861314,7.2719544957997,58.2367700729927,0.09990875912408761
Singapore,19,27.000182481751857,1.1155798722616814,6.809762773722631,3.696321032102154,84.03467153284672,0.218841240875912
Auckland,19,16.045848540145993,3.4571737455007003,16.429333941605854,8.588892549646452,78.38549270072993,0.1478558394160583
Singapore,2,24.962682481751827,1.0300831982207281,6.24324817518248,2.77340667890034,94.13412408759125,0.12349452554744522
Karachi,12,29.69023722627736,3.8680608324676884,17.83448905109489,8.938077781389547,50.22627737226277,0.037363138686131406
Porto,5,13.288412408759118,4.0550899252386525,11.807527372262776,7.652405432234761,85.25638686131387,0.1891879562043795
Manila,8,27.123312043795607,1.5036755142940772,6.37723540145986,5.236832569091876,80.11131386861314,0.13307481751824798
Jakarta,22,25.737180656934306,0.9809922827025598,5.214279197080291,2.5371204042667874,88.32709854014598,0.18380474452554732
Auckland,9,16.41824817518246,3.6223726734043153,17.20392335766424,9.189585076299313,77.64096715328468,0.15086678832116754
Valletta,21,19.627189781021904,5.458190094670792,16.52020985401461,9.839292746182451,75.16651459854015,0.02696167883211679
Lisbon,14,21.089781021897803,5.834903050427799,13.63134124087591,6.811495801961063,59.25182481751825,0.11468978102189775
Porto,17,18.059169708029195,4.409123755427471,15.607025547445245,7.217720339827305,70.90009124087591,0.1518704379562043
Valletta,2,19.012500000000006,5.017459134475752,15.580976277372264,9.686841374045414,78.9831204379562,0.027554744525547455
Valletta,11,21.793156934306566,5.877845887292983,18.270255474452554,9.63267252817793,62.21806569343066,0.03877737226277374
Auckland,22,15.161724452554754,3.3919333174620694,15.09603102189782,8.803119013612083,82.72810218978103,0.13298357664233565
Mumbai,23,25.43371350364961,2.279467874126333,9.240191605839414,5.4247959668823365,78.58029197080292,0.2553832116788319
Singapore,1,25.124361313868608,1.0226863225813605,6.202645985401462,2.750168216363345,93.54425182481752,0.14406934306569336
Valletta,19,20.495666058394168,5.8615608333283635,17.65862226277371,9.814990933689353,69.55976277372262,0.03699817518248176
Sydney,2,14.853877737226279,4.45085271955704,11.00424270072991,5.946279766314426,84.13686131386861,0.13248175182481745
Singapore,23,25.540602189781023,1.0304949569406001,6.216058394160583,2.850297633095101,91.84306569343066,0.17746350364963484
Jakarta,12,31.068932481751833,2.0228221269736966,8.606614963503652,3.8062149855487637,63.309762773722625,0.39333941605839395
Sydney,22,16.340556569343057,4.3533985276736376,11.682162408759115,5.924595884867416,79.81797445255475,0.13042883211678827
Sydney,16,20.26099452554745,4.297424479549626,16.329562043795622,6.799935040752164,64.43293795620438,0.11998175182481746
Lisbon,20,17.322399635036497,4.584725009530749,14.295894160583941,6.065458505090263,73.98175182481752,0.04917883211678833
Valletta,22,19.411998175182465,5.371502744857891,16.186587591240876,9.93850938600415,76.56067518248175,0.024863138686131388
Auckland,18,16.595985401459846,3.5435018838547494,17.54680656934307,8.533545844278146,75.8280109489051,0.16724452554744512
Lisbon,12,19.683485401459844,5.591590076656565,12.959580291970799,6.8557031602182334,63.74133211678832,0.1078923357664233
Lisbon,17,20.680291970802916,5.468761484463965,15.437819343065692,6.411691838371665,60.363594890510946,0.08927919708029194
Lisbon,22,16.06213503649634,4.083262650072772,12.95314781021898,6.202503075361383,79.27372262773723,0.052691605839416074
Bangkok,14,31.655748175182453,2.336235270896863,10.844023722627727,4.5225618141931285,58.333941605839414,0.37249087591240854
Auckland,20,15.65583941605837,3.3806457253795332,15.7704379562044,8.715091397375632,80.34352189781022,0.14817518248175168
Sydney,5,14.22390510948905,4.569641021501243,10.879835766423353,6.109800461553399,85.29333941605839,0.12372262773722623
Mumbai,6,24.18316605839415,2.9540655619651184,8.689233576642335,5.335462421198241,82.70711678832117,0.33695255474452546
Valletta,0,19.048494525547436,5.231974991807083,15.775000000000002,9.882051786575063,78.45483576642336,0.027189781021897813
Singapore,10,27.77093978102188,1.4873203421303005,9.422490875912409,4.516397489167007,81.62089416058394,0.5311131386861323
Buenos_Aires,6,14.823357664233578,5.884888633985313,13.926322992700726,6.1300939347750045,82.09945255474453,0.12718978102189776
Sydney,12,21.155520072992704,4.673801889450742,14.145620437956211,6.9460382752162255,60.002737226277375,0.18882299270072964
Jakarta,2,24.60218978102189,0.8216017487903061,5.112226277372257,2.5358166724254345,92.06158759124088,0.18818430656934296
Mumbai,11,30.06190693430658,2.693951609750973,11.225593065693431,6.283565976615541,59.26414233576642,0.34584854014598543
Manila,14,30.521897810218952,2.3481728046207233,11.781569343065694,6.918478666354696,64.7787408759124,0.4442062043795625
Lisbon,23,15.751277372262772,4.031782475911937,12.167655109489054,6.073946304453564,80.6405109489051,0.04840328467153286
Auckland,0,14.935127737226269,3.3871865813186712,14.62107664233577,8.818069553090524,84.00410583941606,0.11979927007299258
Porto,15,18.73964416058393,4.613024291981791,15.612545620437961,7.091381910203824,67.48585766423358,0.17764598540145973
Jakarta,16,29.056751824817535,1.6555895494573334,8.177919708029197,4.097249542970871,72.28330291970804,0.5991788321167895
Jakarta,6,23.967791970802935,0.8231436975677997,4.792198905109488,2.2510058202443166,93.29014598540147,0.12499999999999994
Lisbon,6,14.552144160583946,3.8481046756694197,11.068978102189778,5.863110214936397,85.78102189781022,0.07718978102189783
Porto,11,17.020392335766417,5.1002590058980175,13.463549270072988,7.128429898590152,72.41149635036497,0.17303832116788315
Porto,21,14.931158759124084,4.042056511024639,12.227965328467159,6.906168262899092,82.7595802919708,0.14000912408759117
Porto,16,18.513594890510944,4.4995711988134595,15.915237226277364,7.07720129842711,68.56113138686132,0.17139598540145976
Mumbai,9,27.586952554744514,2.5853806278576723,9.568248175182482,5.8522891273127895,67.63138686131387,0.3166514598540142
Karachi,8,24.399270072992707,5.525332673757299,15.057025547445246,7.706641252876229,72.76140510948905,0.02718978102189782
Mumbai,21,26.243430656934304,1.9862748357584938,11.175775547445257,5.270611392065912,76.88184306569343,0.27235401459854003
Antalya,21,18.624543795620436,7.430070139897426,7.275684306569344,5.049770273436863,68.22171532846716,0.09092153284671535
Antalya,1,16.265647810218972,7.108840327922714,8.927007299270075,5.062930365223787,69.22217153284672,0.07769160583941608
New_York,2,10.43727189781022,8.969145978962759,11.311268248175178,6.240450181915301,79.05246350364963,0.14648722627737226
Marseille,2,14.495802919708023,5.847059647438489,14.109352189781028,9.794136564093158,75.7632299270073,0.04817518248175183
Kazan,10,6.93964416058394,12.8486041793486,15.699178832116788,7.5669697852356945,71.63868613138686,0.0672445255474453
Patras,12,21.297855839416066,7.615761716848563,12.605976277372255,7.168061155931502,57.996350364963504,0.12760036496350363
Baku,2,14.230337591240877,7.7229075500754005,15.179333941605835,9.500461778095753,81.40921532846716,0.036998175182481746
Palermo,23,17.464461678832112,5.9391691005647544,7.028786496350364,5.483575474747941,78.77235401459853,0.06701642335766425
New_York,3,10.13430656934307,8.931819440339506,11.137317518248173,6.1230709544172806,80.00547445255475,0.16336678832116788
Dubai,4,24.23416970802921,5.427771055017124,10.599635036496352,5.002607248478809,74.36359489051095,0.01701642335766423
Baku,12,18.358074817518247,9.123098442026054,19.32399635036496,9.837216328770461,60.81888686131387,0.03371350364963503
New_York,0,11.16295620437956,9.057433057139937,11.469936131386858,6.161046073722204,76.78832116788321,0.14840328467153285
Valencia,14,22.192655109489053,6.048338363848946,13.23339416058394,6.83428731722544,51.22582116788321,0.06665145985401463
Dubai,17,30.40684306569345,5.588243893222541,17.992153284671538,5.18440526782554,52.375,0.01072080291970803
Patras,10,19.50310218978103,7.258854078355472,11.437864963503651,7.411398366390455,64.5,0.12951642335766425
Dhaka,3,22.54101277372263,4.759380607406127,8.208622262773726,3.8866156738572353,90.45346715328468,0.19110401459854015
Kazan,12,8.064552919708026,13.101599537248935,16.278102189781016,7.59603925550108,67.28786496350365,0.078558394160584
Kazan,14,8.52554744525548,13.191254542839971,16.40921532846715,7.5164870921505,65.61496350364963,0.09402372262773731
Baku,4,14.061724452554742,7.561017836668045,15.352098540145983,9.379127275809102,82.33439781021897,0.04114963503649635
Kazan,21,5.4002281021897796,11.785531163817094,13.883257299270072,6.953962700177186,77.61770072992701,0.06989051094890512
Dhaka,8,24.589598540145982,5.046365708855277,9.072262773722633,5.531065479498042,83.0720802919708,0.16149635036496357
Kazan,18,7.21884124087591,12.999231656835521,14.677782846715328,7.188242467345204,70.57846715328468,0.0582116788321168
Palermo,8,18.02139598540147,6.572082030981237,7.204972627737222,5.803895345879625,72.72673357664233,0.06596715328467154
Bilbao,2,12.911222627737228,4.90280445473674,7.398540145985404,5.31662717970618,87.49863138686132,0.0999087591240876
New_York,10,13.253695255474456,9.939843020111505,12.432208029197081,6.845459308963821,67.40921532846716,0.14283759124087594
Marseille,12,18.054881386861304,6.717772356629161,17.428649635036507,10.006554693491122,62.01505474452555,0.0798813868613139
Patras,0,18.000456204379564,6.505564782344951,10.06094890510949,6.588143965227385,71.04790145985402,0.11437043795620437
Seville,5,15.57162408759124,5.937957602755853,7.708394160583938,3.9780826710572494,79.06888686131387,0.06300182481751825
Nizhny_Novgorod,7,4.54411496350365,10.944168590838508,11.860264598540148,5.677565973556467,83.13184306569343,0.07002737226277374
Patras,7,17.099680656934304,6.0297766290690475,9.741697080291976,7.200100438180146,72.51140510948905,0.11012773722627738
Bilbao,16,18.858576642335766,6.111882417930576,12.170620437956204,5.161689085072434,65.12271897810218,0.17833029197080305
Patras,14,22.12331204379562,7.698620821512682,13.29534671532847,6.890666417487238,55.23357664233577,0.12769160583941605
Antalya,14,24.619297445255473,8.262229327686855,11.65501824817518,5.744615274766042,43.68020072992701,0.13759124087591246
Kazan,8,5.352509124087594,12.22389796731004,14.66364051094891,7.300380192694313,77.99589416058394,0.06929744525547449
Dhaka,4,22.31254562043794,4.831883166192867,8.103649635036493,3.933564609274307,91.33941605839416,0.19014598540145983
Valencia,16,22.414370437956194,5.889314420289807,14.911085766423348,6.251393294844443,51.52007299270073,0.0582116788321168
Nizhny_Novgorod,19,6.966058394160585,11.90914937221595,11.903375912408757,5.569013304187906,73.08166058394161,0.06199817518248177
Patras,23,18.27732664233577,6.669889941185888,10.188594890510945,6.582534837675502,70.20757299270073,0.10761861313868606
Tokyo,22,15.115784671532849,8.372896272504846,13.636040145985392,8.152302887410514,79.06204379562044,0.18239051094890515
Dubai,10,30.814598540145987,6.686296429885188,12.370118613138692,7.383025814812104,43.92974452554745,0.013093065693430656
Valencia,23,17.43316605839416,6.024906423424727,9.03914233576642,5.834042965196491,75.4037408759124,0.05775547445255475
Bilbao,1,13.042062043795621,4.95612248686158,7.112636861313867,5.505089962869701,86.94799270072993,0.09972627737226278
Antalya,19,20.744753649635047,7.881723211270679,7.364598540145986,5.086082030246899,62.32299270072993,0.09644160583941606
Antalya,2,15.773813868613127,6.9713875989829,9.42582116788322,5.074146645654378,69.01186131386861,0.07344890510948905
Seville,17,25.654881386861327,8.358632675017745,10.597627737226283,6.211317083409102,41.4543795620438,0.07604927007299274
Baku,20,15.690009124087585,8.382433415115182,15.931021897810213,9.009670510961433,74.99087591240875,0.022810218978102186
Baku,16,18.22125912408759,9.0269268403545,19.118111313868617,8.948296411222318,61.35082116788321,0.020301094890510945
Dubai,2,24.95369525547446,5.484430894007264,10.231158759124083,5.248765556844961,73.46806569343066,0.009124087591240875
Valencia,3,16.11336678832117,5.92838280328635,9.115875912408756,5.4842177413656135,76.18978102189782,0.049041970802919714
Nizhny_Novgorod,10,7.128558394160582,12.143355872679372,13.207481751824817,6.074802891332319,72.96213503649635,0.06925182481751828
Tokyo,10,18.088777372262772,8.893469209445259,12.69904197080292,9.053976988592773,62.48266423357664,0.21774635036496343
Nizhny_Novgorod,16,8.955428832116787,12.728546271499871,13.521852189781024,6.0501480788072435,63.473083941605836,0.06478102189781025
Patras,6,17.150410583941603,6.01726405781154,9.674224452554746,7.143632800290116,72.4580291970803,0.0951642335766423
Bilbao,21,14.955155109489054,5.387120641209895,7.907572992700727,4.961156939479691,80.36313868613139,0.12577554744525551
Bilbao,19,16.88800182481752,5.848622679088793,10.15579379562044,4.868727057232257,72.77372262773723,0.11628649635036503
Palermo,19,19.382801094890503,6.443452785419924,8.035447080291974,5.493895860090999,72.87180656934306,0.08111313868613138
Baku,0,14.606660583941606,7.879859030827954,15.212408759124093,9.52184215810505,80.16377737226277,0.0312956204379562
Antalya,4,15.739735401459857,6.897184849837063,10.403604014598542,5.156069105515467,65.74680656934306,0.06300182481751826
New_York,5,9.646806569343065,8.885998341227827,10.860082116788325,6.060379939722617,81.65009124087591,0.15177919708029203
Dubai,23,26.688731751824815,5.459415496199344,9.689279197080289,5.638819372575829,68.52189781021897,0.004333941605839416
Dhaka,14,30.06975364963503,3.66790293532082,9.977235401459856,5.532883072321531,58.106295620437955,0.3283759124087589
Seville,22,20.05082116788321,7.318820219336288,10.948585766423355,4.377422032363168,60.92335766423358,0.05684306569343065
Dubai,13,32.88704379562043,6.326208121290516,16.81587591240877,6.445390709322668,39.13914233576642,0.017244525547445256
Seville,2,16.837408759124084,6.306364917070151,8.43658759124087,3.8178222956712804,73.80018248175182,0.05912408759124089
Seville,0,18.137773722627735,6.71399324625147,9.45287408759124,3.795827653275038,68.35492700729927,0.0489963503649635
Patras,22,18.598129562043802,6.79449136323517,10.445118613138687,6.536678376911082,69.27235401459853,0.10291970802919703
Bilbao,7,12.17431569343066,4.813619047156272,7.885355839416057,5.568438146167875,87.78923357664233,0.13161496350364968
Seville,4,15.965875912408771,6.025319599396669,7.920118613138685,3.888365938411638,77.58120437956204,0.06277372262773726
Valencia,20,19.351733576642335,6.09616131293024,11.21090328467153,5.681267488782292,67.42335766423358,0.05880474452554746
Seville,6,15.234625912408761,5.8503200415386765,7.535812043795617,4.116267710024978,80.24406934306569,0.05848540145985402
Kazan,6,3.9755930656934297,11.307612543243676,13.90875912408759,7.014713356942163,83.33348540145985,0.06373175182481754
Dubai,19,28.73895985401458,5.37116363801365,13.743430656934303,5.322183254712408,61.95939781021898,0.008394160583941606
Tokyo,11,19.0746806569343,8.741454581221278,13.65428832116788,9.34212007662842,59.21076642335766,0.20989963503649633
Kazan,19,6.519616788321167,12.55494935469661,14.191377737226272,7.1816410746734975,73.53147810218978,0.05643248175182484
Nizhny_Novgorod,2,4.009169708029196,10.263282311297909,11.446715328467153,5.238723576875258,84.07299270072993,0.061815693430656946
Palermo,0,17.22924270072993,5.878609063358496,6.99612226277372,5.447941129126902,78.60310218978103,0.06979927007299268
Nizhny_Novgorod,15,9.1279197080292,12.592665040868983,13.562043795620431,6.099710883594349,63.25091240875913,0.11468978102189792
Valencia,0,16.956934306569345,6.066495766108311,8.875866788321165,5.59769029408798,76.38184306569343,0.05424270072992702
Marseille,17,18.542244525547453,6.3198465278457965,18.241468978102176,9.743685487436872,61.66377737226277,0.06386861313868616
Bilbao,23,13.75848540145985,5.050262302614485,7.026140510948905,5.216727481655147,84.9794708029197,0.1049726277372263
Marseille,8,13.975364963503647,6.2787772805509485,14.003877737226277,9.546199299120433,74.97627737226277,0.07741788321167883
Nizhny_Novgorod,13,8.846441605839418,12.39262549673,14.257664233576639,6.340428021411062,65.94844890510949,0.1005474452554745
Palermo,2,17.277052919708023,5.686411764848486,7.20337591240876,5.467952148011866,76.57755474452554,0.06738138686131388
Antalya,12,24.235583941605835,8.607471955270809,10.211450729927005,5.969654839909763,43.2007299270073,0.10250912408759126
Antalya,16,24.051551094890506,7.870688556324121,11.493065693430657,5.378035463707924,46.44525547445255,0.12436131386861315
Dubai,5,24.166651459854023,5.5010198723193895,10.821304744525541,4.894453080554575,73.1418795620438,0.02408759124087591
Patras,2,17.572399635036493,6.254013049486634,9.815009124087592,6.644810612682628,72.16332116788321,0.10926094890510948
Baku,10,17.116514598540146,8.947862629045382,18.103147810218978,10.166740601549794,66.41240875912409,0.036405109489051096
Kazan,20,5.872627737226276,12.093087857223084,14.02636861313868,7.054094819117296,75.7956204379562,0.0635492700729927
Valencia,13,21.77116788321168,6.302722232136834,12.091788321167892,6.97002161865899,52.48540145985402,0.07883211678832118
Valencia,11,19.480885036496353,6.936906407614316,9.798905109489057,6.576147282899153,58.58485401459854,0.09019160583941607
Palermo,1,17.031660583941605,5.793634380999577,6.985492700729924,5.450040246560544,78.06660583941606,0.07025547445255477
Dhaka,16,29.341697080291976,3.597409489808261,9.983804744525544,5.3609783651577105,60.574817518248175,0.36646897810218987
Dhaka,7,23.09735401459854,5.371447948129403,8.770939781021895,4.766770288097043,89.18202554744525,0.16779197080291974
Dubai,21,27.812363138686113,5.430441225421509,10.585538321167885,5.7781925116256065,65.48631386861314,0.00406021897810219
New_York,1,10.780246350364965,9.01010981106116,11.4922901459854,6.294761744797346,77.99589416058394,0.1431113138686132
New_York,14,16.652417883211683,9.960268106376388,15.674178832116786,7.557552753084424,54.49087591240876,0.15839416058394165
Dubai,3,24.448585766423363,5.497623054521025,10.55948905109488,5.14698081541568,74.37682481751825,0.015054744525547448
Bilbao,6,12.293156934306568,4.798076850876479,7.828604014598538,5.531677851122653,87.89005474452554,0.13010948905109496
Seville,15,24.853740875912408,8.109425333804728,9.49046532846715,6.001080487124474,44.2103102189781,0.10483576642335764
Baku,19,16.23412408759124,8.701215900970023,16.666332116788325,8.818888573326257,71.80839416058394,0.01906934306569343
Tokyo,4,13.022947080291967,8.753269344542185,12.644434306569337,7.987421423929091,83.36952554744525,0.16190693430656933
Valencia,12,20.859899635036502,6.602671726563648,10.649771897810215,6.712496431726234,54.75045620437956,0.08763686131386862
Patras,18,20.983759124087584,7.531147609145217,12.796122262773716,6.7533063065388745,59.87363138686131,0.12303832116788321
Palermo,21,18.095392335766412,6.1102096161249255,7.003786496350365,5.360402112177374,78.01824817518248,0.07025547445255476
Nizhny_Novgorod,3,3.8338047445255463,10.132071828520909,11.246852189781023,5.159798709278207,85.63184306569343,0.07062043795620442
Antalya,20,19.50492700729927,7.57088838146979,7.050684306569342,5.192774839240997,66.42609489051095,0.10469890510948908
Kazan,23,4.682344890510946,11.394324793204975,13.58471715328466,6.931465967494039,80.25410583941606,0.05360401459854017
Palermo,22,17.751459854014605,6.022003444105264,6.972582116788322,5.345205292502377,78.68704379562044,0.07048357664233579
Patras,20,19.41610401459854,7.245315505371732,11.17399635036496,6.606746541181337,66.48996350364963,0.12700729927007298
Antalya,5,15.463686131386856,6.9125412527190315,10.779607664233575,5.23046226368437,65.20574817518248,0.07477189781021898
Bilbao,9,13.191468978102195,5.407783429485204,8.19899635036496,5.677711826890771,83.69799270072993,0.11765510948905117
Marseille,20,16.47591240875912,6.398469700060598,15.299635036496339,9.994154834559858,70.46122262773723,0.06423357664233578
Kazan,9,6.167837591240876,12.59875716614659,15.139872262773729,7.442577841795701,74.74726277372262,0.06395985401459857
Patras,16,22.097855839416052,7.637609025171472,13.641104014598541,6.7942832618736375,55.26003649635037,0.12185218978102191
Baku,1,14.412408759124087,7.795220904863102,15.176916058394163,9.451377214068238,80.82436131386861,0.028877737226277372
Antalya,6,15.211131386861313,6.915650379448891,11.097034671532846,5.3253538194482175,64.71852189781022,0.06601277372262776
New_York,6,9.475319343065694,8.912102212698963,10.82417883211679,6.045992087354647,82.30656934306569,0.1226733576642336
Palermo,5,16.862682481751815,5.63748811234217,6.998996350364967,5.712788739015154,75.73768248175182,0.07645985401459852
Seville,23,18.97472627737226,6.9563140901976,10.219662408759122,3.9407850296628495,65.04516423357664,0.04949817518248175
Kazan,3,3.7992700729927007,10.90053363024309,13.35419708029196,6.921537220362418,83.98038321167883,0.049771897810218985
Nizhny_Novgorod,0,4.536313868613138,10.491398520221853,11.62454379562044,5.188577998336125,82.1537408759124,0.05419708029197081
Valencia,2,16.354607664233576,5.957812028991331,9.149406934306565,5.528953673308809,76.43111313868613,0.05488138686131387
Seville,18,25.41409671532847,8.44995778609081,10.722764598540142,6.22034668951134,42.625,0.07737226277372264
Valencia,9,16.26158759124088,6.792440346306984,9.52682481751825,6.0536971401522335,69.21532846715328,0.07614051094890513
Dhaka,9,26.25611313868613,4.588441120268165,8.955246350364968,5.765362652221039,76.07253649635037,0.17760036496350376
Marseille,18,17.923859489051093,6.448714297281361,17.390693430656935,9.834438463541924,64.50228102189782,0.05766423357664236
Marseille,5,13.542198905109494,5.716403111863632,13.84137773722628,9.57818429292641,77.4338503649635,0.0655109489051095
Seville,3,16.433120437956212,6.12206413794274,8.25123175182482,3.8350432428723784,75.68248175182482,0.06605839416058396
Nizhny_Novgorod,9,6.249133211678835,11.872425822569516,12.628284671532846,5.996167433733487,76.60492700729927,0.06427919708029199
Patras,9,18.41336678832117,6.9550043173173774,10.635447080291975,7.332648827218239,68.15556569343066,0.12335766423357664
Seville,7,14.928604014598541,5.784554913663995,7.477782846715323,4.149209754933019,81.27372262773723,0.0634580291970803
Dhaka,20,25.18745437956205,4.212667265892888,8.403695255474453,4.039591832892503,78.36222627737226,0.0843978102189781
Kazan,2,3.8366332116788326,10.986982637325413,13.238503649635028,6.9403762570021295,83.21852189781022,0.057299270072992715
Seville,20,23.09411496350367,8.540201975765484,11.134169708029194,5.720392417146504,51.106751824817515,0.06888686131386862
Dubai,22,27.28061131386862,5.4483913679897915,9.944343065693428,5.756785524697667,66.89416058394161,0.003147810218978102
Antalya,8,16.973813868613146,8.445272495841023,10.824224452554747,5.708230051043929,59.6742700729927,0.08471715328467155
Seville,14,23.762500000000003,7.8632515256093445,8.923631386861311,5.781890545593494,47.49543795620438,0.07417883211678836
Patras,21,18.90770985401459,6.968805753503433,10.763640510948905,6.585742180489521,68.35264598540147,0.11135948905109487
Seville,11,18.803832116788318,7.507991416004202,7.794069343065694,4.941112047997146,64.45711678832117,0.06687956204379562
Valencia,15,22.50716240875913,5.92515610935367,14.231979927007298,6.51796759039271,50.73494525547445,0.06943430656934312
Antalya,17,23.218293795620433,7.896992489440062,10.189963503649635,5.227064141777372,51.09443430656934,0.11879562043795619
Antalya,11,23.33257299270073,8.801774495592106,9.901368613138683,6.156796361712692,45.019616788321166,0.07819343065693433
New_York,9,11.934169708029193,9.811803049960925,11.782846715328468,6.376743997190376,72.93521897810218,0.1442518248175183
Tokyo,0,14.291286496350356,8.557365250642185,13.606249999999994,8.093019355525428,81.09078467153284,0.17810218978102182
Nizhny_Novgorod,5,3.5608576642335796,10.088749978265776,11.507937956204383,5.327646428505423,86.68476277372262,0.08010948905109493
Valencia,21,18.567609489051087,5.9057870370149255,9.922810218978093,5.770644462459825,71.35857664233576,0.054562043795620456
Palermo,13,21.916286496350367,6.385919463898494,11.3036496350365,5.958958629831227,62.134580291970806,0.10807481751824814
New_York,8,10.654379562043797,9.55279829429977,11.177326642335766,5.899917734309702,77.85994525547446,0.12664233576642336
Bilbao,4,12.687089416058388,4.835368356503326,7.575547445255474,5.525929473936488,87.67700729927007,0.15187043795620445
Seville,21,21.473266423357668,7.967776654516125,11.217883211678833,5.038138388328195,56.19206204379562,0.05643248175182481
New_York,19,13.967153284671529,9.722955447623203,13.32878649635036,6.4103213488532536,65.97262773722628,0.13430656934306576
New_York,4,9.870894160583942,8.9212893401341,11.02171532846715,6.01743649087081,80.88549270072993,0.16555656934306573
Nizhny_Novgorod,21,5.65839416058394,11.087569891186355,11.815921532846712,5.360628413441273,77.69571167883211,0.055520072992700745
Baku,9,16.18243613138685,8.839628361614261,17.19794708029197,10.081369107725335,70.95620437956204,0.03681569343065692
Valencia,19,20.317883211678836,6.141142240148736,12.739416058394163,5.627227869678506,62.51414233576642,0.042655109489051095
Marseille,10,16.133622262773716,6.968378470759543,15.145939781021891,9.951139048078847,67.72718978102189,0.05588503649635036
Valencia,22,17.936313868613144,5.9183038995940365,9.366195255474453,5.821543782150844,73.97810218978103,0.058941605839416066
Dhaka,1,23.129653284671527,4.618164705502151,8.419069343065694,3.9656767294073965,87.9507299270073,0.12924270072992702
Tokyo,12,19.745529197080298,8.62978232298449,14.623266423357657,9.676272895517187,57.259580291970806,0.19977189781021892
Valencia,7,14.972125912408757,5.757448963986661,9.293385036496346,5.616109956773229,75.67837591240875,0.06354927007299273
Baku,8,15.09899635036496,8.58544185601783,16.03941605839415,9.82956573802494,76.56934306569343,0.042837591240875904
Baku,23,14.812728102189784,7.972451279837263,15.26446167883211,9.534300458963875,79.35720802919708,0.030611313868613137
Palermo,3,17.06628649635038,5.717736007672698,7.005656934306568,5.642748983463319,76.0926094890511,0.08275547445255477
Kazan,1,4.104698905109489,11.096793785350561,13.273585766423366,6.916502092381577,82.34169708029196,0.05447080291970805
Nizhny_Novgorod,6,3.9320711678832136,10.467805840003694,11.737499999999995,5.48717011112184,85.35173357664233,0.07212591240875914
Patras,5,17.277965328467154,6.069191254634605,9.695620437956206,7.038772388020051,72.26824817518248,0.10538321167883212
Nizhny_Novgorod,1,4.2651916058394175,10.36644241321451,11.498996350364969,5.189650102307222,83.15054744525547,0.055337591240875915
Antalya,3,15.703968978102193,6.901157651975608,9.986541970802916,5.128986765759024,67.35675182481752,0.08572080291970803
Baku,18,16.94365875912409,8.95574778926758,17.56998175182482,8.82652543500564,67.94525547445255,0.020529197080291967
New_York,16,16.57819343065694,9.800766967770572,16.273038321167885,7.325024991733559,54.98266423357664,0.16560218978102195
Antalya,9,19.377007299270073,9.17357100122943,10.398175182481753,6.202517587109858,54.28832116788321,0.0819799270072993
Nizhny_Novgorod,14,9.033485401459856,12.421089348305973,14.18229927007299,6.313591621694515,65.2043795620438,0.09169708029197085
Tokyo,14,20.2036496350365,8.42772832124654,16.672810218978096,10.513382823260574,56.19479927007299,0.19899635036496346
Tokyo,9,16.646715328467167,9.128766864112462,11.85588503649635,8.41328859353008,68.02600364963503,0.18800182481751823
Kazan,11,7.5795164233576635,13.005697769854143,16.102372262773727,7.590998165968905,69.0985401459854,0.06770072992700735
Dhaka,5,22.1106295620438,4.886529063184947,8.096167883211681,3.979078548258141,92.0926094890511,0.22855839416058393
Marseille,14,18.761952554744525,6.445951494015252,18.482116788321164,9.896952838154233,59.65693430656934,0.08175182481751826
Tokyo,5,12.79653284671533,8.807169335131935,12.525866788321164,8.166038346088419,83.74954379562044,0.17258211678832114
Patras,19,20.125091240875918,7.453574552590401,11.887271897810221,6.700447708290324,63.59352189781022,0.11811131386861311
Dhaka,11,28.868704379562047,3.922809116548184,9.418749999999998,5.651216506487332,64.33029197080292,0.24584854014598523
Tokyo,17,18.118613138686136,8.477881135392428,16.45492700729926,10.025902709631875,66.84306569343066,0.15606751824817516
Bilbao,14,18.70100364963503,6.261401386776101,11.306478102189775,5.580327806304001,65.10720802919708,0.1459854014598541
Marseille,16,18.897262773722634,6.322316489618935,18.848768248175194,9.737015641746112,59.91742700729927,0.07422445255474457
Palermo,4,16.94840328467153,5.6810676484640314,7.0385948905109466,5.805646336137917,75.8786496350365,0.08403284671532846
Patras,17,21.681204379562036,7.574273809599386,13.434808394160587,6.740382675508055,56.79470802919708,0.12627737226277372
Tokyo,16,19.221669708029196,8.342863882841794,17.13307481751825,10.606208667061113,61.62408759124087,0.17563868613138683
Dubai,7,24.407071167883196,6.083308016228454,11.572627737226279,4.884715571890736,68.60082116788321,0.013914233576642336
Dubai,12,32.91861313868615,6.603242519256413,14.4003193430657,6.887764562895196,37.855839416058394,0.01820255474452555
Baku,7,14.182299270072992,7.967748007563972,15.413822992700727,9.482653484058757,81.3257299270073,0.04945255474452554
Dhaka,17,28.1499087591241,3.934371469468545,9.37080291970803,5.205842809288974,67.05748175182482,0.25789233576642323
Seville,1,17.44867700729926,6.541757041918569,8.870301094890507,3.7482968352770514,71.11861313868613,0.0437043795620438
Dubai,0,26.08102189781022,5.467772495412769,9.642974452554741,5.534358545699293,70.22490875912409,0.004333941605839415
Tokyo,21,15.249635036496356,8.352773604400314,13.696213503649641,8.217869636689496,78.6213503649635,0.14790145985401457
Dubai,14,32.4853102189781,6.068052643860188,18.922764598540144,5.9712881427898905,41.512317518248175,0.021989051094890508
Dhaka,21,24.69078467153285,4.303924623094624,8.39484489051095,4.072032370377866,80.67700729927007,0.08257299270072994
Palermo,18,20.187773722627746,6.472540472053941,9.059990875912415,5.7018938456950705,69.40009124087591,0.08845802919708026
Patras,13,21.845848540145987,7.685762537841941,13.02262773722629,7.05485702234752,56.06888686131387,0.114279197080292
Tokyo,18,17.046487226277375,8.43646085310595,15.862271897810215,9.597640862521713,71.54060218978103,0.16614963503649632
Palermo,6,16.770437956204365,5.619352863055164,7.046943430656935,5.77901267157562,75.79881386861314,0.08677007299270073
Marseille,13,18.589872262773717,6.608480892058321,18.281386861313866,9.883339613187625,60.43613138686131,0.08129562043795623
New_York,23,11.574680656934312,9.103060328125855,11.56035583941606,6.1574453128443425,75.42655109489051,0.1656021897810219
Marseille,15,19.066240875912413,6.398433094387882,18.92217153284671,9.833322998732429,58.98950729927007,0.08079379562043797
Antalya,7,15.492016423357665,7.316817884566661,11.323631386861312,5.344281053526124,63.21304744525548,0.06505474452554744
New_York,15,16.771989051094888,9.873549674308364,16.234854014598543,7.397765620253014,54.1875,0.1916058394160584
Marseille,4,13.73777372262774,5.762761218196457,13.907390510948908,9.524652494735387,77.14507299270073,0.06478102189781025
Nizhny_Novgorod,23,4.841195255474451,10.651359135025492,11.692198905109487,5.245632231539894,80.98357664233576,0.057983576642335784
Bilbao,18,17.87135036496351,5.882998145951335,11.30720802919708,4.838131389437447,69.06021897810218,0.13594890510948912
Patras,8,17.57057481751826,6.455815208921603,10.103695255474454,7.260173776338539,70.98905109489051,0.10780109489051093
Dhaka,12,29.552509124087607,3.808967906523297,9.479607664233578,5.6515362844564825,61.03649635036496,0.33521897810218937
Marseille,3,14.000501824817514,5.817661829230423,13.984945255474448,9.68662148899356,76.67609489051095,0.0684306569343066
Antalya,23,17.399133211678834,7.320712952622056,7.909990875912407,4.970381980616263,68.99771897810218,0.09064781021897811
Nizhny_Novgorod,11,7.881660583941605,12.293423910932653,13.724361313868616,6.181008408842179,69.82846715328468,0.07002737226277375
Marseille,7,13.43827554744525,5.8069159840495255,13.731843065693436,9.55098589241562,77.23722627737226,0.06692518248175185
Valencia,6,15.191970802919709,5.7946377692114766,9.288093065693431,5.566523924580557,75.82253649635037,0.060538321167883206
Novosibirsk,15,6.531523722627736,14.90134745454579,13.882937956204373,6.515876824295707,60.26642335766423,0.0846259124087592
Novosibirsk,16,6.62591240875912,14.906272333991092,13.802235401459845,6.426634696473947,60.06021897810219,0.08549270072992707
Izmir,11,20.62960766423358,8.482593890770808,11.047718978102196,5.756695884812686,53.42107664233577,0.0852189781021898
Brussels,0,10.437135036496352,6.061552417695768,13.438321167883215,7.0866425421537755,82.28102189781022,0.07773722627737227
Novosibirsk,14,6.226414233576642,14.927098681306992,13.877691605839404,6.593336439444644,61.12956204379562,0.08074817518248177
Antwerp,22,11.512043795620436,6.294524003074678,13.347718978102188,6.827909694510464,78.8594890510949,0.09858576642335769
Novosibirsk,5,0.613686131386862,12.429885318298078,10.978832116788313,5.318171436305238,82.22673357664233,0.05241788321167886
Shanghai,4,14.790647810218974,8.90353542567619,10.147171532846718,5.098816432387398,88.18339416058394,0.15123175182481757
Shanghai,6,14.787500000000003,9.124894790037638,10.105702554744525,5.132240239494423,88.07253649635037,0.17326642335766418
Amsterdam,17,13.626916058394164,6.5375177453955935,16.56418795620438,7.632131348176615,71.1514598540146,0.12892335766423363
Novosibirsk,17,6.406569343065701,15.004323207841075,13.468248175182469,6.150566688907804,60.995894160583944,0.07823905109489056
Istanbul,2,13.831067518248172,6.600298539020968,12.684215328467156,6.858139176024369,81.92518248175182,0.06478102189781025
Novosibirsk,20,4.586724452554743,14.525138090573774,11.617062043795627,5.617520916771972,68.31295620437956,0.05123175182481756
Barcelona,4,14.057846715328472,6.230882767497608,7.186405109489052,3.9999506427958242,85.52235401459853,0.10766423357664236
Berlin,7,8.3165602189781,6.886487502054449,12.356478102189781,5.834113625404858,85.31660583941606,0.06592153284671533
Antwerp,18,14.228102189781024,7.27034920705144,14.947490875912413,7.162463203525796,67.73357664233576,0.11295620437956208
Shanghai,0,15.516605839416055,8.8101523204931,10.479835766423358,5.321752024490336,85.71715328467154,0.16081204379562045
Novosibirsk,11,3.988594890510951,14.856224614625724,12.685264598540154,6.354326774488018,69.05656934306569,0.06815693430656937
Shanghai,16,20.36829379562044,8.907848795258861,14.10228102189781,5.792647434999207,62.12728102189781,0.13982664233576653
Istanbul,13,18.518430656934296,7.922512550478378,17.279470802919704,8.797172800748584,60.72125912408759,0.08517335766423363
Shanghai,3,14.934580291970796,8.873625112905922,10.16765510948905,5.131399689977719,87.76277372262774,0.15269160583941607
Barcelona,21,16.819069343065703,6.224786766484956,8.45068430656934,4.98328465550586,78.00547445255475,0.06596715328467154
Antwerp,5,9.288549270072995,5.498121441213097,12.929881386861313,6.755794806898501,86.94479927007299,0.07522810218978104
Shanghai,1,15.299908759124088,8.814729798740677,10.356478102189783,5.334190331735864,86.50136861313868,0.1506386861313869
Odessa,21,12.764735401459856,8.821428519045453,13.705155109489052,6.759223856450371,72.34945255474453,0.04703467153284671
Amsterdam,21,11.141149635036491,5.968319232454283,13.452737226277371,7.509456796996824,81.74406934306569,0.08850364963503653
Antwerp,4,9.508074817518247,5.5486597769030634,12.898038321167881,6.694022128160035,86.1551094890511,0.07741788321167885
Novosibirsk,6,0.5583485401459852,12.484153117475488,10.916377737226272,5.383000696965374,82.48996350364963,0.059169708029197125
Izmir,23,17.233576642335766,7.68961876611572,8.783348540145985,5.585265474912236,67.14096715328468,0.06081204379562044
Antwerp,9,10.332344890510951,6.258293146816039,13.609352189781019,7.057527138514379,83.33576642335767,0.08781934306569347
Antwerp,20,12.909489051094893,7.002373680734627,13.7944799270073,6.83860638523357,73.43841240875912,0.09881386861313872
Bordeaux,18,18.075866788321164,7.344274786350714,12.119525547445257,6.0180886737832076,62.86405109489051,0.09160583941605843
Novosibirsk,22,3.012819343065692,13.501320823471389,11.502463503649626,5.381746737334518,73.78558394160584,0.043613138686131404
Barcelona,10,16.180930656934304,7.358643948331191,8.349863138686132,5.033475341290915,72.78467153284672,0.07655109489051097
Brussels,4,9.215602189781022,5.612813241205557,13.147490875912407,6.948052214502494,86.35538321167883,0.07294708029197083
Istanbul,14,18.74466240875913,7.957485088971646,17.719069343065687,8.825741956738158,59.69297445255474,0.08572080291970804
Istanbul,11,17.416925182481748,7.789276355436662,16.31678832116789,8.586259553598543,65.67335766423358,0.08348540145985406
Novosibirsk,7,0.7047445255474445,12.839256016260762,11.02937956204379,5.531461319957619,82.15647810218978,0.06240875912408762
Malmo,16,11.65232664233576,6.919202080607227,19.7323905109489,8.471252438652767,71.7969890510949,0.09863138686131388
Malmo,23,9.455155109489047,6.066237973617728,18.07755474452555,8.986297589124572,81.08029197080292,0.06076642335766424
Amsterdam,22,10.635994525547442,5.714016254620855,13.275501824817512,7.542420258359808,83.64416058394161,0.08120437956204382
Berlin,11,12.124543795620434,8.253764463292859,14.409397810218984,6.812068330931543,70.71167883211679,0.07732664233576646
Shanghai,15,20.98275547445256,8.911891556611966,14.712499999999997,6.100785110080446,59.5757299270073,0.178786496350365
Berlin,4,8.25168795620438,6.584344243479509,12.007846715328467,5.862677168820053,85.35538321167883,0.06952554744525548
Bordeaux,20,16.059443430656934,7.275499374968954,11.078512773722625,5.040984829108659,70.67153284671532,0.09516423357664235
Brussels,11,12.251049270072997,6.883464917338072,15.138366788321163,7.823474120145192,75.85127737226277,0.08613138686131395
Paris,20,14.098950729927001,7.454585078842973,12.740693430656929,6.365029907718092,69.9411496350365,0.09753649635036499
Odessa,15,15.851779197080297,9.438848151775867,16.08339416058394,7.317940776622411,58.72901459854015,0.06113138686131387
Barcelona,17,19.986541970802925,5.826847046476333,14.423357664233572,5.853505391718443,62.56706204379562,0.06459854014598541
Bordeaux,19,17.13927919708029,7.477173175417054,11.656295620437954,5.527743938034025,66.41833941605839,0.09137773722627737
Izmir,21,18.454790145985402,8.06217423822492,9.397217153284668,5.810143674891547,63.19297445255474,0.06008211678832116
Brussels,12,13.257937956204373,6.980773683696232,15.680155109489062,8.089681228371134,71.81432481751825,0.09698905109489059
Malmo,3,8.744708029197083,5.7797099659361555,17.738366788321173,8.984108983013748,84.15100364963503,0.07189781021897813
Berlin,2,8.879972627737226,6.9055190886219115,11.920483576642335,5.783313406731358,82.75,0.04917883211678832
Bordeaux,7,11.123768248175182,5.5035547897445145,9.145164233576642,4.916580649766427,89.70529197080292,0.12180656934306572
Istanbul,7,13.730063868613135,6.737195160204365,13.175547445255473,7.017780422274263,82.3389598540146,0.08394160583941605
Novosibirsk,3,1.1181569343065705,12.629835384202236,11.085082116788314,5.213781293299355,80.63959854014598,0.0518704379562044
Barcelona,1,14.64917883211679,6.3668032572135225,6.834169708029198,4.24947231072417,84.94343065693431,0.06874999999999999
Malmo,2,8.920072992700728,5.8697818543747164,17.862500000000004,9.016285724236337,83.43978102189782,0.0674726277372263
Shanghai,7,15.57285583941606,9.522121902855304,10.418704379562046,5.429222329056769,85.11770072992701,0.16820255474452556
Istanbul,23,14.413594890510947,6.813027995434455,13.551140510948905,6.924710749436425,79.7536496350365,0.056295620437956204
Barcelona,0,15.102007299270076,6.399399902258751,6.784352189781025,4.467724575729528,84.03056569343066,0.06286496350364966
Bordeaux,3,12.006158759124085,5.584172180336156,9.525410583941607,4.8164262632265356,86.9844890510949,0.1807025547445256
Shanghai,2,15.087135036496347,8.850328500300227,10.187545620437955,5.072446847637508,87.29470802919708,0.1543795620437956
Berlin,9,9.941560218978102,7.791059249436472,13.110036496350363,6.423018822038527,79.25228102189782,0.06610401459854015
Berlin,21,10.984443430656935,7.823165973091137,12.189370437956203,5.9006053859865855,74.35538321167883,0.06154197080291971
Paris,7,9.446989051094892,5.577802886650482,11.38020072992701,6.263004934788146,87.68248175182482,0.08083941605839416
Brussels,5,9.020711678832116,5.554642044105759,13.254698905109489,7.102220055239282,86.95757299270073,0.07504562043795626
Brussels,8,9.36979927007299,5.940390823533482,13.803239051094893,7.111044854598768,86.13229927007299,0.08330291970802924
Bordeaux,11,14.69005474452555,6.786334941728071,10.311724452554744,5.685581493160318,76.27919708029196,0.10278284671532853
Bordeaux,17,18.575547445255474,7.192563903803655,12.504333941605838,6.350118282627245,60.925182481751825,0.13042883211678838
Izmir,14,23.48640510948905,8.974365207995115,13.466879562043797,5.6715942237512325,44.64598540145985,0.09037408759124091
Malmo,10,10.192518248175181,6.620761686028369,19.00196167883211,9.077177120897982,78.67016423357664,0.09302007299270079
Barcelona,9,14.727965328467155,7.193477182684487,7.789279197080291,4.697843104196193,78.33485401459853,0.0798813868613139
Brussels,6,8.856979927007298,5.528552219404485,13.353467153284672,7.059367266439721,87.53695255474453,0.07951642335766426
Brussels,23,10.85570255474453,6.191117469176747,13.458713503649642,7.177447487029389,80.74726277372262,0.08462591240875914
Brussels,21,11.993704379562043,6.705934248101615,13.472262773722628,7.147273007608947,76.85173357664233,0.09840328467153286
Bordeaux,0,12.950000000000001,5.996014194140935,9.979927007299272,4.6890988483156155,82.78786496350365,0.09781021897810221
Novosibirsk,9,1.96263686131387,14.04870367090595,11.491377737226276,6.006388924623896,77.2344890510949,0.06003649635036505
Bordeaux,23,13.452509124087593,6.181522583579935,10.233895985401462,4.643562286781643,80.6706204379562,0.11259124087591242
Amsterdam,2,9.775638686131387,5.430945658595538,12.878512773722628,7.092217691297885,86.95757299270073,0.09470802919708035
Brussels,7,8.941697080291974,5.643514062646645,13.598357664233573,7.029619608684918,87.35766423357664,0.08243613138686134
Odessa,19,14.086815693430658,9.490388829440837,14.169297445255483,6.884555762074057,66.8426094890511,0.046532846715328466
Shanghai,23,15.773220802919711,8.788024455463132,10.58001824817518,5.249433465738383,84.6838503649635,0.15866788321167885
Izmir,13,22.88923357664234,8.88285971260672,12.743567518248172,5.674088103920182,46.268704379562045,0.07691605839416057
Antwerp,23,11.044069343065694,6.106628332011933,13.30150547445255,6.793041686169641,80.70392335766424,0.09671532846715332
Barcelona,22,16.17577554744525,6.291917532462766,7.45520072992701,4.704311156355369,80.6970802919708,0.07198905109489052
Malmo,13,11.5507299270073,6.818119562855934,19.909762773722637,8.911455278390306,72.49908759124088,0.09552919708029205
Izmir,3,15.834808394160587,7.075557986570818,8.177554744525546,4.999061331033401,71.60720802919708,0.07244525547445255
Paris,14,15.417016423357671,7.29516621839404,14.309990875912408,7.146145744092336,64.74133211678833,0.09447992700729933
Novosibirsk,10,2.948950729927008,14.57591997055372,11.995666058394164,6.20114345941695,73.22901459854015,0.059580291970802945
Paris,11,12.852509124087593,6.967009243571302,13.152007299270075,7.1648245415388585,74.62773722627738,0.08827554744525548
Amsterdam,14,13.822901459854013,6.429673988451558,16.990602189781022,7.980393203065914,70.84945255474453,0.1456660583941607
Berlin,16,14.260766423357666,8.554571135795957,14.717609489051101,6.81469471236196,61.582116788321166,0.10515510948905113
Istanbul,0,14.203193430656938,6.727950027179677,13.175045620437952,6.857303621689473,80.6911496350365,0.06601277372262776
Istanbul,6,13.441651459854011,6.475409625163008,12.848813868613142,6.952433317563744,83.49726277372262,0.09096715328467156
Novosibirsk,2,1.3995894160583948,12.767038617006678,11.177144160583952,5.216938012705297,79.66560218978103,0.051642335766423395
Paris,4,10.04963503649635,5.658271662389408,11.349406934306572,6.313922198052135,85.8330291970803,0.09958941605839419
Istanbul,9,15.479790145985403,7.5604587261263525,14.687454379562041,7.920627617237977,74.61724452554745,0.08822992700729931
Malmo,22,9.669890510948905,6.156788091579901,18.141514598540144,8.964198841639316,80.30976277372262,0.06145072992700732
Malmo,14,11.667335766423362,6.862014228354502,19.685492700729927,8.70471206712536,71.73813868613139,0.08941605839416066
Brussels,16,14.616697080291969,7.177768459479667,16.00428832116788,7.836191467107298,65.59717153284672,0.13421532846715328
Shanghai,13,21.30191605839416,9.039426092232322,14.62659671532846,6.330275410223617,59.027372262773724,0.1794251824817519
Bordeaux,14,17.777828467153277,6.977499943410518,11.679972627737223,6.213638023652582,64.95939781021897,0.11669708029197083
Shanghai,19,17.180018248175184,8.822937638400003,11.523768248175179,4.994983867879743,77.6286496350365,0.11099452554744528
Amsterdam,23,10.300410583941604,5.611743962570716,13.22112226277372,7.465167922003648,84.94297445255475,0.08909671532846719
Istanbul,15,18.651916058394164,7.948717763356216,17.49685218978102,8.49145322397237,60.17335766423358,0.07098540145985405
Brussels,10,11.149771897810224,6.700550734054548,14.581478102189779,7.656028550621824,80.01505474452554,0.07531934306569349
Brussels,15,14.46660583941606,7.122227392104913,15.970848540145994,7.96281199174863,66.38366788321167,0.13882299270073
Odessa,23,11.982801094890513,8.48578540283165,13.739142335766424,6.571922823440452,75.4206204379562,0.04502737226277372
Izmir,9,17.360082116788323,8.070497719985866,9.237682481751825,5.277627203025582,65.05063868613139,0.07363138686131387
Novosibirsk,18,5.934169708029198,15.046575654510697,12.978284671532847,5.859892623293837,62.85401459854015,0.07413321167883216
Brussels,2,9.765009124087591,5.824196298927647,13.221304744525547,6.870426741440985,84.5985401459854,0.07513686131386865
Barcelona,7,13.363731751824822,6.174635868071291,7.523631386861315,4.170633456629527,85.2162408759124,0.07016423357664235
Brussels,18,14.103786496350368,7.368591323835847,15.123859489051092,7.449331115651753,67.69753649635037,0.11811131386861318
Istanbul,10,16.550638686131393,7.6860124486001355,15.60761861313869,8.271412685196912,69.80018248175182,0.09571167883211683
Istanbul,16,18.466833941605838,7.904998991116049,17.778056569343057,8.54600390842545,61.181569343065696,0.10574817518248175
Berlin,18,13.388686131386862,8.765961497458447,13.494343065693426,6.452400225428329,64.98859489051095,0.07513686131386864
Brussels,20,12.784032846715327,7.108601418408778,13.765830291970802,7.260323727899268,73.7294708029197,0.09781021897810223
Paris,2,10.72545620437956,5.970337431655771,11.55392335766423,6.1003245777547725,82.98494525547446,0.06072080291970803
Brussels,3,9.468567518248175,5.678216090854965,13.102189781021908,6.957623228515773,85.4867700729927,0.08371350364963506
Izmir,7,15.167746350364963,7.076732391146806,8.141423357664232,4.9953067320165845,73.28512773722628,0.07139598540145986
Brussels,19,13.52180656934307,7.333795951045268,14.418613138686137,7.33310147640979,70.37819343065694,0.10442518248175185
Malmo,18,11.134717153284674,6.855358604072533,19.324589416058398,8.510905416784547,74.08759124087591,0.08407846715328472
Paris,6,9.481614963503647,5.500624796802051,11.265556569343063,6.248766177474638,87.59990875912409,0.0791514598540146
Malmo,7,8.75182481751825,5.939457701016815,18.199726277372264,8.86488052517288,84.27235401459853,0.07600364963503652
Shanghai,21,16.38453467153285,8.740233794104801,10.781797445255469,4.909154802553016,82.0132299270073,0.18982664233576646
Barcelona,16,20.28927919708028,5.801804833413974,14.7276003649635,6.043395487452682,61.012773722627735,0.06920620437956207
Istanbul,20,15.506660583941608,7.293507699771393,15.350410583941608,7.542399235670869,74.38914233576642,0.08727189781021899
Novosibirsk,0,2.106386861313868,13.07685861402853,11.384352189781014,5.302123326212503,77.1669708029197,0.04808394160583946
Odessa,17,15.455018248175186,9.581845301347009,15.401916058394157,7.076606053871834,60.79516423357664,0.06373175182481752
Amsterdam,8,9.65031934306569,5.686493794370874,13.595894160583933,7.478377260338234,87.4662408759124,0.0986313868613139
Paris,8,9.79457116788321,5.8968953994711395,11.489051094890506,6.322161770360342,86.38138686131387,0.07805656934306571
Istanbul,8,14.44119525547445,7.222391840137393,13.752874087591234,7.369936027435585,79.22582116788321,0.08658759124087594
Izmir,15,23.520392335766417,8.82648338661861,13.894571167883212,5.6483828520967165,43.96989051094891,0.08476277372262774
Odessa,13,15.55009124087591,9.378987360947859,15.973403284671528,7.218040542309443,59.88321167883212,0.06377737226277373
Izmir,10,19.064826642335763,8.2588938861008,10.178102189781022,5.588799718501574,58.931569343065696,0.07449817518248175
Paris,16,16.063321167883206,7.412815054324514,14.719936131386858,7.180842546416828,61.871806569343065,0.1416970802919708
Barcelona,3,14.390830291970794,6.266585139840098,7.142472627737226,4.081278057042232,85.28832116788321,0.14165145985401456
Paris,21,13.208576642335768,7.062779017373671,12.274908759124086,6.211365298297655,73.44434306569343,0.07627737226277374
Berlin,19,12.647673357664232,8.629158537077705,12.864461678832118,6.101568494606731,68.0095802919708,0.07860401459854015
Odessa,2,11.119160583941607,8.191663317239097,13.397901459854019,6.337270682386277,78.82892335766424,0.05702554744525548
Istanbul,5,13.525638686131387,6.4780618127466925,12.723722627737226,6.9372898933930855,83.23905109489051,0.11774635036496355
Brussels,9,10.139872262773723,6.34236353064301,14.13553832116788,7.3346162732764855,83.59990875912409,0.0749087591240876
Novosibirsk,8,1.1082572992700728,13.443121563210353,11.184169708029199,5.78045940638128,80.65556569343066,0.06578467153284674
Berlin,10,11.041651459854016,8.101744807645654,13.768248175182475,6.5554340231486,75.00273722627738,0.06295620437956205
Antwerp,10,11.299087591240879,6.625024070990691,14.0297901459854,7.259139086381387,79.7139598540146,0.08699817518248179
Bordeaux,2,12.409671532846716,5.708686238397024,9.74493613138686,4.739762745741975,85.5264598540146,0.12632299270072994
Odessa,11,14.278330291970802,9.340498451043814,15.49794708029197,7.182770117723569,65.36405109489051,0.05538321167883212
Istanbul,3,13.807344890510958,6.535353134808493,12.522034671532845,6.894582959006578,82.03147810218978,0.07892335766423358
Antwerp,17,14.63854927007299,7.197698316956993,15.447992700729927,7.410528584169785,66.05155109489051,0.12883211678832127
Shanghai,22,16.05926094890511,8.763870065878473,10.677463503649633,5.061520504815376,83.4051094890511,0.16897810218978104
Amsterdam,18,13.096532846715329,6.600180959914784,15.75875912408758,7.476548816883076,73.25729927007299,0.116058394160584
Izmir,1,16.34694343065694,7.399938307592686,8.205109489051091,5.267137718110652,69.89370437956204,0.04762773722627736
Odessa,8,11.321578467153287,8.727513306548211,14.308257299270073,6.589717885365792,78.16788321167883,0.05789233576642336
Malmo,19,10.748494525547445,6.719420651329858,18.957846715328454,8.622024090857147,75.72217153284672,0.07335766423357666
Amsterdam,1,9.792837591240879,5.475859537729503,12.999498175182483,7.283150792228774,86.77007299270073,0.10447080291970806
Istanbul,21,14.984899635036493,7.046027530510498,14.626642335766427,7.227384787465279,77.03968978102189,0.07198905109489052
Malmo,21,9.966514598540147,6.317060213103901,18.247445255474457,8.834657637901296,79.13001824817518,0.061633211678832144
Odessa,9,12.273312043795617,9.07985941464729,14.77057481751825,6.797444685790434,74.08257299270073,0.047582116788321166
Berlin,13,13.779242700729922,8.384990870869,15.290282846715334,7.156434294680101,63.785583941605836,0.08421532846715332
Amsterdam,9,10.343202554744522,6.035686460828647,14.141925182481748,7.591870218633972,84.80930656934306,0.09817518248175187
Antwerp,3,9.746669708029193,5.609458323102646,12.95907846715329,6.734359784441292,85.31295620437956,0.08968978102189784
Antwerp,13,14.189461678832117,7.014185488493494,15.624406934306574,7.933079994923079,68.29151459854015,0.11893248175182491
Amsterdam,11,12.077144160583945,6.375139447645532,15.51350364963504,7.908959968461991,78.1213503649635,0.11044708029197091
Malmo,15,11.73699817518248,6.92711516000553,19.73786496350365,8.539194602434799,71.42837591240875,0.10232664233576647
Antwerp,1,10.298038321167883,5.850010301058664,13.164324817518251,6.775614388573376,83.45939781021897,0.07062043795620439
Shanghai,10,19.607162408759123,9.17811074344211,13.475958029197079,6.278537877311237,66.99589416058394,0.16838503649635042
Antwerp,12,13.403056569343072,6.9550368392562065,15.090602189781018,7.760162471923372,71.50045620437956,0.09917883211678839
Odessa,18,14.804972627737229,9.616951596493116,14.715237226277369,6.951779242111718,63.747262773722625,0.05798357664233578
Odessa,14,15.866742700729924,9.37397967775874,16.0709397810219,7.277491946384424,58.550638686131386,0.07718978102189783
Paris,1,10.908257299270074,6.112856185554219,11.797627737226277,6.267371756050626,81.68704379562044,0.061222627737226275
Izmir,22,17.794525547445254,7.852304888465496,9.02052919708029,5.764915217119873,65.4219890510949,0.06756386861313869
Antwerp,16,14.76035583941606,7.115863345140327,15.684489051094898,7.546178319121451,65.54288321167883,0.14014598540145998
Antwerp,6,9.112454379562044,5.468570419694813,12.966012773722628,6.819329052245119,87.58531021897811,0.07915145985401463
Malmo,1,9.079653284671533,5.950783713770553,17.95054744525548,8.98335037212125,82.60173357664233,0.07335766423357667
Izmir,17,22.927098540145984,8.841212217584465,14.017244525547447,5.858984454605831,46.622262773722625,0.07417883211678834
Paris,9,10.535629562043798,6.328674153120705,11.913321167883211,6.582175529211583,83.54881386861314,0.0853558394160584
Amsterdam,7,9.172399635036495,5.395288450249577,13.288731751824818,7.348293196704461,88.83804744525547,0.09201642335766429
Istanbul,4,13.648813868613134,6.491229799958107,12.59457116788321,6.899758407881261,82.76140510948905,0.12801094890510947
Shanghai,9,18.458120437956204,9.335659061000596,12.356204379562044,6.112693977938983,72.64826642335767,0.19265510948905115
Malmo,6,8.57696167883212,5.781871232147127,17.88220802919708,8.95652071966042,84.87043795620438,0.08649635036496355
Barcelona,6,13.511359489051099,6.14290740132635,7.383302919708029,4.057947945396745,85.61496350364963,0.07043795620437958
Istanbul,19,16.288914233576648,7.613813763515788,16.307208029197085,8.000943751759653,70.6382299270073,0.08125000000000002
Berlin,3,8.504425182481748,6.69076923872062,11.937773722627739,5.825196389688678,84.35355839416059,0.07239963503649635
Paris,15,15.81505474452555,7.345381196175559,14.452189781021906,7.245190396645082,63.222171532846716,0.18061131386861315
Shanghai,5,14.667335766423353,8.940304107566574,10.142791970802918,5.0711715132875135,88.52828467153284,0.16738138686131387
Bordeaux,8,11.414142335766426,5.7924415089172,9.397399635036493,4.969989130477105,88.68202554744525,0.13448905109489054
Amsterdam,12,12.884671532846713,6.4064957679945875,16.269936131386853,8.055459544685517,74.8220802919708,0.11738138686131393
Paris,5,9.746122262773726,5.565732141977031,11.291742700729927,6.310233823684904,86.78695255474453,0.08503649635036498
Nice,11,18.26628649635036,6.775886803748718,8.542153284671533,4.425127673083886,61.02463503649635,0.08380474452554745
Chicago,15,14.101322992700728,11.169842813650599,19.117290145985404,8.255008982517555,61.106751824817515,0.11350364963503654
Copenhagen,7,8.691332116788319,5.877253311345611,17.64584854014598,8.402848352727721,85.22810218978103,0.07308394160583945
Toronto,9,8.791377737226275,10.314568247749724,12.559945255474451,6.510405363563351,76.0264598540146,0.10488138686131383
Galway,16,13.068567518248177,4.6716164373629745,18.846395985401465,8.904638854051257,72.90100364963503,0.1696167883211679
Ghent,4,9.394708029197089,5.436138461742347,12.534808394160581,6.60207822139425,86.7176094890511,0.0676094890510949
Copenhagen,18,11.137728102189778,6.726916507490217,18.70638686131387,8.2679441406047,74.41058394160584,0.07787408759124088
Nice,17,19.18124999999999,6.263373619590732,9.135766423357667,5.497029441871805,63.36131386861314,0.08476277372262775
Cardiff,1,9.622445255474451,4.775486798646676,13.496213503649631,7.412589934389235,87.23083941605839,0.13937043795620443
Los_Angeles,23,15.315237226277372,4.339469491868165,6.11277372262774,3.5877194524956666,74.74315693430657,0.046578467153284675
Los_Angeles,6,13.540647810218978,4.205697396249785,5.436085766423357,3.4777361664441786,78.90921532846716,0.06405109489051093
Moscow,3,4.425091240875911,9.363997788264257,11.980291970802918,5.998289297169029,84.87956204379562,0.07714416058394163
Moscow,17,9.270255474452554,11.809640691483837,14.618886861313875,6.87437638627027,64.55200729927007,0.06998175182481753
Nice,8,14.221760948905109,6.986591186969959,8.396669708029195,4.155380431530653,68.77417883211679,0.07988138686131388
Cardiff,14,13.836587591240876,5.475850707837474,17.255063868613142,8.069914256501345,70.84762773722628,0.1766423357664235
Chicago,23,9.947445255474452,10.23533862976752,16.08220802919708,7.5607524551079335,77.81478102189782,0.12417883211678837
Toronto,4,7.190556569343066,9.329487674313581,12.227828467153289,6.049504525486461,79.14233576642336,0.08704379562043796
Chicago,22,10.286222627737226,10.303510985249954,15.975182481751817,7.505621502771137,77.02189781021897,0.1317518248175183
Chicago,14,13.99064781021898,11.194488649355224,18.946578467153287,8.323950869224054,61.378193430656935,0.09333941605839419
Cardiff,12,13.062135036496352,5.353089904299999,16.860401459854018,8.236976300192287,73.95118613138686,0.16117700729927018
Cologne,6,8.945666058394163,5.768305207703311,10.701687956204383,5.688478500980857,86.73950729927007,0.09461678832116788
Nice,2,14.140465328467155,6.161762831294417,7.8236313868613125,4.322039508241334,75.6345802919708,0.0804288321167883
Cardiff,18,12.810538321167886,5.890426775445708,15.887910583941604,7.937496292253402,74.77691605839416,0.164051094890511
Nice,18,18.510082116788325,6.495944287676608,8.163731751824814,5.350612034514672,66.04060218978103,0.08713503649635036
Chicago,0,9.629653284671537,10.174240401537936,16.04876824817518,7.646919017379582,78.52372262773723,0.10930656934306573
Copenhagen,14,11.687819343065694,6.679396195434274,19.105291970802913,8.673793099007497,72.36770072992701,0.08800182481751831
Copenhagen,1,8.943841240875914,5.850650619250065,17.386724452554745,8.616248957014898,83.20620437956204,0.05734489051094891
Cologne,2,9.965510948905113,6.125188458347057,10.640328467153282,5.462835515401012,83.26505474452554,0.11126824817518247
Chicago,2,9.007527372262777,10.074878170472664,15.797080291970804,7.489621034320164,79.86678832116789,0.09835766423357666
Nice,15,19.73339416058395,6.131910516704214,10.37677919708029,5.4935241765371154,60.06067518248175,0.10369525547445259
Helsinki,18,8.290054744525545,9.00518749007313,17.09461678832117,7.721789440738051,75.35583941605839,0.1056113138686132
Cardiff,7,9.242518248175182,4.874864849641311,13.89479927007299,7.735594692390946,88.5588503649635,0.16537408759124095
Helsinki,10,7.2163321167883225,8.86493137914866,16.26523722627737,7.812702826625507,79.6742700729927,0.10355839416058399
Copenhagen,19,10.756660583941605,6.6483658165594495,18.366560218978098,8.301570594363726,75.96304744525547,0.06925182481751826
Cardiff,6,8.928832116788318,4.680815201376588,13.612728102189784,7.747274513349126,89.49178832116789,0.16656021897810225
Ghent,14,14.535492700729922,6.96508075451244,15.450045620437967,7.532403755910385,67.10264598540147,0.12253649635036502
Ghent,17,14.743430656934306,7.118043791796672,15.49753649635037,7.271203486053133,65.79242700729927,0.11856751824817525
Galway,22,10.387500000000005,4.225934225961671,15.389324817518256,8.057270762541632,84.18704379562044,0.14201642335766423
Copenhagen,23,9.335766423357663,5.981514804592363,17.487956204379554,8.606815945152773,81.52144160583941,0.06167883211678833
Galway,20,11.353877737226275,4.648425823621908,16.23047445255475,8.139959649061382,80.16423357664233,0.16263686131386865
Los_Angeles,15,24.50451642335765,5.966595941786759,13.628786496350363,6.060435533470664,40.06888686131387,0.06364051094890512
Helsinki,19,7.937956204379564,8.938525329855946,16.789735401459854,7.851819088986739,76.6875,0.10273722627737232
Los_Angeles,18,20.73462591240876,5.355216104159503,11.552737226277378,4.616282158410839,53.77600364963504,0.06496350364963503
Galway,5,9.254333941605841,3.9946529087077574,14.924361313868612,8.63183051237973,88.8161496350365,0.16865875912408762
Helsinki,16,8.713549270072997,8.966270473342378,17.445301094890503,7.653237580219085,73.63503649635037,0.1193430656934307
Toronto,12,11.540191605839414,10.556689009713132,14.946852189781016,7.285719959371549,65.4904197080292,0.104470802919708
Chicago,4,8.460994525547447,10.024426921909495,15.635948905109485,7.334597781244198,81.05428832116789,0.10232664233576642
Moscow,15,9.701870437956204,11.690071199195742,15.151551094890513,7.175204996340871,63.32892335766423,0.10013686131386869
Cologne,1,10.078056569343067,6.266324714835616,10.932801094890511,5.7077274163913385,82.38959854014598,0.09315693430656938
Helsinki,12,8.223312043795623,8.97630378022033,17.209078467153294,7.778282834955774,75.30200729927007,0.09730839416058398
Galway,8,9.702281021897813,4.233486111123603,15.390830291970808,8.470739652183548,87.3617700729927,0.16049270072992702
Chicago,7,8.564689781021894,10.303826441558915,14.88617700729927,7.184364557533033,81.03695255474453,0.08991788321167886
Toronto,11,10.796760948905112,10.573915508659537,13.97235401459854,7.148187753381429,68.44479927007299,0.10962591240875914
Copenhagen,10,10.12933394160584,6.481219008027061,18.518020072992705,8.799180447271253,79.42472627737226,0.08471715328467155
Chicago,9,10.104333941605839,10.980791677460502,15.460675182481753,7.6475454995895875,75.03193430656934,0.18677007299270076
Toronto,16,12.642518248175186,10.582267689703182,16.005291970802922,7.414730506643025,60.988138686131386,0.12463503649635034
Moscow,16,9.642335766423356,11.824441713467,14.93024635036496,7.11087533286376,62.85720802919708,0.07641423357664237
Helsinki,21,7.084671532846717,8.606797462326487,16.156021897810213,7.8137872890614775,79.78649635036497,0.08416970802919713
Cologne,8,9.585036496350364,6.27368316865948,10.963321167883215,5.979328876379971,84.39005474452554,0.09858576642335769
Los_Angeles,14,24.651414233576638,6.235258310302853,12.162956204379565,5.9692492092578355,39.76505474452555,0.062408759124087596
Nice,12,19.05173357664233,6.321745790269556,9.12404197080292,5.024744021543287,59.848083941605836,0.09233576642335768
Los_Angeles,10,18.47668795620438,5.305284378273286,5.7687043795620445,4.017740958555989,58.43567518248175,0.059717153284671545
Chicago,21,10.668248175182482,10.409351158647715,15.828056569343072,7.524948449339352,75.91879562043796,0.1552007299270073
Ghent,21,12.105291970802922,6.529228551201098,13.133257299270078,6.755493919961703,77.15009124087591,0.09657846715328468
Ghent,11,12.513640510948914,6.809629600338269,14.369069343065695,7.411932442913948,75.32481751824818,0.08973540145985409
Nice,9,15.559352189781015,7.709832622629901,7.865784671532845,4.28371044704727,64.80155109489051,0.08302919708029198
Ghent,3,9.623266423357666,5.497652850169854,12.516195255474463,6.576781527248481,85.89963503649635,0.06783759124087593
Moscow,14,9.570027372262777,11.570364195314362,15.694662408759125,7.4152108939419294,65.34032846715328,0.08494525547445261
Galway,11,11.57408759124087,4.548464523173508,17.250958029197076,8.69215686978206,79.66560218978103,0.16811131386861314
Toronto,8,7.760310218978102,9.890035439729752,12.229242700729927,6.136352519768232,78.75091240875912,0.08617700729927007
Los_Angeles,17,22.51500912408759,5.490837818974026,13.140145985401459,4.989307012065928,46.96076642335766,0.04598540145985402
Helsinki,5,5.194753649635037,7.708444919658081,15.200501824817525,7.505839790901383,86.65100364963503,0.09457116788321172
Cologne,17,14.984169708029201,7.739529099045641,13.254242700729932,6.763408021224389,62.856295620437955,0.14749087591240875
Cologne,23,10.88485401459854,6.5788888658991285,11.126733576642334,5.661033438771773,79.48859489051095,0.0936587591240876
Moscow,8,5.619114963503648,10.444959281275711,13.268111313868614,6.838143783035136,81.21852189781022,0.0704379562043796
Toronto,14,12.460082116788305,10.515691198430469,15.927098540145995,7.358474851736608,61.80383211678832,0.125228102189781
Ghent,19,13.666058394160581,7.158014876450444,14.23891423357665,6.920141414432538,70.36450729927007,0.10082116788321169
Helsinki,13,8.575319343065697,8.961205876476296,17.522627737226276,7.764880670236891,73.79151459854015,0.09010036496350374
Cardiff,11,12.31961678832117,5.379480618034543,16.284671532846712,8.033371887389888,76.92928832116789,0.14685218978102205
Copenhagen,0,9.120027372262774,5.911706616939298,17.42112226277372,8.621028498825405,82.46852189781022,0.07627737226277374
Moscow,2,4.704881386861312,9.568036839818523,12.35588503649635,6.09436908862018,83.18248175182482,0.07422445255474454
Moscow,6,4.295985401459853,9.492088148181102,12.580200729927006,6.273113198931478,85.70255474452554,0.07960766423357667
Cologne,14,14.845483576642325,7.502220431616772,13.20935218978102,7.027330692961447,63.613594890510946,0.1111313868613139
Helsinki,2,5.653056569343063,7.874724268237539,15.254927007299278,7.407463725494033,84.45255474452554,0.07116788321167887
Ghent,0,10.555155109489055,5.850151521061703,12.882801094890507,6.650245157722921,82.86496350364963,0.07217153284671536
Helsinki,17,8.548722627737224,8.996181461429783,17.341468978102185,7.696650580293374,74.33804744525547,0.11031021897810223
Los_Angeles,16,23.846076642335763,5.744095702945981,14.189279197080285,5.628054444744914,41.86496350364963,0.04288321167883212
Ghent,12,13.537454379562043,6.921426227982949,14.944388686131393,7.653126040579054,71.24771897810218,0.10168795620437962
Cologne,11,12.557527372262774,7.241621665366007,12.222764598540149,6.715532179501288,73.21259124087591,0.10218978102189788
Los_Angeles,8,14.32883211678832,4.853896307207471,5.3856295620437935,3.686733301071401,74.11678832116789,0.07463503649635037
Los_Angeles,1,14.432436131386869,4.350489241076481,5.713321167883213,3.4855358046770797,76.98266423357664,0.05269160583941607
Toronto,1,7.941925182481754,9.48266710310363,12.610310218978105,6.111836425758712,77.16468978102189,0.10269160583941606
Nice,19,17.758074817518246,6.640218698995069,7.1309762773722625,5.0643078877484085,68.93248175182482,0.09666970802919707
Los_Angeles,19,19.05497262773722,4.98049531126938,9.32668795620438,4.303453484311214,60.35857664233577,0.05720802919708028
Los_Angeles,5,13.569571167883215,4.227437513557717,5.351596715328465,3.4328276951009498,79.02007299270073,0.055748175182481756
Los_Angeles,7,13.580885036496348,4.391928048907149,5.471304744525549,3.5354374120326493,78.02828467153284,0.07655109489051096
Ghent,5,9.188959854014598,5.4027138247414666,12.589781021897808,6.682625656604776,87.39096715328468,0.07020985401459856
Galway,14,12.99183394160584,4.585537950607865,18.942974452554747,9.028391543330669,73.63777372262774,0.1879105839416058
Ghent,15,14.770301094890506,7.0293067348530585,15.662864963503646,7.499124464582116,65.93202554744525,0.15214416058394165
Ghent,20,12.898722627737225,6.908264929593548,13.611952554744523,6.769052150857236,73.75136861313868,0.1018704379562044
Chicago,12,12.97477189781022,11.209887459447048,17.915100364963507,8.34345878568397,64.59306569343066,0.10488138686131393
Galway,12,12.235994525547444,4.547613616872921,17.979242700729923,8.836289989941795,76.73175182481752,0.17431569343065695
Nice,10,17.011770072992707,7.52168616847525,7.957527372262776,4.167239590522563,62.26049270072993,0.08325729927007301
Chicago,19,11.865191605839419,10.9641562420134,16.104014598540147,7.347474305673954,71.06067518248175,0.11012773722627739
Moscow,1,4.979197080291972,9.688792628369914,12.4110401459854,6.075629120111141,82.16560218978103,0.07011861313868616
Cologne,4,9.379927007299266,5.857689956293574,10.609260948905108,5.52323262106262,85.36724452554745,0.09274635036496351
Chicago,1,9.3084397810219,10.11887070962859,15.907116788321172,7.606330357959982,79.24270072992701,0.10255474452554747
Copenhagen,2,8.802281021897809,5.768727310719074,17.25433394160584,8.515470358717351,84.09580291970804,0.06833941605839416
Galway,6,9.229425182481751,4.020150753871881,14.953786496350366,8.66369501988453,88.95483576642336,0.15780109489051097
Galway,7,9.376231751824816,4.099368859386541,15.085720802919708,8.494022465559375,88.5360401459854,0.16195255474452552
Nice,0,14.586861313868614,6.445835185570862,6.884124087591237,4.123526666236108,76.72764598540147,0.08362226277372263
Ghent,8,9.55465328467153,5.81529925303299,12.919616788321173,6.747233876423684,86.43293795620438,0.08088503649635038
Cologne,18,14.455748175182487,7.864194391899821,12.729835766423362,6.399404094978238,65.28284671532846,0.12737226277372266
Toronto,2,7.674087591240875,9.42439487190501,12.477189781021902,6.076633666592086,77.80748175182482,0.09402372262773724
Ghent,2,9.927645985401458,5.639213809031623,12.634717153284672,6.4786475824649985,84.9794708029197,0.08421532846715327
Helsinki,1,5.84685218978102,7.972612816734761,15.438458029197086,7.485262806514057,83.76505474452554,0.07217153284671536
Copenhagen,12,11.178284671532849,6.608439148756904,19.06405109489051,8.911745572010304,74.81797445255475,0.08722627737226282
Cardiff,3,9.22176094890511,4.69613453806492,13.474178832116792,7.5231417966750405,88.51916058394161,0.14936131386861318
Cardiff,21,10.875045620437954,5.22674480422455,14.061359489051094,7.5773659799030675,82.70666058394161,0.13718065693430662
Cardiff,13,13.503010948905112,5.403259835903178,17.001231751824818,8.090159646199231,72.35675182481752,0.17271897810218986
Cardiff,8,9.822718978102188,5.157814727087836,14.292974452554743,7.965141186721305,86.46350364963503,0.1514598540145986
Los_Angeles,0,14.823722627737224,4.349436998214964,5.953604014598541,3.506333288523428,76.02919708029196,0.06487226277372263
Cologne,10,11.40985401459854,7.029276560278336,11.69101277372262,6.522605180751927,77.7139598540146,0.1049270072992701
Copenhagen,15,11.727509124087593,6.7108035407393345,19.119343065693425,8.481438908464572,72.02509124087591,0.09028284671532852
Chicago,11,12.162910583941606,11.21813535140424,17.03809306569343,8.098863938368273,67.42381386861314,0.12919708029197083
Cologne,16,15.229060218978095,7.640659656909261,13.50620437956204,6.927802539328999,61.839872262773724,0.13836678832116794
Ghent,23,10.936724452554744,6.005655089506601,12.968704379562045,6.7090731674397635,81.50091240875912,0.08822992700729931
Toronto,20,10.155885036496345,10.342881188275042,13.383622262773732,6.615675134122947,70.39279197080292,0.08918795620437955
Cologne,20,12.898175182481747,7.524094651173786,11.49607664233577,5.857086438785331,72.09397810218978,0.11295620437956208
Toronto,17,12.330976277372256,10.605046608118611,15.599224452554745,7.35559873889636,62.03786496350365,0.09333941605839415
Chicago,6,8.095301094890514,10.043834588270972,15.525684306569337,7.248304668826461,81.92883211678833,0.10355839416058396
Toronto,23,8.619844890510945,9.686721462004408,12.834443430656933,6.209932618913038,75.19753649635037,0.10871350364963502
Copenhagen,21,9.929835766423354,6.271174218582639,17.648220802919713,8.51632022682931,79.22490875912409,0.05483576642335766
Moscow,5,4.043430656934308,9.18578231368976,12.172992700729926,6.216229298747486,86.48813868613139,0.07833029197080296
Helsinki,23,6.347217153284671,8.189450166661905,15.760675182481755,7.658636319190027,82.06341240875912,0.08781934306569347
Moscow,23,5.69183394160584,10.017398917456248,12.709260948905106,6.098979046881758,79.40237226277372,0.0695255474452555
Moscow,22,6.096897810218976,10.210155916798044,12.803375912408763,6.1585989436347175,77.92883211678833,0.06322992700729929
Ghent,22,11.412454379562043,6.185791126820026,13.043020072992698,6.715254173577789,79.72308394160584,0.08362226277372266
Cologne,22,11.375912408759124,6.798424797256615,11.144206204379559,5.636736710086673,77.66560218978103,0.09758211678832117
Cologne,21,12.035082116788322,7.108301283757958,11.199680656934305,5.685928316460464,75.45483576642336,0.10912408759124086
Copenhagen,5,8.412591240875914,5.639904463365363,17.172536496350364,8.468842852976271,85.84717153284672,0.07509124087591242
Helsinki,15,8.738868613138687,8.8797044060962,17.519844890510942,7.528121226140325,73.48813868613139,0.09931569343065698
Nice,20,16.94133211678832,6.634017258696998,6.3598083941605825,4.7124677617017,72.11724452554745,0.09037408759124088
Cardiff,10,11.439324817518244,5.440446015990958,15.58298357664234,7.969780191279503,80.32390510948905,0.13426094890510956
Helsinki,0,6.090054744525547,8.06879998377686,15.622764598540153,7.554691930969412,82.92290145985402,0.08462591240875916
Galway,1,9.752691605839416,4.0178506371400555,15.129151459854008,8.383209709320752,87.18886861313868,0.15132299270072994
Toronto,0,8.247855839416056,9.562586123265863,12.762271897810228,6.154618511445536,76.28147810218978,0.10506386861313864
Chicago,20,11.166195255474458,10.602391269169845,15.774406934306565,7.439646536517883,74.11450729927007,0.20305656934306565
Cardiff,0,9.822810218978105,4.856687338852645,13.566514598540149,7.617425259345368,86.52919708029196,0.13932481751824824
Copenhagen,3,8.608804744525546,5.694670695940495,17.146943430656925,8.495965147567068,84.90009124087591,0.06943430656934309
Helsinki,3,5.519708029197083,7.789713653342296,15.053193430656936,7.297750966393468,85.41788321167883,0.0724452554744526
Galway,21,10.832572992700726,4.41806973224486,15.680885036496337,8.080781926948859,82.37363138686132,0.15159671532846716
Cardiff,15,13.942746350364962,5.552392039111477,17.427737226277372,8.177028459110657,70.24178832116789,0.18512773722627746
Ghent,9,10.342153284671534,6.225903435676467,13.255839416058393,7.013708467047716,83.56386861313868,0.08024635036496357
Copenhagen,16,11.651551094890513,6.72343241674017,19.099270072992706,8.37466127933785,72.38549270072993,0.08964416058394167
Nice,4,13.79251824817519,6.00274154995829,7.982846715328466,4.471614160217001,74.33485401459853,0.08754562043795623
Moscow,21,6.586405109489052,10.474656007337453,12.90889598540146,6.255797002253383,76.17746350364963,0.06984489051094893
Galway,23,10.070483576642335,4.129234768716252,15.257116788321166,8.091439683773201,85.57071167883211,0.15506386861313873
Galway,10,10.844753649635035,4.524769280927805,16.558166058394164,8.639593768118798,82.61952554744525,0.16309306569343066
Toronto,7,6.96167883211679,9.488455620394705,12.3157390510949,6.086572564895575,79.89005474452554,0.09361313868613139
Toronto,22,9.044708029197075,9.802039174695398,12.989689781021896,6.317850038907736,73.87271897810218,0.11300182481751819
Nice,16,19.549954379562045,6.158541322142726,10.039826642335765,5.514927799404494,61.12408759124087,0.10935218978102192
Chicago,8,9.162773722627735,10.68963894625791,15.013138686131388,7.438790285758187,78.77007299270073,0.229014598540146
Helsinki,7,5.600182481751828,8.064790691277464,15.54352189781023,7.721344692287709,85.83029197080292,0.09936131386861317
Los_Angeles,4,13.576186131386862,4.292751095199824,5.083394160583939,3.3035308515856223,78.63321167883211,0.056295620437956204
Toronto,15,12.675638686131386,10.56165007719864,16.073220802919717,7.440331887407013,60.88868613138686,0.10483576642335762
Ghent,16,14.893932481751827,7.060451927810529,15.778649635036498,7.45363764854211,65.23768248175182,0.133485401459854
Galway,19,11.915191605839416,4.799444861759591,16.903649635036498,8.310872018196333,77.67518248175182,0.16313868613138682
Copenhagen,8,9.081934306569346,6.107800214393164,17.973403284671537,8.47592448899676,83.85538321167883,0.072992700729927
Helsinki,4,5.290465328467153,7.729588651641207,15.110629562043796,7.346542399419877,86.16332116788321,0.10894160583941609
Cologne,9,10.37395072992701,6.683451042661461,11.275821167883212,6.252968570110845,81.47673357664233,0.09885948905109496
Nice,13,19.421669708029196,6.17511978640742,9.89949817518248,5.350817724289685,59.59580291970803,0.09210766423357668
Helsinki,20,7.517609489051094,8.793383686397107,16.485766423357656,7.815938726730982,78.35355839416059,0.0966240875912409
Hamburg,19,12.113822992700731,7.54941400585041,13.872217153284671,6.411746765753406,72.48813868613139,0.12007299270072995
Gothenburg,6,6.802052919708029,6.293998966141312,13.602965328467151,6.8773857559292155,88.60720802919708,0.10360401459854018
Sao_Paulo,22,17.829790145985406,3.369176244111128,9.123038321167883,4.196881466211978,87.95711678832117,0.13348540145985408
Kharkiv,8,8.47335766423358,9.892246572854066,11.981250000000005,5.786156513602853,76.66651459854015,0.05469890510948907
Hamburg,18,12.826094890510946,7.702471266499889,14.36993613138686,6.565477141211106,69.55839416058394,0.11254562043795621
Gothenburg,5,6.689416058394159,6.185437117779026,13.449908759124085,6.818416813452223,88.87956204379562,0.11058394160583945
Sao_Paulo,0,17.16884124087591,3.2864285235381105,8.819890510948904,4.142253291865121,89.46897810218978,0.13134124087591242
Liverpool,10,11.062864963503648,5.333849315487239,16.028193430656934,8.291437782724154,79.07253649635037,0.12632299270073002
Liverpool,4,9.097536496350365,4.548093159855657,14.076642335766426,8.190197525288173,87.03649635036497,0.12262773722627743
Kharkiv,15,13.730748175182484,11.208697549830442,15.083576642335759,6.564095690998576,56.105383211678834,0.09908759124087596
Liverpool,6,8.965967153284673,4.598223673739214,14.22372262773723,8.202831117932327,87.4507299270073,0.13234489051094897
Sao_Paulo,2,16.577189781021897,3.2603071462420723,8.716514598540146,4.173509850111647,90.71532846715328,0.08439781021897812
Naples,17,19.90127737226277,6.787011934649598,11.8507299270073,5.588625356777761,64.07527372262774,0.13521897810218977
Gothenburg,22,7.8418339416058345,6.549355985061234,13.3790602189781,7.140486608229537,85.25045620437956,0.11012773722627746
Vilnius,23,7.362819343065695,8.178316215946008,12.7540602189781,5.857972284051632,81.5287408759124,0.06865875912408761
Liverpool,19,11.955656934306568,5.525852681414254,15.490009124087583,7.95115253623098,75.53740875912409,0.11797445255474456
Sao_Paulo,11,23.140967153284677,4.130608500677254,11.938549270072992,6.371587741321448,61.68111313868613,0.11012773722627744
Kharkiv,17,13.100729927007304,11.399650054925718,13.8033302919708,6.177036938862768,58.86952554744526,0.07691605839416063
Naples,21,16.32285583941606,6.416358775599936,7.853193430656933,5.206500590677349,78.76733576642336,0.09735401459854016
Kharkiv,14,13.65287408759124,11.07886878651812,15.155930656934308,6.663685344763195,56.39689781021898,0.08179744525547453
Kharkiv,19,11.423585766423361,10.961462109676312,12.100775547445247,5.634486976443243,65.83622262773723,0.06916058394160587
Hamburg,2,8.69457116788321,6.0193005183124955,12.332253649635035,5.978150146367238,85.70027372262774,0.09051094890510948
Novi_Sad,2,11.032253649635038,7.786323416387107,9.331979927007298,4.890167866750673,78.02417883211679,0.06409671532846715
Gothenburg,7,7.15273722627737,6.535849375146759,13.760948905109496,6.991013245003896,87.57116788321167,0.11049270072992706
Gothenburg,12,10.450547445255474,7.342529101857402,15.463184306569344,7.469747260259195,73.91833941605839,0.14639598540145998
Novi_Sad,20,13.149133211678834,8.646807711137273,8.766560218978103,4.748385531874103,72.45985401459853,0.06304744525547445
Novi_Sad,11,15.101094890510948,8.924284618025403,10.218750000000002,5.743576547246924,64.70939781021897,0.07048357664233577
Kharkiv,12,12.760264598540147,11.012223593949031,14.740328467153299,6.5751706089283095,59.80428832116788,0.07728102189781029
Kharkiv,5,6.796897810218981,8.52680416549108,11.200729927007298,5.212107119606369,82.1875,0.05725364963503652
Sao_Paulo,9,19.937043795620443,4.028828794218542,10.624954379562041,5.811268935721806,74.87591240875912,0.08216240875912412
Novi_Sad,22,12.137682481751826,8.218065377678993,9.175000000000002,4.903210602522419,74.60310218978103,0.06938868613138688
Hamburg,3,8.40734489051095,5.8955154632552595,12.301596715328465,5.996209224359892,86.70848540145985,0.0958029197080292
Liverpool,5,8.968567518248173,4.534585603063864,14.084306569343063,8.17784352181359,87.44160583941606,0.12874087591240885
Gothenburg,19,9.384671532846719,7.283464606201306,14.180976277372269,7.015662100001648,78.55474452554745,0.11049270072992705
Gothenburg,10,9.12837591240876,7.3338749062301245,14.579698905109492,7.454203602464865,79.68065693430657,0.13179744525547454
Gothenburg,23,7.592700729927006,6.429246389242079,13.406843065693431,7.033927604245611,86.12043795620438,0.10843978102189787
Liverpool,21,10.843886861313866,5.048306044841498,14.509717153284672,8.14331867170133,80.36496350364963,0.10360401459854018
Vilnius,18,10.454105839416055,9.669107031358358,14.056341240875915,6.1944304372678625,69.10720802919708,0.11637773722627741
Vilnius,2,6.423540145985399,7.782123991818556,12.545164233576639,5.6806287515311995,85.08713503649635,0.066514598540146
Hamburg,17,13.360538321167887,7.700160826406448,14.847399635036497,6.742729579384208,67.15967153284672,0.11199817518248174
Novi_Sad,8,11.407390510948906,8.48648186136399,9.275638686131385,5.323067062426563,78.38594890510949,0.06491788321167884
Naples,11,19.22267335766423,7.200685319523454,9.815739051094889,6.141123214993583,66.06751824817518,0.13357664233576644
Gothenburg,21,8.293430656934305,6.795562805847982,13.372399635036494,7.244762352959094,83.52509124087591,0.10068430656934313
Kharkiv,6,6.931113138686136,8.745153918742762,11.437180656934302,5.264228714640501,81.79014598540147,0.05456204379562047
Liverpool,11,11.877965328467157,5.366964798472621,16.672627737226275,8.380314724458916,75.8426094890511,0.12956204379562056
Kharkiv,16,13.606432481751824,11.349101652008649,14.581249999999999,6.482877048897915,56.690237226277375,0.07623175182481756
Sao_Paulo,7,16.533713503649636,3.7160302928551125,9.321897810218982,4.859800212318984,89.14233576642336,0.06719890510948906
Novi_Sad,18,15.208394160583946,9.501071201165875,9.03412408759124,5.055547563579706,65.16605839416059,0.08074817518248177
Sao_Paulo,15,24.105702554744518,4.141536255428378,13.51833941605839,6.091970561296678,58.12363138686131,0.39429744525547405
Vilnius,10,8.315647810218973,9.010740416195809,13.569844890510947,6.372119381119594,79.07436131386861,0.08626824817518253
Novi_Sad,4,10.403193430656934,7.473900965321081,9.143750000000002,4.983707566798506,80.73038321167883,0.0789689781021898
Novi_Sad,6,10.141149635036495,7.507878360283069,9.073220802919709,5.073158892709365,82.13412408759125,0.05597627737226277
Vilnius,20,9.101414233576646,9.200910934995399,12.909990875912408,6.043151960932299,75.43339416058394,0.08357664233576648
Naples,5,14.140602189781024,6.1807819819429834,7.887773722627734,5.397685844543765,84.00638686131387,0.12951642335766422
Sao_Paulo,5,15.948357664233578,3.2968135375557543,8.58125,4.200126020962602,91.88412408759125,0.0708029197080292
Gothenburg,14,10.917198905109487,7.2626484074427795,15.970711678832112,7.178026325566475,72.07846715328468,0.16815693430656942
Liverpool,8,9.653330291970804,4.974443848002277,14.889370437956202,8.30005587821931,84.75821167883211,0.12988138686131395
Sao_Paulo,19,19.26719890510948,3.680062830690024,10.47171532846715,4.081261872409608,82.73813868613139,0.11984489051094893
Vilnius,8,6.5708941605839435,8.161148598010925,12.901642335766429,6.016845896711175,86.0132299270073,0.07919708029197085
Vilnius,1,6.701414233576641,7.885209815053711,12.63699817518248,5.685558243995584,84.04881386861314,0.07896897810218982
Liverpool,16,13.237089416058396,5.532902894190985,17.35538321167883,8.403690602124767,70.02235401459853,0.14607664233576653
Hamburg,7,8.262956204379567,6.051187859133502,12.671760948905112,6.215879827323017,87.38594890510949,0.10971715328467156
Vilnius,22,7.782299270072997,8.392329124778342,12.783941605839411,5.896830745876635,79.97810218978103,0.07157846715328471
Novi_Sad,15,17.0581204379562,9.142081380375364,10.897901459854012,5.617130444070444,56.370894160583944,0.09014598540145986
Hamburg,6,8.012089416058396,5.841405020275225,12.488275547445255,6.0997186144544635,88.1382299270073,0.10378649635036499
Hamburg,13,13.176687956204379,7.435353482065855,15.46943430656934,7.222547992037149,68.13503649635037,0.09302007299270076
Naples,12,20.048083941605828,6.991155394049636,10.84479927007299,6.145911084140946,62.89552919708029,0.12267335766423362
Sao_Paulo,6,15.91478102189781,3.362561420096416,8.686724452554742,4.327890490045288,91.71669708029196,0.06925182481751825
Naples,15,20.82331204379561,6.750535545283369,12.88102189781022,5.971489027101884,59.83850364963504,0.1913321167883211
Gothenburg,15,10.922582116788321,7.294131870048876,15.945529197080292,7.048403951200747,72.0456204379562,0.16783759124087602
Liverpool,13,12.865784671532841,5.416642451716098,17.198266423357662,8.2327144451164,71.93978102189782,0.12833029197080303
Kharkiv,7,7.502645985401459,9.268134299696401,11.628695255474453,5.456223236589496,80.00410583941606,0.05492700729927009
Kharkiv,9,9.679470802919708,10.404845976850252,12.538184306569345,6.055685379055373,72.25045620437956,0.059352189781021907
Naples,13,20.512500000000006,6.84561503668504,11.843020072992704,6.10120463100456,61.02874087591241,0.1584397810218978
Gothenburg,1,7.203649635036497,6.2932777594806195,13.364598540145987,6.977200035234911,87.25729927007299,0.10748175182481759
Kharkiv,1,7.917198905109496,9.159875233118477,11.41564781021898,5.165251542390793,77.3412408759124,0.060812043795620455
Vilnius,4,5.911313868613137,7.45012197193101,12.360173357664236,5.701156253450236,87.83120437956204,0.09210766423357668
Naples,2,14.742746350364957,6.221315542357324,8.014963503649634,5.182463900932931,83.05702554744525,0.0949361313868613
Naples,8,15.039507299270076,7.161009297684007,7.92778284671533,5.18818031506008,80.03649635036497,0.1079379562043796
Sao_Paulo,4,16.13220802919708,3.2765773261902713,8.631067518248173,4.1728783682081,91.5757299270073,0.06523722627737226
Liverpool,14,13.17983576642336,5.44984386449416,17.535994525547437,8.378899462278197,70.38184306569343,0.153330291970803
Gothenburg,20,8.826551094890512,7.0662824821741355,13.6540602189781,7.115980045327577,81.18476277372262,0.10328467153284679
Kharkiv,22,9.220209854014596,9.71367719965746,11.735766423357669,5.33934937208746,73.09717153284672,0.05328467153284673
Vilnius,5,5.718795620437956,7.3627674738977325,12.359124087591239,5.793432498775465,88.48540145985402,0.08827554744525552
Kharkiv,10,10.902965328467154,10.737330868452547,13.391742700729935,6.306136504932489,67.29105839416059,0.06779197080291974
Naples,20,17.029653284671536,6.651244724381527,8.540693430656932,5.297761389477461,76.00273722627738,0.11081204379562043
Liverpool,2,9.437454379562043,4.600482928405397,14.001505474452555,8.11920164992795,85.92381386861314,0.13042883211678835
Vilnius,21,8.359489051094888,8.754478612003258,12.773585766423356,6.013385366602097,78.17472627737226,0.07778284671532851
Novi_Sad,10,13.923403284671526,8.865019266524182,9.86487226277372,5.687820997275551,69.16605839416059,0.06277372262773724
Naples,4,14.421395985401459,6.193931399653034,7.957253649635036,5.337509879590744,83.4580291970803,0.11815693430656937
Vilnius,3,6.200501824817522,7.639076241763313,12.39758211678832,5.583185177417954,86.56569343065694,0.07883211678832121
Kharkiv,20,10.505793795620441,10.42028742249951,11.789644160583936,5.4933965139055045,68.98083941605839,0.07974452554744528
Hamburg,23,9.530520072992697,6.3823155449096545,12.74648722627738,6.018992189669146,82.53786496350365,0.07906021897810217
Vilnius,12,10.035675182481748,9.394637812394622,14.674863138686133,6.65847794907592,71.12636861313868,0.09589416058394165
Kharkiv,18,12.334625912408752,11.301635532980718,12.931249999999999,5.899861503259624,62.12408759124087,0.08211678832116794
Novi_Sad,17,16.21742700729927,9.4348213108006,9.77162408759124,5.262604352642774,60.316149635036496,0.09238138686131389
Novi_Sad,3,10.681432481751823,7.5805214816844835,9.102007299270072,4.938987453345157,79.6044708029197,0.07741788321167883
Novi_Sad,0,11.467700729927008,7.979069871053645,9.189370437956208,4.942164932274326,76.29607664233576,0.0604014598540146
Naples,23,15.447125912408758,6.3110590918928855,7.604790145985402,5.289640923254874,81.34717153284672,0.09384124087591242
Novi_Sad,5,10.157755474452554,7.3939509290304475,9.097354014598539,4.9577505100767665,81.68932481751825,0.06952554744525548
Gothenburg,4,6.772901459854015,6.181284983470716,13.439416058394157,6.824568152396668,88.59215328467154,0.11683394160583946
Gothenburg,18,9.932755474452554,7.373066066493215,14.69735401459854,6.9095144270862185,76.0926094890511,0.11906934306569349
Naples,6,13.895255474452547,6.175163762435425,7.750273722627734,5.264583311351164,84.40054744525547,0.1292883211678832
Gothenburg,3,6.8989051094890534,6.2064268368652655,13.3809306569343,6.862632160774981,88.23813868613139,0.1293795620437957
Sao_Paulo,17,21.97440693430657,3.9792796417086285,13.357846715328467,5.432781854992213,69.41332116788321,0.24580291970802923
Sao_Paulo,8,18.136861313868614,3.9056572624443002,10.111496350364964,5.560857459762881,82.47627737226277,0.0676551094890511
Sao_Paulo,1,16.85278284671533,3.26577923673822,8.777600364963504,4.116921375828197,90.13503649635037,0.09598540145985406
Naples,16,20.51122262773724,6.743459868046061,12.72080291970803,5.66894828142425,61.121806569343065,0.15191605839416064
Hamburg,10,10.616742700729924,7.095507271051073,13.88754562043795,6.67330595140504,78.7331204379562,0.08937043795620445
Liverpool,17,12.932801094890513,5.622309655374805,16.889598540145997,8.297099701864047,71.25684306569343,0.13129562043795628
Sao_Paulo,20,18.59534671532848,3.540973091113918,9.732709854014601,4.071561192554208,85.77965328467154,0.10451642335766431
Vilnius,0,7.0062043795620434,8.00815523453155,12.693339416058393,5.7417955975791255,82.89872262773723,0.07153284671532852
Kharkiv,11,11.953239051094894,10.929006560156255,14.155337591240883,6.471538557120328,62.978558394160586,0.07271897810218982
Hamburg,9,9.652919708029199,6.779822848805906,13.341925182481752,6.537641494471635,82.50729927007299,0.10173357664233579
Novi_Sad,7,10.558302919708028,7.961426542460278,9.230337591240874,5.195524903984625,81.17746350364963,0.057116788321167886
Liverpool,12,12.57682481751825,5.391701396856676,17.176642335766424,8.467511517270724,73.0456204379562,0.13065693430656947
Novi_Sad,21,12.548631386861306,8.361656850871178,9.025182481751823,4.834918343085302,73.66925182481752,0.06660583941605841
Naples,10,17.98061131386862,7.406260873624329,8.89397810218978,5.784304157183954,70.38868613138686,0.12016423357664233
Naples,3,14.72869525547445,6.192793513134199,8.062271897810218,5.428986803403,82.7212591240876,0.11437043795620438
Hamburg,8,8.836313868613143,6.405645951266002,12.885082116788318,6.403435087139339,85.49863138686132,0.09803832116788323
Hamburg,1,8.834169708029194,6.120951542147545,12.43877737226277,6.0815184903898585,85.05611313868613,0.08029197080291973
Novi_Sad,12,16.072536496350363,8.968336885843597,10.483485401459852,5.802723756937804,60.887317518248175,0.06186131386861315
Naples,14,20.831751824817516,6.779715431981995,12.436085766423362,6.045925546005286,59.71806569343066,0.14265510948905108
Hamburg,20,11.348129562043791,7.234118169619209,13.4287408759124,6.2764427143790265,75.63594890510949,0.09671532846715337
Liverpool,20,11.381843065693435,5.311559062815678,14.88987226277372,8.040085990291372,78.13777372262774,0.11250000000000004
Naples,19,17.935082116788315,6.90974850895233,9.51865875912409,5.36127598356532,72.09215328467154,0.1101733576642336
Gothenburg,2,7.150000000000005,6.232669628522859,13.39292883211679,6.806958758397192,87.5793795620438,0.10643248175182485
Kharkiv,4,7.003695255474454,8.607383816815771,11.201779197080294,5.152151582968046,81.46122262773723,0.05843978102189782
Vilnius,11,9.235857664233576,9.262333275322437,14.162089416058395,6.538355731985621,74.83576642335767,0.08284671532846724
Gothenburg,8,7.705702554744526,6.8513738046789046,14.011998175182477,7.1067569768156815,85.5469890510949,0.12395072992700737
Vilnius,13,10.663731751824816,9.468170673303248,15.088686131386861,6.779659197170959,68.31204379562044,0.10282846715328474
Liverpool,15,13.323494525547442,5.492963011300165,17.58334854014599,8.368058912298942,69.68430656934306,0.1446624087591242
Kaunas,23,8.093795620437955,7.998030782865782,12.531113138686134,5.727663064683397,80.51596715328468,0.07559306569343065
London,10,12.097354014598535,6.1350377061219765,15.049771897810228,8.095124775616046,76.72536496350365,0.09603102189781026
Turku,12,8.87677919708029,9.37790230288867,13.878786496350356,6.446698339155862,72.75501824817518,0.10935218978102194
Varna,9,13.392381386861302,8.653123758773274,11.479425182481751,5.989769997760749,73.22673357664233,0.06208941605839416
Chisinau,4,8.785492700729927,7.858714712176356,9.657116788321163,4.360055239083609,80.83394160583941,0.059534671532846715
Belfast,5,8.253330291970801,4.123488378486896,13.79470802919708,7.467758131299788,89.60173357664233,0.12458941605839423
Varna,3,11.706614963503648,7.2999069688597364,10.151870437956203,5.61121457815358,80.27235401459853,0.05232664233576642
Turku,4,4.854698905109488,7.641541670763453,11.179744525547441,5.336566445066349,89.38321167883211,0.093293795620438
Gdansk,11,11.309693318729463,8.21255165087099,16.644578313253014,8.131145981518706,71.15060240963855,0.07316538882803944
Kaunas,4,6.643111313868614,7.310473282694941,12.083895985401464,5.794540212158871,87.08667883211679,0.11510036496350365
Chisinau,2,9.2783302919708,8.209963797919768,9.658850364963504,4.21997749852425,78.0948905109489,0.04767335766423357
Rome,19,18.404288321167886,7.635608636902991,10.100684306569345,5.054316066114629,67.42472627737226,0.09356751824817518
Chisinau,8,9.544753649635037,8.81302197354798,9.796441605839416,4.86301498686246,78.47992700729927,0.04940693430656934
Kaunas,14,11.841560218978106,9.2404149671414,15.182846715328465,7.088618008145329,65.07846715328468,0.08968978102189788
Chisinau,3,9.097445255474453,8.044334753785348,9.743111313868614,4.28544264973542,79.35127737226277,0.04758211678832117
London,23,10.432025547445253,5.511560060258883,13.058622262773726,6.709083505101648,83.00638686131387,0.07130474452554746
Kaunas,10,8.863047445255473,8.67342181233929,13.339689781021898,6.393898527448037,78.7030109489051,0.07531934306569346
St_Petersburg,16,8.90360401459854,10.674560192045536,15.321213503649641,6.687809286289917,68.65921532846716,0.10675182481751833
Varna,4,11.575866788321171,7.211398545925741,10.291605839416059,5.7568281663951755,80.30656934306569,0.05958029197080293
Gdansk,12,11.880339539978094,8.275945807455308,17.12530120481928,8.072351971239987,68.8433734939759,0.08559693318729467
Kaunas,16,11.97030109489051,9.422643241686444,15.060994525547446,6.816408205718728,64.03877737226277,0.11318430656934315
St_Petersburg,4,4.41719890510949,8.411437346238877,12.693020072992699,6.1582353571732735,87.32755474452554,0.07541058394160588
Rome,14,21.65994525547446,7.859878044952686,11.133804744525548,6.269471542512831,53.52554744525548,0.1405109489051095
Turku,7,5.296760948905111,8.07745048265498,11.518841240875913,5.646168646250666,88.0661496350365,0.09165145985401464
London,2,9.592791970802924,5.139624489829741,12.461724452554746,6.832476033297273,86.72034671532846,0.07445255474452558
Chisinau,16,16.167746350364954,10.052204893272233,12.746395985401461,5.959232087194477,52.54197080291971,0.0831660583941606
Gdansk,4,7.781982475355971,6.572808128781405,14.059200438116099,7.435441615525249,84.64567360350493,0.0733844468784228
Gdansk,9,9.719058050383351,7.844237629556939,15.447042716319826,7.8591382646814285,77.58488499452355,0.061610076670317634
Turku,3,5.072810218978103,7.695499449057728,11.212454379562043,5.401358501609662,88.65100364963503,0.07869525547445258
Chisinau,13,15.717837591240876,9.8960759768672,12.60565693430657,6.1112585067099765,54.136861313868614,0.06199817518248177
Varna,5,11.371441605839415,7.203232584989075,10.41026459854015,5.746400816146936,80.43841240875912,0.05816605839416061
London,8,10.099133211678833,5.632976047164085,13.385675182481755,7.482276950964873,84.82071167883211,0.08590328467153287
Turku,8,5.886085766423357,8.47223148594165,11.747673357664233,5.921059435210197,85.7860401459854,0.09274635036496354
Gdansk,7,8.286966046002195,7.0922620304024,14.65876232201534,7.631710514126137,83.08543263964951,0.07037239868565172
London,5,8.988366788321171,5.028484511507893,12.336405109489062,6.942692814092067,88.92746350364963,0.08613138686131386
London,9,11.020437956204379,5.9625632768525865,14.122217153284677,7.819954464383245,81.12545620437956,0.09416058394160588
Kaunas,11,9.835857664233577,8.921313347928976,13.911268248175189,6.667144989186341,74.39598540145985,0.07618613138686132
Chisinau,9,10.845027372262777,9.37203629219094,10.137408759124087,5.192647106398542,73.75136861313868,0.05433394160583943
Chisinau,7,8.682892335766422,8.171670974141477,9.743704379562045,4.452779434479254,81.52144160583941,0.05072992700729927
Chisinau,20,12.727554744525545,9.7328659192461,10.02481751824818,4.7576717420226995,65.88275547445255,0.05447080291970803
Turku,18,8.690602189781023,9.379186548073577,13.76149635036496,5.8851680720999635,73.2705291970803,0.099315693430657
Rome,2,13.944114963503653,6.687350678533739,7.607116788321164,4.895776781656002,84.0588503649635,0.1093521897810219
Rome,10,17.362454379562045,8.272578469813578,8.468978102189775,5.56439709821405,68.18613138686132,0.08631386861313868
Rome,16,21.448859489051102,7.518725054723506,12.10474452554744,6.209271885769515,54.47445255474452,0.15939781021897811
St_Petersburg,1,5.142746350364964,8.766717606568779,12.70100364963504,6.225197900911205,84.55200729927007,0.07554744525547451
St_Petersburg,17,8.62235401459854,10.632005723814332,15.077919708029205,6.493906539390659,69.89644160583941,0.10387773722627745
London,16,14.8356295620438,6.479140680495132,16.47422445255475,7.899680611074853,64.60857664233576,0.09662408759124091
Belfast,3,8.499406934306565,4.126615929232016,13.701870437956202,7.476531434239864,88.70666058394161,0.11957116788321172
Rome,1,14.26272810218979,6.793694719686361,7.616697080291971,5.023046333790971,83.07664233576642,0.09165145985401461
Kaunas,2,7.114324817518248,7.568983231981091,12.236405109489054,5.711345570093236,84.61906934306569,0.07427007299270076
Rome,13,21.431295620437968,8.079507158793756,10.46336678832117,6.544115935622558,54.10173357664234,0.11281934306569348
Rome,20,17.21660583941606,7.364940184994474,9.022399635036493,4.880183299428408,72.88047445255475,0.08015510948905111
Varna,11,15.847718978102192,8.702483122843336,12.455793795620435,6.055722025189857,64.31523722627738,0.06551094890510951
St_Petersburg,20,7.109899635036497,9.980522226113342,13.654744525547445,6.219871816336264,76.87545620437956,0.0777372262773723
Chisinau,12,14.88020072992701,9.876478119342107,12.215556569343065,6.030935748100065,57.4603102189781,0.05693430656934306
Gdansk,14,12.388225629791895,8.335248699186034,17.464129244249726,7.778068938975224,66.90361445783132,0.10585980284775473
London,19,13.048768248175179,6.554058347232459,14.856797445255477,7.2340174237244135,72.04835766423358,0.08125000000000004
Belfast,20,10.391149635036491,4.806107683435104,14.061998175182486,7.3965379928878905,81.32527372262774,0.1004562043795621
Gdansk,13,12.26763417305586,8.296121463147873,17.499288061336255,7.957241522258236,67.28148959474261,0.10350492880613367
Kaunas,9,7.934215328467153,8.315207259656699,12.915374087591237,6.217548225006555,82.56660583941606,0.07217153284671533
Gdansk,22,9.079901423877327,7.228391980268807,14.242223439211395,7.535810927914821,80.59145673603506,0.06944140197152247
London,11,13.113093065693429,6.220647522910854,15.908257299270074,8.255585236986525,72.45027372262774,0.08531021897810225
Kaunas,17,11.754972627737226,9.483475402214522,14.657983576642332,6.65675911676026,64.87728102189782,0.0972627737226278
London,21,11.47080291970803,5.9034113317883605,13.565100364963502,6.885082670936637,78.59352189781022,0.07427007299270075
London,20,12.244571167883215,6.26074449871439,14.126277372262775,6.984832835607256,75.5205291970803,0.07513686131386862
Belfast,9,9.52965328467153,4.659744016828787,15.008120437956203,7.336265540728008,85.09215328467154,0.12194343065693436
Turku,23,5.860492700729927,8.06213882658304,11.599406934306566,5.677951833919009,85.08394160583941,0.0780109489051095
Turku,11,8.203193430656935,9.352245674371712,13.285994525547448,6.317365749266942,75.81888686131387,0.10570255474452563
Turku,6,4.901414233576642,7.783637579786935,11.330839416058392,5.512872586164959,89.42609489051095,0.09434306569343069
Rome,12,20.53686131386862,8.219995480454621,9.429927007299272,6.334312347141253,57.17883211678832,0.10447080291970806
Rome,18,19.634671532846706,7.6578184829375004,11.213959854014595,5.473904435692506,62.15602189781022,0.11231751824817521
Belfast,4,8.367518248175186,4.109212374004743,13.755520072992702,7.491680254072762,89.18293795620438,0.12700729927007307
St_Petersburg,0,5.389187956204381,8.871337899501926,12.791332116788325,6.224385404974309,83.66970802919708,0.07349452554744529
St_Petersburg,5,4.37322080291971,8.445977765801658,12.750091240875918,6.2208531682126855,87.4735401459854,0.07308394160583946
Gdansk,19,10.500602409638553,7.986852529972862,15.542113910186192,7.380769215594448,74.86254107338445,0.07431544359255206
Chisinau,14,16.24840328467154,9.899766360360683,12.883713503649636,6.090517900307524,52.128193430656935,0.07714416058394165
London,12,13.966651459854015,6.27139850193814,16.617107664233572,8.459628087381281,68.78421532846716,0.0792883211678833
Varna,10,14.726824817518251,8.745567376974378,12.028193430656925,6.081420690194834,68.44343065693431,0.07253649635036499
Varna,17,16.389644160583956,8.209185861388523,12.939735401459854,5.561211965408697,64.81204379562044,0.07641423357664234
Gdansk,0,8.545180722891565,6.9267613887865656,14.07009857612267,7.477032866279785,82.09967141292442,0.06571741511500548
Chisinau,23,10.554790145985399,8.764962032233944,10.000729927007296,4.36329545794945,73.3617700729927,0.049635036496350364
Gdansk,20,9.937568455640744,7.698719438222304,14.911391018619932,7.418034413317159,77.37349397590361,0.07464403066812705
Chisinau,5,8.51227189781022,7.758967070897987,9.605291970802918,4.448729099855054,81.88914233576642,0.0551094890510949
Kaunas,0,7.725866788321167,7.8177641619329385,12.418886861313862,5.650580001328276,82.05839416058394,0.07267335766423359
St_Petersburg,14,9.035036496350363,10.609168834019744,15.546806569343062,6.877779514343032,68.29790145985402,0.10976277372262774
Belfast,12,11.5521897810219,4.790081295495754,16.7,7.385529908614282,76.38959854014598,0.1125456204379563
Chisinau,17,15.723768248175185,10.179008740018809,12.099635036496352,5.676832405145182,54.24270072992701,0.070529197080292
Gdansk,10,10.544140197152245,8.072421588434905,16.05777656078861,8.026262187185566,74.28258488499452,0.06599123767798468
St_Petersburg,23,5.672536496350366,9.046350212468413,12.879881386861307,6.265100526314003,82.51642335766424,0.07271897810218982
Rome,15,21.750684306569344,7.67114121655784,11.779835766423355,6.28428483178835,53.39872262773723,0.15634124087591242
Varna,19,14.649041970802918,8.192944220573732,10.797582116788314,5.450771227667373,72.36861313868613,0.06473540145985401
Rome,5,13.131386861313867,6.473490533113505,7.943841240875915,4.528336506750733,84.88868613138686,0.10059306569343066
Turku,22,6.314872262773721,8.365408638593744,11.778193430656934,5.760576669288421,83.30748175182482,0.08941605839416061
Chisinau,1,9.642928832116787,8.37427518602817,9.753740875912408,4.213034766829778,76.7367700729927,0.051414233576642335
Varna,21,13.294069343065695,7.732804657381402,9.44776459854015,5.640703812551038,77.97627737226277,0.07198905109489052
Chisinau,22,11.119434306569342,8.990267878181927,10.064370437956207,4.437341409214312,71.2823905109489,0.05437956204379562
Rome,11,19.14429744525547,8.288674304946783,8.708531021897807,6.000881209817119,62.11815693430657,0.09543795620437959
Turku,10,7.425775547445255,9.196736410443702,12.657253649635035,6.2351144385329755,79.27098540145985,0.10214416058394167
London,4,9.153649635036496,5.0444546288447905,12.349224452554738,6.917782755196341,88.33850364963503,0.0776459854014599
Turku,21,6.924270072992699,8.728885951036169,12.129333941605841,5.711024667347527,80.80109489051095,0.0871806569343066
St_Petersburg,15,9.001870437956207,10.622812064708654,15.377691605839413,6.732598107682084,68.21213503649635,0.10264598540145994
Gdansk,17,11.624424972617744,8.289948052325673,16.9210295728368,7.602892472809119,70.51150054764513,0.12513691128148965
Kaunas,7,6.664142335766423,7.542028946730058,12.390967153284672,5.894325809251776,87.19160583941606,0.07312956204379566
London,17,14.408804744525547,6.669349911163089,15.992244525547445,7.725419290942966,66.27007299270073,0.09279197080291975
Belfast,14,12.311861313868615,4.774722905585274,17.254242700729936,7.552755595767914,73.75410583941606,0.16322992700729944
Belfast,6,8.263549270072991,4.147065829190318,13.873585766423362,7.431077519867995,89.6706204379562,0.13161496350364965
Rome,9,15.436496350364962,8.088726378614973,8.375182481751825,5.1011516373199175,74.64826642335767,0.08448905109489051
Belfast,0,8.836177007299272,4.250268666210511,13.436861313868615,7.315553090973716,87.17700729927007,0.09320255474452557
Rome,6,12.885812043795623,6.462521546198571,8.086724452554739,4.524386161923425,84.98631386861314,0.1039233576642336
Turku,17,9.128193430656937,9.403547153203512,14.152052919708026,5.967492600952994,71.58804744525547,0.10497262773722632
Varna,22,12.892791970802916,7.625740900866409,9.195620437956205,5.5899277759632815,79.03467153284672,0.06870437956204381
Varna,8,12.20561131386861,8.157225573976566,11.046989051094895,5.888145736433599,77.31888686131387,0.05333029197080292
Gdansk,16,12.077765607886095,8.32415127217283,17.428477546549832,7.772666514739881,68.54819277108433,0.11506024096385546
London,18,13.788640510948914,6.7139482034530324,15.45004562043796,7.43365728356579,68.87636861313868,0.09685218978102195
Gdansk,1,8.315060240963854,6.828382982870292,14.015388828039436,7.486002923225326,82.69277108433735,0.05465498357064623
Belfast,1,8.797080291970802,4.1777966778719495,13.617700729927007,7.314210087048369,87.44160583941606,0.097536496350365
Gdansk,8,8.938280394304492,7.495660633260231,15.00350492880613,7.752645772629244,80.69167579408543,0.06872946330777657
Turku,2,5.121259124087591,7.734644962147197,11.325729927007298,5.558047230378213,87.91012773722628,0.07965328467153289
St_Petersburg,9,6.268430656934307,9.871000346100008,13.619753649635037,6.682312964630321,80.39096715328468,0.06879562043795624
Chisinau,11,13.759215328467153,9.82680120077278,11.6172901459854,5.810930803026828,62.075273722627735,0.04940693430656934
St_Petersburg,6,4.553877737226277,8.655593059354372,12.937728102189785,6.265153965817874,86.87408759124088,0.06897810218978105
Rome,8,13.92395072992701,7.4901046111901435,8.186724452554742,4.834182622279088,80.0287408759124,0.10118613138686132
Chisinau,10,12.377645985401456,9.671827949732238,10.848083941605838,5.485861332203333,67.75045620437956,0.05342153284671534
Belfast,18,11.501231751824818,5.043871729520558,15.482436131386859,7.253424372391052,76.5625,0.13225364963503655
Kaunas,3,6.983074817518249,7.455280402281682,12.122901459854019,5.732706232003641,85.72217153284672,0.07810218978102193
Turku,20,7.5516423357664255,9.040041109544283,12.64169708029197,5.660703496415613,78.01779197080292,0.0891879562043796
St_Petersburg,13,8.791423357664236,10.616637794726293,15.447034671532837,6.90776293958241,69.31204379562044,0.09603102189781032
Varna,0,12.279105839416058,7.47449407233394,9.225821167883211,5.608885600749065,79.88549270072993,0.05958029197080293
Varna,6,11.212500000000002,7.220468190182714,10.47755474452555,5.793870432886511,80.53558394160584,0.0582116788321168
Belfast,23,9.064370437956205,4.309729544876241,13.39990875912409,7.3353181132031215,86.36040145985402,0.09270072992700733
London,7,9.411313868613142,5.312116796008068,12.910127737226283,7.21265607466538,87.50775547445255,0.08175182481751828
Varna,16,16.96596715328467,8.1976196617929,13.61587591240876,5.568524519203567,62.16149635036496,0.0914689781021898
Varna,12,16.670209854014594,8.597768189903409,12.889872262773721,5.951564547905353,61.25547445255474,0.08708941605839418
Kaunas,19,10.692746350364963,9.34091363730715,13.354379562043798,6.222788978653017,69.91377737226277,0.08339416058394164
Varna,14,17.367700729927012,8.267202255956061,13.65068430656935,5.663877347357201,59.23448905109489,0.11975364963503655
Turku,5,4.778695255474451,7.624212406471947,11.22185218978102,5.433457186438031,89.71259124087591,0.099543795620438
London,13,14.419890510948909,6.2834947401566845,16.396852189781022,8.228646855006245,66.79516423357664,0.08845802919708039
St_Petersburg,8,5.544114963503648,9.44966400149907,13.313503649635033,6.5719623641862555,83.30611313868613,0.07322080291970808
Kaunas,22,8.532299270072992,8.214393119301597,12.53334854014599,5.810519121459528,78.70346715328468,0.07340328467153287
Turku,9,6.632801094890511,8.872236595159741,12.142746350364966,6.1148749309204256,82.72627737226277,0.09698905109489057
Varna,2,11.790054744525552,7.345512923311803,9.52294708029197,5.538525943891148,80.2837591240876,0.058394160583941604
Varna,18,15.522901459854022,8.280394554513615,11.86674270072993,5.501141557930032,68.53968978102189,0.053421532846715324
Oulu,17,5.922992700729926,10.657008098866147,12.571897810218978,5.834683159320042,74.23722627737226,0.09735401459854022
Dublin,19,11.442062043795621,5.211439943927752,15.05488138686131,7.7125913685385905,76.56888686131387,0.10588503649635042
Toulouse,23,13.655520072992704,6.979435568962857,11.848403284671532,6.692714705444906,77.5337591240876,0.102007299270073
Limerick,15,13.189872262773724,4.920765858441885,16.204242700729928,7.225303884420339,72.68841240875912,0.20816605839416064
Toulouse,1,12.651596715328468,6.641767704035293,11.398768248175182,6.488972729246771,81.44753649635037,0.08553832116788324
Toulouse,5,11.310720802919711,6.07202765819204,10.662956204379562,6.515890489047911,87.0830291970803,0.08152372262773723
Cork,17,12.814187956204384,4.794651704064344,16.27737226277372,7.06258446637618,74.31432481751825,0.16628649635036497
Riga,12,10.151642335766423,9.132917629688059,14.739826642335776,6.834390081325258,71.90100364963503,0.08973540145985409
Dublin,0,9.197445255474458,4.411064761400589,14.096715328467143,7.922249873785544,85.63275547445255,0.1005930656934307
Riga,2,6.7781021897810225,7.474279307477356,12.741970802919711,6.031917944376499,85.2463503649635,0.08918795620437961
Toulouse,16,18.938184306569344,7.88623797620942,13.70930656934307,7.720540219485104,57.23266423357664,0.09338503649635038
Dublin,21,10.235173357664232,4.789420398788596,14.055656934306572,7.926191060383461,81.8786496350365,0.09685218978102193
Iasi,3,8.842837591240874,7.946172390503461,9.241742700729924,4.43042932863208,80.38777372262774,0.06970802919708032
Toulouse,12,16.22144160583942,7.479709118096762,12.378740875912415,7.761318771095089,68.50775547445255,0.08371350364963508
Toulouse,10,13.373403284671534,7.142298818345636,11.375638686131385,7.161639630878805,79.4279197080292,0.08225364963503651
Iasi,2,9.021943430656936,8.102936976232542,9.22221715328467,4.488440857897125,79.02235401459853,0.07668795620437956
Cork,0,9.405565693430654,4.127362584888607,13.034990875912412,6.856327177442303,88.85675182481752,0.12864963503649635
Oulu,18,5.610538321167881,10.57334701391085,12.416240875912402,5.892655378888143,75.72536496350365,0.10460766423357665
Cairo,21,24.745757299270057,7.057708932962624,15.065282846715325,6.273839537298471,39.9242700729927,0.003786496350364963
Toulouse,13,17.41163321167883,7.604229448220751,12.870118613138686,7.851164355012613,63.660127737226276,0.07979014598540148
Limerick,19,11.805611313868614,5.164892236275712,14.130200729927012,6.557851973510181,78.18293795620438,0.16318430656934316
Oulu,19,5.212682481751823,10.423499050859176,12.18389598540146,5.912395658510007,77.76140510948905,0.09224452554744529
Cork,23,9.638777372262771,4.169819621367458,13.040191605839416,6.710835435381299,87.90784671532846,0.12121350364963511
Tallinn,18,8.783211678832117,9.05079993967669,14.918658759124076,6.5766271779167,74.08667883211679,0.09539233576642342
Toulouse,0,13.119525547445258,6.788994379566946,11.619388686131385,6.594860106008169,79.61131386861314,0.0978102189781022
Yekaterinburg,16,6.78494525547445,13.539580451109716,13.976049270072993,6.044160950908934,60.840328467153284,0.07486313868613141
Cork,16,13.144708029197073,4.693035451548686,16.866468978102198,7.143093917979936,73.0625,0.18576642335766422
Toulouse,11,14.833850364963505,7.33408877734233,11.85191605839416,7.460664899666687,73.94571167883211,0.08152372262773726
Toulouse,19,17.241377737226276,8.235549202729391,12.677509124087592,7.029792543449141,64.22034671532846,0.0989963503649635
Cairo,17,29.400136861313843,7.500540371798751,14.267335766423358,5.248578570952462,27.24726277372263,0.007937956204379561
Limerick,13,12.65396897810219,4.8183689992383165,15.736131386861313,7.167424609552557,75.39233576642336,0.17189781021897826
Cork,4,8.968613138686134,4.104365354473688,13.21637773722627,6.92717092036441,90.63594890510949,0.16551094890510953
Iasi,16,15.559443430656936,9.677199497035526,11.264233576642338,5.77544242813622,55.768704379562045,0.09174270072992706
Yekaterinburg,11,4.854607664233576,13.515410570709218,13.386815693430655,5.987028004264142,67.60127737226277,0.05447080291970803
Tallinn,8,6.406113138686125,8.105816554742816,13.733348540145991,6.377993465729547,84.85675182481752,0.09206204379562052
Limerick,14,13.018385036496351,4.8699035236850055,16.009671532846706,7.215821875053336,73.6587591240876,0.21473540145985415
Tallinn,21,7.224680656934306,8.254753544616833,13.74087591240875,6.531964641701752,81.02144160583941,0.07618613138686138
Cork,21,10.425273722627738,4.4601240399502196,13.330976277372269,6.698528987980454,84.50638686131387,0.13781934306569346
Riga,14,11.083667883211684,9.206146006109954,15.293020072992709,6.92976050461732,67.86268248175182,0.10524635036496355
Cork,12,12.491560218978105,4.648154174170687,16.377189781021894,7.384139301974747,76.10036496350365,0.15250912408759124
Cairo,3,19.177554744525548,5.754793041059518,9.24881386861313,4.068584595383743,66.35401459854015,0.001186131386861314
Oulu,7,2.6260492700729934,9.294817845928494,11.730337591240874,5.632582421330547,87.22582116788321,0.07600364963503652
Yekaterinburg,0,2.2169251824817517,11.637316276193328,12.127189781021894,4.916475319834229,78.17928832116789,0.04174270072992701
Cork,3,9.05524635036497,4.08861672247699,13.2334397810219,6.986513671600133,90.43293795620438,0.16824817518248172
Dublin,6,8.526824817518248,4.257114361165226,14.506569343065697,8.11557673616566,88.1537408759124,0.11090328467153286
Cork,9,10.118613138686133,4.645919111703106,14.137682481751822,7.18960490745096,86.2956204379562,0.1467153284671533
Tallinn,10,7.751687956204378,8.828931367860168,14.341149635036503,6.5471630357691515,79.26824817518248,0.0939781021897811
Riga,9,7.7097171532846716,8.434915887896574,13.238549270072992,6.429380181931619,82.18978102189782,0.090830291970803
Yekaterinburg,7,1.3596259124087564,11.74472811403058,12.037317518248173,5.22315734279283,81.70985401459853,0.05424270072992702
Toulouse,4,11.610310218978103,6.16216822244879,10.779653284671534,6.488333543791423,85.93202554744525,0.08188868613138686
Iasi,21,11.331706204379563,8.974753026375396,9.401368613138686,4.581688987897016,71.2198905109489,0.0685675182481752
Iasi,1,9.390237226277373,8.225519703009201,9.274635036496347,4.543057844831273,77.68248175182482,0.06916058394160586
Cairo,8,18.672399635036495,6.218984207433295,8.660401459854015,4.6031007174338905,70.9110401459854,0.006067518248175182
Iasi,22,10.728512773722624,8.736449191642858,9.44352189781022,4.579154642413475,73.01277372262774,0.06250000000000001
Limerick,7,8.795346715328465,4.310555783452178,12.39639598540146,6.719949982164701,90.45392335766424,0.14968065693430666
Toulouse,6,11.082892335766429,6.000582980296088,10.573813868613138,6.607127837018509,87.95255474452554,0.08038321167883213
Limerick,1,9.237773722627736,4.255512833160448,12.445529197080285,6.622072002180903,88.8293795620438,0.1348996350364964
Riga,15,10.995802919708026,9.222391573672116,15.123722627737221,6.732535986828952,68.0323905109489,0.1210766423357665
Limerick,2,9.059808394160582,4.248850308668258,12.426916058394163,6.69147130330097,89.47034671532846,0.16820255474452564
Limerick,18,12.367791970802918,5.23248054276068,14.892153284671531,6.813058481841701,75.5985401459854,0.17189781021897818
Cairo,0,21.327919708029196,6.294314058195603,11.89470802919707,4.444490977787885,55.11998175182482,0.004562043795620438
Toulouse,21,15.090328467153284,7.592958223811435,11.961040145985402,6.870235341718737,72.44753649635037,0.11081204379562047
Limerick,22,10.043704379562042,4.48210566185716,12.776003649635037,6.247848293856424,85.49315693430657,0.14087591240875919
Yekaterinburg,14,6.705337591240877,13.493866070179338,14.15031934306569,6.225001481103054,60.740419708029194,0.0857664233576643
Limerick,5,8.677554744525551,4.229073682764828,12.340784671532848,6.797172803770019,90.66560218978103,0.15022810218978114
Oulu,13,5.792290145985402,10.64322455761328,12.456751824817513,6.092500873841568,73.91788321167883,0.09785583941605847
Tallinn,11,8.449771897810216,9.06563117451842,14.766058394160575,6.67284238790234,76.16468978102189,0.09247262773722634
Yekaterinburg,8,2.052645985401462,12.32735498026034,12.143476277372262,5.409999139934955,79.0757299270073,0.05004562043795621
Limerick,23,9.66979927007299,4.37341877074016,12.651231751824817,6.38733187827062,86.97217153284672,0.13786496350364966
Riga,20,9.081432481751822,8.83529430830577,13.311405109489048,6.473602433536249,75.98175182481752,0.0848996350364964
Cairo,10,22.79931569343065,6.586375470693916,10.179881386861314,5.563297554109787,52.84260948905109,0.0034215328467153286
Dublin,20,10.83079379562044,5.047811181741604,14.459580291970804,7.885949316910207,79.3617700729927,0.10602189781021899
Yekaterinburg,22,3.04411496350365,12.033222762864323,12.324406934306571,4.959944725412633,74.99452554744525,0.0479470802919708
Cairo,12,26.85570255474451,6.949650333778139,11.990693430656934,5.824201155440538,36.72490875912409,0.006706204379562044
Toulouse,3,11.951414233576639,6.288479378700204,11.008804744525552,6.474534607842271,84.56295620437956,0.09238138686131388
Toulouse,17,18.827326642335773,7.952636870671922,13.713275547445255,7.610483763431215,57.598083941605836,0.0967153284671533
Cairo,16,29.62093978102189,7.346663747394168,13.931432481751818,5.49262583125224,27.0853102189781,0.004653284671532846
Iasi,8,9.081204379562045,8.508941403410939,9.038229927007297,4.850843058758076,80.66970802919708,0.061815693430656946
Iasi,13,15.138458029197077,9.52969578604666,11.267746350364966,6.073610141360211,57.0757299270073,0.06847627737226282
Iasi,7,8.305383211678832,7.950270943087948,9.026322992700731,4.590344238695192,83.20711678832117,0.0685675182481752
Limerick,0,9.38074817518248,4.3140270702917265,12.525593065693432,6.453106280028906,88.0948905109489,0.14229014598540152
Toulouse,8,11.300775547445255,6.30420985745061,10.648540145985402,6.700976969462075,87.19844890510949,0.08567518248175185
Iasi,9,10.27837591240876,9.0118912016169,9.322536496350365,5.263727860469492,76.31341240875912,0.057253649635036506
Cairo,22,23.408394160583935,6.698163046729181,14.659215328467154,5.549651156193347,45.36040145985402,0.002509124087591241
Yekaterinburg,9,2.944069343065694,12.894139479159302,12.46140510948905,5.601821070216495,75.50456204379562,0.051961678832116796
Toulouse,2,12.356523722627735,6.455731595208838,11.154972627737225,6.460994358853607,82.87180656934306,0.07417883211678834
Tallinn,0,6.192655109489051,7.627564528884199,13.557299270072992,6.300177245399527,84.32436131386861,0.0588503649635037
Tallinn,19,8.300091240875913,8.882377077024689,14.478467153284678,6.511309672495559,76.25501824817518,0.08909671532846719
Dublin,15,12.866423357664235,5.031778009835748,17.16592153284671,7.8322923490296255,70.64507299270073,0.1333029197080293
Limerick,20,11.16938868613139,4.97528698606618,13.422947080291967,6.390497272597986,81.04653284671532,0.14552919708029208
Tallinn,12,9.025593065693426,9.180880113930748,15.209990875912407,6.704711695724358,73.60264598540147,0.10269160583941611
Yekaterinburg,10,3.909032846715329,13.323254844383777,12.974452554744525,5.757056644356428,71.42244525547446,0.0531021897810219
Tallinn,16,9.427326642335768,9.202386756416068,15.448768248175185,6.604945959258402,71.2668795620438,0.11701642335766425
Yekaterinburg,6,0.9485857664233578,11.311677030861246,11.95670620437956,5.132778360786335,83.1669708029197,0.06263686131386863
Iasi,6,8.065237226277373,7.62333463647993,8.891697080291967,4.562336078314822,83.79379562043796,0.07235401459854016
Oulu,0,3.263640510948905,9.230407158742638,11.785766423357662,5.561526569060875,85.24224452554745,0.08184306569343071
Yekaterinburg,21,3.6362682481751816,12.384434781722705,12.383120437956205,5.032504816361543,73.03512773722628,0.04083029197080291
Dublin,1,9.099178832116788,4.350979918790565,14.33184306569343,7.892440945461474,86.08348540145985,0.09945255474452556
Toulouse,20,16.158576642335767,8.083570198063573,12.152372262773723,6.877418836403386,68.62728102189782,0.097764598540146
Iasi,14,15.716104014598539,9.547509335826899,11.470529197080289,5.989200542124873,54.78147810218978,0.07513686131386867
Tallinn,2,5.805885036496351,7.45170159925504,13.309899635036496,6.115196265571748,85.72673357664233,0.07618613138686137
Dublin,17,12.484717153284672,5.22021917944448,16.348768248175183,7.673478443107008,71.99498175182482,0.13667883211678844
Oulu,1,3.0243156934306556,9.106453291171615,11.763640510948907,5.466200536999203,85.9507299270073,0.08403284671532851
Cork,7,9.0139598540146,4.234555680500422,13.261359489051092,6.814018128971005,90.43430656934306,0.14110401459854013
Iasi,0,9.778147810218979,8.358811104780338,9.398129562043797,4.570931028367256,76.33348540145985,0.07084854014598543
Oulu,11,4.851961678832119,10.478781054115586,11.970072992700727,5.9236422543420355,77.96943430656934,0.09256386861313876
Yekaterinburg,19,5.266514598540145,13.35023529266361,12.692198905109489,5.287341677811894,66.63959854014598,0.044708029197080286
Limerick,16,13.144434306569343,5.005819165011644,15.993613138686127,7.124705526402259,72.65830291970804,0.2078467153284672
Oulu,10,4.255839416058396,10.271286970787697,11.78257299270073,5.818608084440031,80.57755474452554,0.0838959854014599
Tallinn,15,9.504151459854015,9.153022666088575,15.454197080291973,6.486955678078668,71.05109489051095,0.13138686131386856
Limerick,6,8.643385036496348,4.230853404553409,12.337773722627738,6.8428087207888995,90.79516423357664,0.1451186131386862
Iasi,20,12.195392335766423,9.436683315429512,9.126824817518248,4.656708117189076,69.15784671532846,0.07217153284671533
Oulu,16,6.1067518248175165,10.690545311043005,12.632892335766428,5.864667213542534,73.51733576642336,0.09799270072992707
Riga,1,7.019936131386858,7.581875587330083,12.808257299270073,6.104905231707173,84.28832116788321,0.0837135036496351
Tallinn,4,5.520483576642333,7.282866305176968,13.266560218978103,6.103573519273836,87.4662408759124,0.10743613138686132
Riga,21,8.46240875912409,8.461651957411021,13.086724452554753,6.428207737422492,78.71487226277372,0.06888686131386863
Dublin,14,12.742609489051095,4.981553387755038,17.237591240875915,8.03720304631761,71.37089416058394,0.14479927007299281
Oulu,9,3.661496350364965,9.988893199634603,11.689279197080287,5.785066236099791,83.05793795620438,0.07718978102189784
Tallinn,13,9.4154197080292,9.21161577972785,15.492883211678835,6.660837710390064,71.75091240875912,0.12093978102189777
Dublin,4,8.655063868613137,4.263490886260258,14.458987226277369,8.052783506665406,87.59717153284672,0.12604927007299274
Dublin,2,8.939416058394158,4.315836189424429,14.396989051094886,8.043792737888248,86.56523722627738,0.11564781021897813
Oulu,12,5.386998175182481,10.60136698487349,12.236177007299272,6.0002426987017135,75.63001824817518,0.08895985401459859
Dublin,3,8.785629562043793,4.2702551041047325,14.441514598540147,8.040260462375876,87.12545620437956,0.12258211678832122
Cork,10,10.9180200729927,4.788579817799454,14.855656934306566,7.295258016490111,82.97901459854015,0.14548357664233577
Limerick,21,10.551231751824817,4.70471842716438,12.975866788321168,6.282622333344033,83.5323905109489,0.13617700729927015
Toulouse,7,10.968613138686134,6.00369962708039,10.524817518248174,6.610521947856902,88.46167883211679,0.08467153284671533
Dublin,18,11.995620437956205,5.268019561774855,15.695483576642335,7.594480967299179,74.03421532846716,0.12760036496350363
Cork,11,11.777052919708034,4.7265071956078675,15.716332116788319,7.304979617141646,79.30839416058394,0.13841240875912406
Dublin,9,9.843202554744527,4.830498853904686,15.295164233576646,8.052403354927645,83.64370437956204,0.11765510948905117
Cairo,19,27.512271897810216,7.738653297207534,13.589507299270073,5.551131506972764,31.641423357664234,0.0036952554744525547
Riga,18,10.230383211678834,9.268874226604765,14.195802919708028,6.677643148768951,71.03056569343066,0.10702554744525555
Oulu,3,2.6440237226277374,8.888261730047077,11.818111313868615,5.403668268265911,87.46350364963503,0.07947080291970808
Yekaterinburg,17,6.436496350364966,13.581740976290295,13.603102189781024,5.723410288737927,61.777372262773724,0.07655109489051098
Warsaw,1,8.286359489051097,7.436896009057213,11.747354014598539,5.461371115865902,82.76368613138686,0.06272810218978103
Warsaw,23,9.033302919708028,7.7340023160209785,11.806569343065693,5.428183691083433,80.01733576642336,0.07075729927007303
Seoul,2,9.620346715328468,10.583560543695176,7.753832116788322,4.784042192898361,81.51140510948905,0.15807481751824812
Warsaw,2,8.141012773722624,7.284561084406038,11.572354014598536,5.480127354845314,83.98403284671532,0.07062043795620439
Nairobi,15,24.535447080291963,2.4969224107423926,11.553147810218977,4.008535978857757,45.464872262773724,0.1723540145985402
Nairobi,7,14.885310218978105,1.4818461768220927,5.7853558394160585,2.411949175163428,89.21715328467154,0.08480839416058393
Stavanger,22,8.25214416058394,5.375867349481139,14.918749999999994,8.625092604957322,83.16332116788321,0.21551094890510952
Warsaw,5,7.266240875912411,6.976724092436851,11.509260948905114,5.545932922197657,87.26277372262774,0.07915145985401463
Seoul,3,9.339187956204379,10.589612465742366,7.724361313868615,4.639961908368303,82.25,0.1687956204379562
Warsaw,8,8.669662408759125,8.115982410836589,12.014598540145984,5.908503369772589,82.22582116788321,0.06592153284671536
Stavanger,2,7.697536496350362,5.226258469384088,14.297354014598545,8.571375218809278,85.22308394160584,0.2087591240875913
Stavanger,11,9.53412408759124,6.010601751715945,14.873175182481754,8.414416859839976,78.00638686131387,0.1988138686131387
Stavanger,17,10.125410583941607,5.864809480850964,16.66710766423358,8.496305166899768,75.91286496350365,0.2028284671532847
Stavanger,0,7.857527372262774,5.2769062671974405,14.61359489051095,8.570203412006554,84.41423357664233,0.21519160583941602
Nairobi,9,18.48622262773723,1.657135921693089,7.0089872262773705,3.7782275777445866,72.44981751824818,0.07992700729927021
Seoul,9,11.350228102189776,11.235120488845737,8.361861313868614,4.926233189715245,73.68841240875912,0.16145072992700732
Stavanger,14,10.436906934306572,5.752397719239954,16.09375,8.145730636447032,74.9279197080292,0.19945255474452558
Stavanger,13,10.38448905109489,5.876462600998138,15.760173357664232,8.289962287629347,74.74087591240875,0.1907390510948906
Nairobi,5,14.838868613138695,1.5380386655191538,5.58845802919708,2.2866147518417574,89.24589416058394,0.12084854014598537
Nairobi,19,19.90428832116788,1.8839977704789819,9.064598540145981,3.436705036692345,63.284215328467155,0.09137773722627743
Stavanger,18,9.758850364963504,5.850093263578749,16.420802919708034,8.541854196326543,77.2139598540146,0.2005018248175183
Seoul,22,10.979881386861312,10.579570980050915,8.116423357664228,4.6017453854963115,77.92928832116789,0.2038321167883212
Stavanger,1,7.700091240875912,5.26646686121273,14.439872262773722,8.53044739204568,84.83804744525547,0.21624087591240873
Nairobi,21,17.918293795620443,1.565233940457301,7.568430656934302,2.856845806217407,73.98083941605839,0.0790602189781022
Seoul,10,12.929379562043797,11.052049958569695,8.695757299270072,5.417488228423221,67.26094890510949,0.20624999999999993
Warsaw,10,10.891286496350363,8.86029259304448,12.92928832116788,6.261719261540867,73.05520072992701,0.06592153284671534
Warsaw,14,13.36149635036496,9.161672048776577,14.167518248175183,6.431822247660441,62.65739051094891,0.08531021897810225
Stavanger,10,8.989142335766426,5.980123077014744,14.490921532846716,8.504209212004627,80.12910583941606,0.21062956204379565
Stavanger,15,10.535720802919707,5.7350210930726195,16.52395072992701,8.19274908977196,74.77600364963503,0.23549270072992703
Nairobi,13,24.257344890510957,2.3293477918117023,10.497855839416058,3.9280103284388,47.48266423357664,0.08795620437956216
Seoul,15,16.589781021897817,10.438113269354096,12.648677007299272,6.654487069459894,53.410583941605836,0.1512773722627738
Warsaw,6,7.368567518248178,7.1793323829648505,11.723540145985401,5.574443924737634,86.91240875912409,0.06929744525547449
Nairobi,1,15.883667883211679,1.3755635018466021,6.29867700729927,2.2931272868473274,84.27281021897811,0.07860401459854027
Stavanger,23,8.016195255474452,5.314093241356642,14.746852189781022,8.556768262823041,83.93202554744525,0.2078467153284672
Seoul,7,9.157709854014596,11.008295069597642,7.902235401459851,4.682001772353152,82.12682481751825,0.17326642335766426
Seoul,0,10.24142335766423,10.581443475886203,7.8471259124087585,4.686266771571492,79.97718978102189,0.15232664233576645
Stavanger,9,8.461587591240876,5.816222676554693,14.294114963503654,8.53174206036949,82.11815693430657,0.2150091240875912
Warsaw,3,7.745985401459853,7.073532563458258,11.465237226277376,5.479308869316319,85.56797445255475,0.10196167883211682
Warsaw,16,13.325364963503645,9.30730463335781,13.745894160583937,6.243225558950959,62.97125912408759,0.10396897810218983
Seoul,8,10.121213503649635,11.235544667540744,8.208941605839414,4.980467770906248,78.51231751824818,0.15948905109489056
Nairobi,2,15.549635036496351,1.4335199085377193,6.004698905109484,2.2563912574605887,85.9507299270073,0.0678832116788322
Nairobi,4,15.049406934306578,1.493011138201122,5.6993613138686126,2.298821866602021,88.20529197080292,0.1494981751824818
Stavanger,20,8.968886861313868,5.635372654797535,15.534717153284667,8.599955632989136,80.36770072992701,0.20538321167883217
Seoul,13,16.18435218978103,10.510694674798247,11.273129562043792,6.478288963997496,54.78740875912409,0.16199817518248177
Warsaw,19,11.47723540145986,9.034453401509671,12.050775547445252,5.755889912227635,70.89096715328468,0.0882299270072993
Nairobi,10,20.362591240875922,1.8646648806648236,8.419844890510946,3.9649426039601963,63.59580291970803,0.07842153284671545
Seoul,19,12.702600364963512,10.901208487978108,9.971031021897808,4.892274037948741,70.51870437956204,0.15095802919708032
Seoul,6,8.813366788321167,10.720161019475354,7.627189781021896,4.56421195858092,83.37043795620438,0.16605839416058393
Warsaw,0,8.633348540145985,7.5748584910921535,11.751779197080293,5.414398078697325,81.52782846715328,0.06683394160583943
Vienna,14,15.106341240875915,8.948343103498221,14.78061131386862,7.968695769619626,58.698905109489054,0.07687043795620442
Daugavpils,18,10.131250000000001,9.710859819644543,12.961770072992701,5.8589933419778175,69.59899635036497,0.10442518248175187
Vienna,8,9.736587591240882,7.8973915375168495,12.541377737226282,7.809271281939291,78.69251824817518,0.07992700729927008
Thessaloniki,5,13.29274635036496,7.150569923855856,7.6305656934306585,5.100159388356939,82.1117700729927,0.08654197080291973
Daugavpils,2,6.268932481751826,7.785071387850206,11.726687956204378,5.340929374941776,85.98403284671532,0.07112226277372266
Daugavpils,13,10.462773722627736,9.56272005974326,14.222445255474458,6.29251421458638,67.6719890510949,0.12185218978102191
Mexico_City,1,13.859534671532845,2.6062314053935434,5.697354014598539,3.449110023077517,73.82846715328468,0.07367700729927011
Vienna,1,9.733485401459856,7.471681580300059,12.190875912408755,7.36370754001933,78.23950729927007,0.07915145985401463
Mexico_City,14,23.96884124087591,3.261159743698067,8.133348540145986,5.333876484187584,32.965328467153284,0.1926094890510948
Daugavpils,6,5.654698905109489,7.6183272379661116,11.683302919708026,5.376441200727029,89.11724452554745,0.09210766423357665
Daugavpils,22,7.559945255474451,8.432972581493125,11.905565693430654,5.4948169469910715,80.6117700729927,0.06760948905109491
Bologna,7,11.469981751824815,7.378552213686049,7.660994525547444,3.9979441905520305,81.51140510948905,0.07385948905109488
Bologna,15,19.033302919708028,8.849440203510072,8.882983576642337,4.620376124358059,56.94753649635037,0.13667883211678838
Daugavpils,19,9.510173357664234,9.561843269296112,12.421122262773723,5.692287095496839,72.5469890510949,0.10022810218978104
Bologna,4,11.754698905109493,7.151123200670132,7.995483576642332,4.153902845356109,80.70483576642336,0.087271897810219
Thessaloniki,21,16.29735401459854,8.081556687345172,7.251140510948906,4.913997794689006,72.53467153284672,0.07203467153284672
Bologna,12,17.77796532846715,8.682192063397679,8.09735401459854,4.488447804517401,61.48950729927007,0.07819343065693433
Thessaloniki,6,13.064598540145985,7.0978559142221,7.570666058394156,5.004351544450577,82.69297445255475,0.07431569343065694
Daugavpils,15,10.836405109489055,9.627915039194393,13.992928832116789,6.1458925067233325,65.8125,0.12062043795620439
Bologna,2,12.157664233576643,7.361704455345138,8.210538321167887,4.389470543224045,80.0793795620438,0.08581204379562045
Thessaloniki,23,15.134032846715327,7.837167039017359,6.420437956204376,4.827935991942325,77.2536496350365,0.07760036496350366
Daugavpils,23,7.1588959854014576,8.219534749379092,11.895666058394161,5.5129650444858465,82.20392335766424,0.06633211678832117
Mexico_City,11,20.1845802919708,2.970212594132685,4.402235401459853,3.5505683197502957,45.550182481751825,0.033074817518248166
Vienna,19,13.175866788321178,9.156805146434937,12.596304744525547,6.894351072330806,66.34032846715328,0.06820255474452556
Thessaloniki,19,18.498722627737227,8.683798173501057,8.59785583941606,5.1227871700842265,62.85082116788321,0.07933394160583943
Bologna,5,11.452645985401462,7.095952030117668,7.786131386861316,4.058167797902036,81.53193430656934,0.08594890510948905
Daugavpils,3,6.06998175182482,7.676010297914396,11.728056569343057,5.284029679907211,87.18020072992701,0.07878649635036501
Bologna,16,19.04822080291971,8.939925091380463,8.658895985401463,4.7058887203413375,56.70483576642336,0.11605839416058401
Thessaloniki,20,17.281797445255474,8.438585924995952,7.816925182481761,4.983082382421542,68.3330291970803,0.06719890510948907
Mexico_City,8,13.108895985401459,3.2312850918359772,4.124726277372262,2.9279730088509623,74.90282846715328,0.031021897810218985
Bologna,3,12.031478102189782,7.2144780651232585,8.157253649635038,4.349633131991347,80.06021897810218,0.1051551094890511
Bologna,13,18.58517335766423,8.760884294738648,8.598677007299269,4.493019392379892,58.77372262773723,0.09676094890510956
Vienna,4,9.013822992700735,7.024707363208337,12.138275547445255,7.308483990470504,81.375,0.08252737226277371
Vienna,11,13.216833941605834,8.707322047949988,13.938594890510954,8.300025429078598,65.59215328467154,0.06893248175182484
Daugavpils,1,6.528968978102193,7.898053954103557,11.778695255474448,5.305244645854188,84.88959854014598,0.07504562043795623
Vienna,3,9.323677007299274,7.1192958193653935,12.07463503649634,7.184393099118429,80.37591240875912,0.10666058394160585
Thessaloniki,7,13.057116788321167,7.237089702118171,7.6239507299270075,4.925112049717487,82.66605839416059,0.08499087591240878
Mexico_City,22,16.122536496350367,2.7934286434542086,8.34347627737226,4.680689849505081,65.02326642335767,0.11072080291970807
Bologna,14,18.80264598540146,8.770268554714246,8.879562043795621,4.524610141515781,57.894160583941606,0.09781021897810223
Vienna,2,9.616423357664232,7.304110268773632,12.129927007299274,7.2875232337776135,79.12317518248175,0.07157846715328468
Vienna,0,10.074817518248171,7.6030222295363545,12.173996350364973,7.249635499484509,77.11222627737226,0.08750000000000004
Daugavpils,14,10.843385036496349,9.582342084209763,14.278649635036494,6.334025710335209,65.87271897810218,0.10770985401459864
Mexico_City,16,23.687819343065698,3.5184864059680727,11.377828467153286,6.5605567462918986,33.544251824817515,0.3106751824817517
Thessaloniki,2,13.9296989051095,7.529708590412993,6.7440693430656955,4.850515925894616,81.4698905109489,0.08129562043795623
Vienna,21,11.468293795620433,8.250805706443156,12.246441605839417,6.856970396201857,72.22399635036497,0.06925182481751825
Thessaloniki,22,15.648220802919715,7.929898044975814,6.781523722627736,4.846358823213967,75.24589416058394,0.08220802919708031
Thessaloniki,4,13.556067518248177,7.201188454263252,7.6250912408759115,5.169653047768316,81.57025547445255,0.12682481751824815
Bologna,23,13.06026459854014,7.868529168553218,7.9888686131386875,4.596239428554708,78.00729927007299,0.09051094890510951
Vienna,17,14.771532846715328,9.311732553317677,14.119753649635031,7.415250505407831,59.88594890510949,0.08786496350364964
Thessaloniki,16,21.033713503649633,8.4459912893584,10.023220802919711,5.821700698575412,51.58439781021898,0.08403284671532849
Mexico_City,9,15.434306569343066,3.1569864237551384,3.9819799270072993,3.1944239276634594,64.40191605839416,0.028558394160583936
Bologna,1,12.268567518248174,7.496834698009396,8.056204379562043,4.440295939806445,79.9580291970803,0.09187956204379563
Vienna,18,14.049589416058392,9.372644864816394,13.389917883211677,7.146738289688223,62.832116788321166,0.08134124087591244
Vienna,5,8.758120437956203,6.952338736036625,12.231386861313876,7.377639022498948,82.17746350364963,0.07381386861313871
Daugavpils,12,9.874635036496349,9.49611440651154,13.836724452554751,6.1427575579744085,70.54470802919708,0.0854470802919709
Mexico_City,17,22.745164233576652,3.5484318597249245,12.57422445255474,6.784332155338606,36.4110401459854,0.34630474452554727
Bologna,18,17.730611313868614,9.366028029540168,8.043704379562044,4.742143957221972,62.181569343065696,0.09498175182481754
Vienna,7,8.994069343065695,7.379930811158092,12.394069343065691,7.601573346639824,81.43476277372262,0.07732664233576643
Thessaloniki,12,19.38508211678832,8.58459294607781,8.122217153284675,5.873229771062485,57.302919708029194,0.08243613138686133
Mexico_City,15,24.0912408759124,3.441112606049304,9.745939781021898,6.024648286483905,32.50866788321168,0.2560218978102188
Vienna,22,10.935857664233572,7.980300986065769,12.291195255474454,6.9958023558236935,74.09078467153284,0.07536496350364964
Daugavpils,20,8.815374087591245,9.230532251571757,12.010173357664232,5.669708726988785,75.86770072992701,0.08380474452554748
Daugavpils,7,5.9690693430656925,7.900560758121563,11.794069343065694,5.473989902277193,88.11131386861314,0.09114963503649637
Mexico_City,3,12.704060218978109,2.5632904978169324,5.058439781021898,3.02336888396249,77.95027372262774,0.04826642335766425
Thessaloniki,13,20.28293795620439,8.515247469707589,8.667609489051095,5.655446165007284,53.98220802919708,0.08658759124087594
Bologna,22,13.638914233576642,8.11326850255541,7.987454379562042,4.571989460742057,76.31021897810218,0.10054744525547447
Mexico_City,10,17.9146897810219,3.038014661734874,4.079060218978101,3.346651620901121,54.01003649635037,0.0260948905109489
Mexico_City,23,15.311541970802924,2.705306750348625,7.2986770072992675,4.127272684209579,68.35036496350365,0.09416058394160584
Daugavpils,9,7.333394160583944,8.756803328848907,12.158120437956201,5.811619620903965,82.69297445255475,0.07354014598540151
Athens,17,21.62176094890512,8.04788646142579,11.767427007299272,5.233913839524145,50.081660583941606,0.07718978102189784
Bratislava,11,13.392381386861317,8.77449164811652,13.611040145985404,7.25511427693375,66.17016423357664,0.06300182481751826
Manchester,0,9.322673357664234,5.023591225105107,11.807025547445258,7.227597845067687,85.40419708029196,0.12271897810218983
Bratislava,10,12.15958029197081,8.622393409204273,13.261906934306568,6.905286382357422,70.9963503649635,0.05994525547445257
Athens,8,15.84835766423358,7.418350139925689,6.617837591240873,4.32634360586114,67.64005474452554,0.05333029197080292
Poznan,14,13.702828467153287,8.808108543436768,14.683850364963504,6.5434428699915586,62.19251824817518,0.09338503649635042
Stockholm,12,10.113549270072994,8.65856339299038,13.302737226277372,5.699905256631005,68.43613138686132,0.0766423357664234
Athens,14,22.202098540145993,8.206505483093935,12.336998175182483,5.431336861589302,46.94799270072993,0.0849908759124088
Poznan,16,13.714552919708026,8.950185833518969,14.287226277372264,6.341287137727367,61.88366788321168,0.08572080291970807
Mostar,5,11.814233576642343,6.644395719933537,8.668020072992707,5.346692789224428,79.77417883211679,0.22869525547445252
Poznan,10,10.858120437956204,8.486758162336251,13.106523722627736,6.201419012491594,74.05930656934306,0.06879562043795623
Mostar,12,19.409215328467166,8.187350225801339,8.448083941605837,5.9251913272883,55.09306569343066,0.2657846715328467
Manchester,9,10.127554744525552,5.4668644476364925,12.58494525547445,7.7647756174609786,82.18248175182482,0.12664233576642342
Braga,20,16.0888686131387,5.932159773424449,9.518476277372262,5.022503522123482,76.55656934306569,0.18868613138686127
Budapest,5,8.778102189781025,7.3796755721082175,8.904790145985404,5.158808860191162,84.66742700729927,0.08973540145985404
Athens,18,20.79238138686131,8.081086176806286,10.643339416058389,5.117989087797873,53.839416058394164,0.07098540145985402
Johannesburg,21,14.667883211678827,4.579718299964504,9.597718978102188,4.3915092028200275,60.80337591240876,0.06085766423357664
Stockholm,4,5.463549270072992,6.807141040145157,11.335082116788318,5.005612194244462,88.59169708029196,0.06811131386861315
Edinburgh,19,10.470985401459854,5.309641543775183,16.879790145985403,8.782798597888709,77.13594890510949,0.11710766423357669
Stockholm,6,5.725729927007298,7.081772129931992,11.326961678832118,5.179823254500971,87.83257299270073,0.06277372262773724
Mostar,11,18.467928832116794,8.228449035307532,8.410173357664236,6.128958100715853,58.115419708029194,0.2491788321167884
Johannesburg,1,12.637910583941613,4.454579315018453,10.747399635036496,4.607300042573762,68.69662408759125,0.051779197080291973
Athens,3,15.64128649635036,6.9055951878354875,7.0177007299270056,4.060766926217734,69.78740875912409,0.05141423357664234
Edinburgh,6,7.93266423357664,4.42091525210626,15.397080291970807,8.77146064363581,85.78193430656934,0.12258211678832122
Poznan,23,9.310857664233573,7.501422399352392,11.652372262773728,5.410303727908593,79.00410583941606,0.056569343065693445
Mostar,17,19.206843065693445,8.610654279281256,8.112910583941613,5.340663425032246,57.488138686131386,0.27495437956204366
Budapest,16,16.134899635036497,9.55104712700321,11.890145985401462,6.328319315206759,55.3918795620438,0.09260948905109492
Johannesburg,19,16.337591240875916,4.723588440985699,9.175456204379568,4.037891023511214,54.89872262773723,0.05907846715328467
Mostar,10,17.119981751824813,8.382559016418984,8.5304288321168,6.059704484350127,62.83576642335766,0.23927919708029197
Bratislava,18,14.229333941605839,9.44945823787265,12.735173357664227,6.50965712184317,63.01049270072993,0.07244525547445256
Mostar,15,20.406934306569337,8.379927403899911,8.972855839416065,5.599707192353335,52.26459854014598,0.31719890510948906
Johannesburg,17,20.01943430656934,4.77582972537147,11.153467153284671,5.190606692080761,42.60401459854015,0.12687043795620445
Stockholm,11,9.460127737226276,8.60771137941692,12.866012773722629,5.684154388684064,71.52281021897811,0.07837591240875919
Edinburgh,1,8.394160583941604,4.461812472646679,15.642837591240871,8.353316396485909,84.59990875912409,0.09416058394160588
Johannesburg,11,20.127554744525547,4.638865818385092,13.019206204379564,6.309310870442139,43.92290145985402,0.07312956204379566
Athens,12,21.14936131386861,8.110978836372906,10.198631386861313,5.660549776870717,50.598083941605836,0.07112226277372265
Athens,6,15.115328467153283,6.611117593804865,7.174635036496346,4.191424255855497,70.13138686131387,0.04238138686131387
Mostar,3,12.378010948905107,6.770670638051431,8.298859489051097,5.298824269094354,78.71715328467154,0.2332116788321167
Edinburgh,0,8.497399635036494,4.536049386166104,15.897582116788318,8.439004366562896,83.98540145985402,0.09657846715328469
Budapest,13,16.003832116788317,9.31747247845044,11.688822992700732,6.502197647072015,56.29653284671533,0.07846715328467155
Edinburgh,15,11.772217153284673,5.21580551038399,18.11113138686131,9.012664358954853,71.8161496350365,0.1396441605839417
Budapest,11,14.219844890510949,9.264454992655365,10.681706204379564,6.162197457679973,63.1021897810219,0.056386861313868615
Edinburgh,23,8.737089416058392,4.594020811456965,15.969525547445247,8.4729344457855,83.21167883211679,0.10766423357664237
Mostar,21,14.591879562043799,7.826404868797372,7.042290145985401,5.334411153695546,71.88503649635037,0.17650547445255468
Manchester,20,11.219616788321165,5.707235811732917,12.598768248175187,7.164997028357482,78.38366788321167,0.12449817518248177
Poznan,1,8.522627737226276,7.248217573563645,11.537864963503647,5.360895873619502,81.89507299270073,0.05150547445255475
Johannesburg,12,21.178832116788325,4.572203727293769,12.959078467153283,6.342385989186566,40.39872262773723,0.1043795620437957
Athens,15,22.153102189781016,8.112582394681846,12.66163321167883,5.386427631165976,47.78284671532847,0.07960766423357662
Athens,22,17.51537408759124,7.594754606456378,6.86259124087591,4.125570786436538,65.96897810218978,0.03973540145985401
Poznan,13,13.43777372262774,8.775985664798965,14.616468978102187,6.590139497670999,63.24133211678832,0.09128649635036501
Edinburgh,7,8.168065693430655,4.542894833983455,15.546760948905103,8.713957835595565,85.09443430656934,0.11560218978102192
Manchester,19,11.921213503649634,5.950491910831179,13.309260948905106,7.372147182886547,75.2212591240876,0.13188868613138688
Johannesburg,7,12.005200729927013,5.3153043552290535,11.549361313868612,4.913102439863355,74.02417883211679,0.04393248175182482
Edinburgh,5,7.876870437956204,4.367894429654859,15.293020072992702,8.68866868867279,85.96532846715328,0.11313868613138689
Bratislava,0,10.10456204379562,7.715409086423322,11.793476277372259,5.870557030617592,78.34990875912409,0.07148722627737225
Edinburgh,21,9.44224452554745,4.915572371304563,16.06646897810219,8.707122248495578,81.06113138686132,0.11131386861313873
Bratislava,6,8.684306569343068,7.1361295612224485,12.106523722627736,5.948276858547119,84.38184306569343,0.06811131386861316
Stockholm,23,6.481204379562043,7.231018862087164,11.528421532846714,4.8919003343390175,84.36450729927007,0.06327554744525549
Bratislava,8,9.785492700729927,8.008818697941994,12.472399635036494,6.308650331053939,80.12271897810218,0.057709854014598556
Mostar,9,15.412864963503656,8.578136506718701,8.659854014598539,5.949339110582675,68.76049270072993,0.21829379562043796
Bratislava,2,9.627052919708033,7.426862494918118,11.8415602189781,5.957874479087173,80.67472627737226,0.0934306569343066
Budapest,3,9.306614963503648,7.582554446961533,8.981250000000003,5.149209498072822,82.44662408759125,0.1245894160583942
Poznan,12,12.786815693430656,8.733082072731506,14.252965328467155,6.5438478473088635,65.99178832116789,0.07226277372262775
Manchester,13,12.997855839416063,5.671777879887331,15.010355839416064,7.638538065041246,70.97764598540147,0.14790145985401473
Bratislava,16,15.452098540145986,9.144386469349847,14.2098996350365,7.150305045562778,57.778284671532845,0.10214416058394162
Poznan,17,13.311040145985398,9.05233611058993,13.662910583941608,6.112052523308635,63.552919708029194,0.09306569343065697
Mostar,20,15.564233576642337,8.161018092100594,6.834124087591249,5.22670125292557,69.31523722627738,0.1629562043795619
Bratislava,19,13.293978102189783,9.253247681584796,12.055155109489053,6.220415943335876,66.81706204379562,0.06345802919708031
Poznan,4,7.757116788321167,6.806661333666364,11.56359489051095,5.525798375118003,85.59580291970804,0.07463503649635038
Manchester,15,13.476231751824816,5.733432332742326,15.600319343065694,7.7701305750946625,68.76596715328468,0.1718978102189781
Braga,15,19.990328467153283,6.172158707804994,12.151870437956198,6.064194559126351,59.69799270072993,0.23316605839416046
Manchester,5,8.459215328467149,4.771547435042273,11.520939781021898,7.291490725404106,88.03877737226277,0.13097627737226278
Athens,4,15.745027372262776,6.7929019589156665,6.914735401459859,4.016796889983092,68.83531021897811,0.047810218978102184
Budapest,10,12.935036496350374,9.183566107085705,10.121715328467152,6.006379020022054,68.0985401459854,0.05958029197080293
Athens,20,18.83791058394161,7.931391094100324,8.027782846715326,4.448590565705594,61.637773722627735,0.048357664233576646
Mostar,6,11.675593065693423,6.67862398709712,8.883804744525547,5.312943946319869,79.98494525547446,0.1996806569343065
Athens,19,19.771715328467156,8.097445274172447,9.282344890510949,4.78548632760788,57.92290145985402,0.05232664233576643
Mostar,1,12.378467153284667,7.001516548559408,7.669114963503653,5.3699052822054645,78.48129562043796,0.22874087591240866
Edinburgh,2,8.247490875912405,4.424731653479381,15.509489051094885,8.57776632569185,85.2212591240876,0.11113138686131391
Edinburgh,22,9.038503649635038,4.709221184861304,15.945757299270076,8.583744323438948,82.25912408759125,0.10821167883211684
Athens,11,20.134990875912408,8.023643922693877,8.680611313868612,5.559568541226952,54.11815693430657,0.05542883211678832
Stockholm,15,10.522262773722623,8.666944436647409,13.521350364963508,5.544238122516029,67.0793795620438,0.10907846715328472
Braga,17,19.50182481751824,6.175800918009078,12.331478102189783,5.736559829050197,62.496350364963504,0.18093065693430654
Johannesburg,2,12.173677007299268,4.413781328451914,10.926916058394163,4.653654500126938,70.85264598540147,0.04365875912408759
Bratislava,15,15.50383211678833,9.034352710381716,14.534443430656935,7.43248293715699,57.59443430656934,0.10912408759124088
Manchester,23,9.63312043795621,5.080771398043848,11.960720802919708,7.272451287084534,84.34078467153284,0.12924270072992702
Budapest,14,16.126551094890505,9.364417312618725,11.765419708029198,6.464387532311151,55.6478102189781,0.0718978102189781
Johannesburg,23,13.540054744525545,4.532387793598561,10.349817518248178,4.583957894699469,64.82116788321167,0.0457116788321168
Johannesburg,16,21.12700729927008,4.558372416858106,12.359945255474456,5.703116893984326,39.22764598540146,0.1684306569343066
Manchester,21,10.53845802919708,5.395433435523093,12.277509124087587,7.1871761018779505,80.96806569343066,0.12258211678832116
Manchester,4,8.578375912408763,4.791886828638519,11.522855839416062,7.350921070541037,87.73494525547446,0.13631386861313874
Johannesburg,8,14.491149635036493,5.153278515931943,12.186131386861316,5.452039694447517,65.21943430656934,0.04662408759124089
Budapest,8,10.184762773722627,8.612931990853635,9.207162408759123,5.35663732804965,79.05337591240875,0.07121350364963504
Bratislava,14,15.370346715328465,8.984006595233177,14.524589416058397,7.514156565822811,58.23905109489051,0.08120437956204378
Stockholm,3,5.600775547445254,6.8686240068117606,11.317928832116788,4.949694235465422,88.06204379562044,0.0758211678832117
Stockholm,17,9.899771897810217,8.713350052654567,13.056295620437957,5.319376888267376,69.51961678832117,0.09283759124087597
Braga,18,18.591149635036498,6.30279213021173,11.683987226277372,5.573381181677486,66.64963503649635,0.1879105839416058
Mostar,4,12.093111313868615,6.7045318018683115,8.44288321167883,5.304598255801764,79.31843065693431,0.24374999999999988
Manchester,11,11.90597627737226,5.634507349943801,14.048357664233578,7.888958193692673,75.27144160583941,0.13316605839416062
Braga,6,11.723996350364962,4.79690765443442,7.402281021897809,5.232107306931088,87.50593065693431,0.19940693430656936
Bratislava,3,9.285766423357668,7.2143821540153805,11.75050182481751,5.965214065258678,82.15419708029196,0.09607664233576643
Manchester,10,11.012135036496353,5.608280098495513,13.317883211678833,7.926924894498649,78.84078467153284,0.13339416058394163
Stockholm,22,6.816240875912409,7.396769306762325,11.66286496350365,4.884943531252711,82.86587591240875,0.057846715328467156
Johannesburg,9,16.829470802919698,4.883592262342936,12.551414233576644,5.9313305942196495,56.27463503649635,0.05488138686131387
Braga,4,12.12267335766423,4.805644935591459,7.416012773722626,5.12662517570913,87.16879562043796,0.19119525547445254
Edinburgh,16,11.659124087591245,5.300592765791172,17.976916058394156,8.969032171243295,72.26459854014598,0.13918795620437965
Poznan,9,9.733074817518245,8.198599252395672,12.491697080291967,6.012345768257901,78.61770072992701,0.060994525547445264
Poznan,20,11.122080291970805,8.395160396339588,11.626733576642337,5.587992988345185,72.84352189781022,0.06833941605839419
Edinburgh,12,11.018978102189779,5.137427236309501,17.646167883211675,9.095093942606502,74.03695255474453,0.11546532846715332
Budapest,7,9.244753649635037,8.010513392646587,9.101733576642333,5.08710047497999,82.96076642335767,0.07276459854014598
Bratislava,21,11.520848540145982,8.321495242863739,11.683667883211681,5.8564516694928725,73.11770072992701,0.04949817518248175
Manchester,14,13.337454379562036,5.682128050783738,15.432618613138684,7.7268373486615,69.40602189781022,0.17509124087591246
Poznan,8,8.718613138686129,7.726119125603298,12.071350364963504,5.8849939827928335,82.47992700729927,0.05729927007299271
Poznan,5,7.549817518248176,6.753618633025573,11.539917883211675,5.556760644187078,86.36359489051095,0.07217153284671535
Mostar,7,12.25360401459854,7.26454321348154,9.081295620437952,5.270565904800042,78.73494525547446,0.19981751824817512
Poznan,0,8.897171532846718,7.358102445228599,11.625821167883212,5.400182499489673,80.53102189781022,0.05766423357664235
Manchester,17,13.027828467153284,5.998897756030967,14.777874087591245,7.666080425397149,70.43248175182482,0.15702554744525551
Athens,16,22.02440693430656,8.082961671810487,12.4658302919708,5.297552059432312,48.636861313868614,0.09274635036496354
Braga,0,13.108485401459848,5.072283631420637,7.663549270072995,4.993963384072814,85.89917883211679,0.16551094890510953
Athens,9,17.20123175182482,7.9854450741664085,6.575228102189784,4.643633711003338,63.52007299270073,0.049771897810218985
Mostar,8,13.66304744525547,8.230627278415428,8.79019160583941,5.4374103126437445,75.00501824817518,0.19397810218978098
Budapest,0,10.293978102189778,8.189778907492263,9.087271897810222,4.856501046285656,78.0205291970803,0.0656478102189781
Edinburgh,17,11.360994525547444,5.384751830290563,17.686587591240876,8.831050921156528,73.4110401459854,0.12801094890510958
Mostar,0,12.754288321167891,7.147910480052533,7.451779197080298,5.428717907581538,77.42609489051095,0.21395985401459844
Braga,3,12.352645985401459,4.838788801628581,7.4941149635036455,5.111086119001602,86.93932481751825,0.18476277372262773
Budapest,2,9.771487226277374,7.8373512636346,9.031067518248177,5.034208595728512,80.56158759124088,0.0632755474452555
Budapest,18,14.668339416058394,9.953067932848128,10.531432481751823,5.56736285148003,61.45757299270073,0.06400547445255475
Johannesburg,10,18.679014598540142,4.742324008549905,12.981569343065694,6.141414857325331,49.11770072992701,0.05515510948905111
Mostar,14,20.476870437956187,8.377618934406984,9.04493613138686,5.704622057692598,51.83759124087591,0.3457572992700731
Braga,14,19.769753649635042,6.14326690633787,11.464872262773724,6.073473579130852,60.37408759124087,0.2315693430656933
Athens,23,17.003056569343066,7.4575607280953,6.738503649635035,4.07263750132995,67.31386861313868,0.0511405109489051
Edinburgh,20,9.954014598540146,5.144981765487504,16.39589416058394,8.72753144557358,79.25866788321167,0.11236313868613143
Manchester,16,13.371943430656932,5.8128167192259195,15.33996350364963,7.814417481992855,69.1706204379562,0.18220802919708032
Braga,9,13.565282846715327,5.847298760569753,7.666195255474451,5.477646582294734,81.5757299270073,0.2371350364963504
Braga,1,12.82454379562044,4.926283587862152,7.724543795620437,4.986516714844067,86.5264598540146,0.18604014598540153
Poznan,3,8.00565693430657,6.8961888896837396,11.593065693430658,5.47728284682191,84.66423357664233,0.06833941605839416
Manchester,7,8.793750000000001,4.999504511049252,11.706067518248174,7.397920233417801,87.02463503649635,0.1321167883211679
Manchester,12,12.651277372262776,5.640287387895642,14.882208029197082,7.984768307604455,72.1551094890511,0.1443430656934307
Mostar,19,16.73576642335767,8.553415697124613,6.817655109489053,5.157203146434434,66.84671532846716,0.20132299270072984
Stockholm,10,8.659808394160583,8.479164172603529,12.41272810218978,5.65784635844493,75.22536496350365,0.06473540145985406
Braga,11,16.959306569343063,5.952016029706633,8.858713503649641,5.924520427570896,70.64370437956204,0.20387773722627736
Budapest,4,9.026961678832118,7.481619545257711,8.915328467153286,5.156680005833859,83.6418795620438,0.10506386861313871
Edinburgh,11,10.452691605839414,5.137091123584953,17.130109489051094,9.102316444821705,76.30383211678833,0.10720802919708032
Stockholm,2,5.892335766423357,6.950882355058526,11.32121350364964,5.0292527921835575,87.06158759124088,0.05291970802919708
Leipzig,16,14.521213503649632,8.483466444107487,13.864598540145986,6.857020337444767,60.15647810218978,0.08681569343065698
Zaragoza,19,20.56957116788321,9.441262370168204,14.297125912408756,8.21174565634129,47.30702554744526,0.07098540145985402
Uppsala,0,5.863640510948908,7.404267218857862,11.676277372262772,5.046448173801208,84.27919708029196,0.06815693430656931
Leipzig,18,13.601094890510948,8.664542321623532,12.711633211678828,6.3548381376606216,63.98540145985402,0.0789233576642336
Belgrade,14,17.526824817518253,9.330931925495635,10.973494525547444,6.091944611694645,55.353558394160586,0.074543795620438
Nicosia,3,16.097445255474458,6.504187665304566,7.670894160583942,3.9041787959758154,78.2043795620438,0.01975364963503649
Nicosia,2,16.382937956204383,6.607034751391778,8.115602189781018,4.118626988758305,77.25319343065694,0.016195255474452556
Nicosia,13,26.39055656934307,8.570097955622053,9.446441605839418,5.355492675779807,37.19479927007299,0.046076642335766436
Uppsala,11,8.968613138686134,8.845517333553381,12.85141423357664,6.008784669689726,71.60766423357664,0.07089416058394162
Uppsala,23,6.18280109489051,7.562161734347506,11.755702554744522,4.982996588997764,83.07709854014598,0.06541970802919708
Leipzig,22,10.5271897810219,7.428318626212059,11.706934306569346,5.502069425149906,75.62636861313868,0.07750912408759125
Leipzig,13,13.938959854014595,8.290549706480919,13.87267335766423,7.200773106666688,62.684306569343065,0.07682481751824821
Belgrade,11,15.559990875912408,9.15532036624544,10.499771897810218,6.21041402025941,64.20620437956204,0.07472627737226278
Leipzig,23,10.053467153284668,7.24115266681701,11.801961678832114,5.526775683800741,77.42518248175182,0.06628649635036497
Nicosia,19,21.38298357664233,8.225287879285966,8.3168795620438,4.214239594649982,57.55200729927007,0.014826642335766423
Leipzig,14,14.272810218978105,8.324299181553505,13.97842153284671,7.041517659147859,61.55246350364963,0.08718065693430661
Zaragoza,20,19.28672445255474,9.342380081011383,14.071076642335766,7.986374929150062,51.53877737226277,0.04178832116788322
Leipzig,2,9.061222627737228,6.837958327339032,11.669434306569345,5.551250454258576,81.87454379562044,0.060903284671532845
Uppsala,15,10.225364963503653,8.967708938704698,13.371852189781025,5.93711582023996,67.03284671532846,0.12262773722627737
Leipzig,8,8.96979927007299,7.1706562878310045,11.804425182481753,5.818015548121101,82.78467153284672,0.06961678832116788
Uppsala,18,9.209032846715324,9.046260266312155,12.455702554744523,5.495179777236302,71.02965328467154,0.07956204379562047
Uppsala,5,4.883257299270074,6.9911470242833,11.692290145985394,5.194224037491153,88.29744525547446,0.06395985401459856
Leipzig,11,12.191925182481752,8.12050689095274,13.063777372262772,6.797593471771156,70.19251824817518,0.0759580291970803
Nicosia,17,24.497764598540154,8.441828736018993,10.454516423357665,4.751901072279835,45.28284671532847,0.045666058394160595
Belgrade,2,11.120072992700733,7.838608725960515,10.022308394160582,5.220435179119739,79.70118613138686,0.0739051094890511
Belgrade,10,14.265328467153289,9.075992500757346,10.30565693430657,6.079347154334796,68.99680656934306,0.07477189781021899
Uppsala,17,9.714096715328472,9.10063856430865,12.804744525547438,5.6736915849601814,68.84215328467154,0.10533759124087591
Nicosia,10,22.55821167883212,8.016884629052402,6.849406934306572,4.740585771733038,51.549726277372265,0.0260492700729927
Leipzig,4,8.429881386861313,6.559521137843027,11.564461678832116,5.634729693170614,84.5926094890511,0.08261861313868615
Nicosia,7,15.847217153284667,6.668007195292626,6.51993613138686,3.537192283714077,77.77782846715328,0.027919708029197077
Belgrade,13,17.361222627737227,9.232865114938678,11.020985401459857,6.282622381233937,57.20483576642336,0.0769160583941606
Nicosia,4,15.894388686131387,6.388399494172434,7.375273722627738,3.834051940673472,78.88366788321167,0.023813868613138684
Uppsala,2,5.381295620437955,7.140347399535338,11.567153284671532,5.067368829453614,86.49406934306569,0.061222627737226296
Uppsala,22,6.589781021897812,7.757160120380557,11.880930656934302,5.029232796368034,81.5419708029197,0.05976277372262775
Nicosia,23,17.581158759124087,6.858698111116966,8.211040145985399,4.2018900372567165,74.27919708029196,0.014598540145985398
Belgrade,8,11.535082116788319,8.604351063699891,10.102554744525547,5.67858989949612,78.9242700729927,0.07413321167883212
Zaragoza,11,16.306979927007298,7.640224308178821,13.226687956204383,7.9003673965075905,61.347171532846716,0.04311131386861316
Uppsala,4,4.899315693430656,6.943098224138928,11.624817518248168,5.092658103317276,88.12910583941606,0.0592609489051095
Belgrade,16,17.46811131386861,9.455695073358086,10.824224452554741,5.888914760923201,55.76596715328467,0.08686131386861314
Uppsala,3,5.053877737226279,7.025736967447078,11.584124087591237,5.02057780683561,87.55063868613139,0.06008211678832119
Leipzig,20,11.978604014598538,8.160417722287837,11.725456204379567,5.915835201889727,70.77144160583941,0.07490875912408759
Zaragoza,2,14.227645985401457,6.910767389519221,13.242974452554739,7.15161335800183,70.82071167883211,0.035629562043795616
Nicosia,15,25.95091240875912,8.520276729798306,11.185720802919706,5.070660142141494,39.839416058394164,0.10050182481751829
Belgrade,3,10.682664233576643,7.619341133369252,9.888868613138689,5.337067931890348,81.61998175182482,0.10862226277372265
Nicosia,12,25.60912408759122,8.377365603717646,8.447947080291973,5.338108679379939,39.745894160583944,0.022810218978102186
Belgrade,12,16.625319343065694,9.205111015966924,10.784489051094889,6.314258806507163,60.11952554744526,0.06697080291970803
Zaragoza,8,12.573813868613142,6.389647353185001,12.35907846715328,6.979588789513316,76.25684306569343,0.0427007299270073
Leipzig,6,8.094206204379564,6.505860028087309,11.539826642335766,5.6085777826476795,85.96669708029196,0.06729014598540148
Uppsala,1,5.58257299270073,7.2701999646142825,11.625136861313866,5.039943824666362,85.4037408759124,0.06031021897810221
Zaragoza,5,13.051551094890511,6.326875536253642,12.722034671532844,7.124738041590038,75.16788321167883,0.03772810218978103
Leipzig,9,9.887135036496348,7.612931214930487,12.111131386861313,6.150266082571271,79.31843065693431,0.0707116788321168
Zaragoza,4,13.435948905109491,6.469252037121293,12.937773722627735,7.107631563510705,73.95483576642336,0.0489051094890511
Nicosia,21,18.962089416058387,7.287233969596896,7.713184306569346,4.03363816746882,68.02600364963503,0.013275547445255474
Belgrade,0,11.628330291970801,8.117423566206421,10.02303832116788,5.221320201679107,77.57846715328468,0.08079379562043797
Leipzig,17,14.182755474452556,8.617625685690037,13.297947080291967,6.637065909683648,61.50821167883212,0.10711678832116793
Zaragoza,15,21.544571167883213,8.559575509681096,14.118020072992703,8.700835357764195,43.86040145985402,0.05939781021897811
Leipzig,12,13.18038321167883,8.22788604955185,13.539324817518251,7.036795455229946,65.98494525547446,0.0726733576642336
Leipzig,5,8.184808394160584,6.4721890070450225,11.502965328467157,5.6736706723187735,85.50182481751825,0.07285583941605842
Leipzig,19,12.839689781021898,8.530532244195616,12.07883211678832,6.0537135424579835,67.07983576642336,0.08179744525547447
Zaragoza,18,21.648038321167874,9.153484385052192,14.506158759124087,8.36536094505795,43.70757299270073,0.05561131386861315
Uppsala,7,5.604288321167886,7.5870388316907444,11.651003649635033,5.490302549651074,85.79744525547446,0.06167883211678834
Zaragoza,10,14.593202554744524,7.4161661376807215,12.990237226277376,7.609001343794044,67.76368613138686,0.04698905109489052
Belgrade,5,10.151596715328463,7.420350051946741,9.868111313868614,5.2839552432535095,83.60675182481752,0.0697080291970803
Zaragoza,13,19.57969890510949,8.180734194349125,13.863458029197085,8.417077004406025,49.83348540145985,0.03941605839416058
Zaragoza,14,20.580565693430653,8.310111411120772,13.944890510948895,8.587948705770492,46.89552919708029,0.0425638686131387
Belgrade,6,10.145072992700731,7.55185592902578,9.967198905109488,5.34042528444582,83.85173357664233,0.07458941605839416
Belgrade,20,13.622308394160587,8.909616113891106,9.908166058394162,5.16323342322686,71.28558394160584,0.0706660583941606
Belgrade,18,15.740419708029204,9.727306532860956,9.861998175182478,5.369993903785813,63.667883211678834,0.08968978102189783
Belgrade,15,17.690602189781025,9.405465806658077,11.09365875912409,6.049583720670841,54.60948905109489,0.0975821167883212
Birmingham,21,10.378832116788319,5.717376757949482,14.136998175182482,6.8724962478936975,80.46487226277372,0.089051094890511
Birmingham,1,8.797992700729932,5.006430878888262,13.8191605839416,6.686121079290661,87.12089416058394,0.08626824817518249
Minsk,8,6.440967153284672,8.640564885878245,13.888731751824817,6.70164157884714,85.32071167883211,0.08316605839416061
Tampere,15,8.478695255474454,9.709652442600976,13.310036496350373,5.9429594748345265,70.01003649635037,0.1085310218978103
Frankfurt,8,9.188959854014596,6.9600841744487365,9.973996350364963,5.804769037932377,83.68932481751825,0.07728102189781026
Tampere,2,4.723631386861314,8.048873868978337,11.991651459854014,5.1024473603494505,88.9087591240876,0.07144160583941607
Frankfurt,5,8.608576642335764,6.297757700802805,9.677691605839414,5.512314710997851,85.70118613138686,0.09676094890510949
Birmingham,2,8.561085766423359,4.8824750466759195,13.773175182481756,6.732126384042497,88.08029197080292,0.08280109489051096
Tampere,4,4.4382299270073,7.837745752517886,11.979881386861317,5.063406395991973,90.53421532846716,0.10980839416058401
Frankfurt,2,9.510447080291971,6.736475734582616,9.725228102189782,5.384849297441949,82.28649635036497,0.06797445255474455
Minsk,12,9.816332116788319,9.899638673917856,16.219616788321165,7.246210438113119,70.86906934306569,0.09206204379562051
Minsk,23,7.088686131386862,8.58935314271928,13.152326642335769,6.47031377549188,81.9735401459854,0.07627737226277374
Tampere,18,8.114461678832116,9.84137614463831,13.16117700729927,5.633009178654888,72.35401459854015,0.10647810218978106
Frankfurt,22,11.208531021897814,7.523170672923386,10.318156934306568,5.3781832455180325,75.56751824817518,0.06911496350364965
Tampere,3,4.6815693430656955,7.995381922489498,12.108987226277373,5.06016801078954,89.61496350364963,0.0685675182481752
Frankfurt,18,14.59438868613138,8.732511661499732,11.552281021897803,6.164373599073925,62.81888686131387,0.07787408759124088
Frankfurt,21,11.94995437956205,7.887929642580336,10.43229927007299,5.436530309268586,72.99543795620438,0.0756386861313869
Tampere,14,8.564233576642334,9.932482611242875,13.59402372262774,6.133128710714017,68.73357664233576,0.10191605839416065
Minsk,20,8.827600364963503,9.64430150024469,13.45629562043795,6.600243177699138,75.42244525547446,0.07408759124087592
Minsk,1,6.406113138686131,8.275232855643777,13.074178832116788,6.461530246566403,84.26733576642336,0.07677919708029199
Minsk,14,10.765693430656933,10.044613856411376,16.727874087591243,7.2705186405275395,66.7162408759124,0.11683394160583947
Minsk,21,8.072262773722628,9.155263344576944,13.220483576642337,6.540316643836679,78.50136861313868,0.07896897810218982
Birmingham,16,13.306341240875916,6.233223283680976,16.77358576642336,7.6012928773676265,67.88594890510949,0.11468978102189786
Minsk,13,10.387819343065694,9.99150311713356,16.567791970802922,7.282554074253523,68.32983576642336,0.10045620437956217
Minsk,5,5.483394160583942,7.719808480142496,13.093248175182485,6.4089294761387325,88.32664233576642,0.09169708029197081
Minsk,2,6.1267791970802925,8.150921189077241,13.086359489051098,6.454015345484207,85.18248175182482,0.07112226277372265
Frankfurt,0,10.128056569343071,7.07117252230837,9.960812043795617,5.354029682872167,79.61770072992701,0.07997262773722631
Tampere,11,7.0346715328467155,9.605899815047717,12.998905109489048,5.842634241902152,76.62363138686132,0.09156021897810224
Birmingham,5,8.0069799270073,4.727417104674453,13.766012773722625,6.73146382156456,90.1742700729927,0.08909671532846718
Birmingham,19,11.769434306569343,6.308795454808805,14.929927007299272,7.183906045109244,74.66240875912409,0.10387773722627743
Minsk,3,5.961633211678831,7.992388647380797,12.976870437956205,6.3912300610946895,86.48083941605839,0.07568430656934308
Birmingham,3,8.341742700729926,4.811725491998988,13.776459854014597,6.7201178691653665,88.96669708029196,0.08289233576642338
Frankfurt,23,10.626824817518255,7.269622015274954,10.117609489051093,5.346925487999904,77.77326642335767,0.06852189781021903
Birmingham,12,12.421532846715332,5.958538613211114,16.694297445255472,7.5980089010035226,71.99680656934306,0.09876824817518254
Tampere,7,4.691423357664234,8.228580031127708,12.19653284671533,5.19444695464285,89.24178832116789,0.08549270072992704
Birmingham,4,8.163959854014596,4.759149003455487,13.800593065693432,6.7550136637839,89.57755474452554,0.08280109489051096
Tampere,16,8.554379562043795,9.880284735367788,13.430885036496354,5.888385983846896,70.11770072992701,0.14799270072992715
Birmingham,14,13.14762773722628,6.060849502957902,17.006979927007297,7.683338717099366,68.73905109489051,0.13854927007299286
Tampere,17,8.413047445255474,9.896722895615474,13.343111313868613,5.742106918815658,70.86952554744525,0.1152372262773723
Frankfurt,17,15.166925182481755,8.569102470506262,11.960218978102185,6.416105046557261,60.43065693430657,0.10196167883211679
Tampere,20,7.085629562043796,9.425497753974588,12.687226277372263,5.442406739327612,77.9411496350365,0.08777372262773726
Minsk,18,10.192700729927004,10.174794642238249,15.127281021897806,6.780409419185558,69.10903284671532,0.09137773722627743
Minsk,10,8.216423357664233,9.493841688868242,14.994206204379564,7.021876112811782,78.03923357664233,0.0883211678832117
Birmingham,13,12.823357664233578,6.012044964808,16.837773722627738,7.590869636739562,70.39735401459853,0.10615875912408768
Frankfurt,10,11.284899635036494,7.760765411403971,10.601687956204378,6.260249788120169,75.94844890510949,0.07303832116788325
Frankfurt,12,13.619616788321164,8.126568281833245,11.713686131386869,6.781674148170672,66.76779197080292,0.0766423357664234
Frankfurt,19,13.803649635036495,8.690426351988345,11.145666058394161,5.8463101380906535,66.1382299270073,0.0902828467153285
Frankfurt,1,9.705930656934303,6.889949383771667,9.840830291970802,5.352326694501043,81.13184306569343,0.06272810218978103
Frankfurt,9,10.121989051094888,7.433482914915649,10.21920620437956,6.069330965981461,80.1911496350365,0.07317518248175187
Birmingham,22,9.83517335766423,5.454815773500661,14.058120437956212,6.733396519466492,82.66560218978103,0.08339416058394163
Tampere,0,5.206706204379563,8.277402147787713,12.204242700729923,5.160181365222683,86.68065693430657,0.06792883211678832
Frankfurt,13,14.482208029197086,8.214165668132273,12.198175182481755,6.839085215275711,63.20255474452555,0.08772810218978111
Tampere,1,4.944388686131386,8.145380620884318,12.087773722627741,5.09035799941357,87.8882299270073,0.06920620437956206
Frankfurt,6,8.411861313868616,6.2580785436748805,9.74192518248175,5.4901994368659475,86.43248175182482,0.08225364963503651
Tampere,9,5.698813868613138,8.941343848162413,12.406341240875918,5.512241960964447,83.79014598540147,0.08380474452554747
Frankfurt,16,15.37367700729927,8.43818209138966,12.310492700729924,6.5908709206307385,59.48266423357664,0.12221715328467155
Tampere,13,8.201505474452556,9.88729424147919,13.512317518248178,6.148475093311754,70.5625,0.09762773722627742
Tampere,10,6.3593521897810215,9.319512474935289,12.627189781021894,5.700702571426931,80.27691605839416,0.08818430656934309
Birmingham,20,11.069251824817517,6.0541315778207805,14.357527372262771,7.034084579297891,77.69753649635037,0.087043795620438
Minsk,15,10.91824817518248,10.105911751949868,16.45492700729927,7.087260985316834,65.90282846715328,0.12650547445255478
Tampere,8,5.117153284671532,8.563212345619698,12.265100364963505,5.365579064156123,86.93658759124088,0.08161496350364968
Tampere,12,7.681569343065692,9.796685683873756,13.329516423357662,5.9932489132749485,73.22034671532846,0.09265510948905115
Minsk,6,5.489142335766425,7.821094647897428,13.331204379562047,6.4130958274764005,88.36633211678833,0.08503649635036495
Birmingham,0,9.057025547445255,5.13427070272129,13.896989051094893,6.693777300894091,85.95711678832117,0.0824361313868613
Timisoara,4,9.682937956204382,7.780810045590958,8.696578467153289,4.50688222332741,82.40693430656934,0.085264598540146
Trondheim,18,7.807846715328467,7.935301050063128,12.544936131386862,7.0862594134168795,72.61313868613139,0.16719890510948907
Trondheim,11,6.9914233576642335,7.664840232612556,11.616879562043794,7.258274852655938,75.35903284671532,0.1414233576642336
Lyon,5,10.087317518248176,6.448175150308694,9.172125912408761,6.576402321964609,84.80565693430657,0.10223540145985402
Delhi,6,20.176687956204383,7.521519978145037,8.396669708029197,4.084846689074132,78.34032846715328,0.1748631386861314
Lyon,1,11.233485401459852,7.0949362626605295,9.76405109489051,6.53792109495449,80.25182481751825,0.09023722627737228
Lyon,9,11.189598540145989,7.464816083686575,9.431021897810218,6.871927777472572,80.60583941605839,0.09201642335766425
Leeds,10,10.417016423357664,5.576581702194044,15.43033759124088,7.788811990172089,79.43795620437956,0.09890510948905117
Timisoara,6,9.110766423357665,7.590509277206726,8.519069343065699,4.499095852241707,84.27144160583941,0.06687956204379564
Bucharest,17,17.41715328467154,10.058662146584917,10.460903284671533,6.1789914900116125,54.43248175182482,0.09548357664233581
Florence,1,12.399224452554748,6.8566501076712045,6.677281021897816,3.952974868702387,85.46122262773723,0.116514598540146
Florence,6,11.309489051094893,6.300814702769682,6.753193430656933,4.2484790763145925,87.44297445255475,0.1279653284671533
Timisoara,22,12.335264598540146,8.87571119530802,8.885036496350365,4.254851940721614,73.21669708029196,0.06035583941605841
Leeds,16,12.791423357664232,5.898440594077729,17.21085766423358,7.828075068772197,69.54379562043796,0.12568430656934318
Delhi,5,19.863229927007296,7.174204397153673,8.179607664233576,3.928919940046495,78.2344890510949,0.09064781021897811
Florence,19,17.600912408759132,8.448442130331934,9.08699817518248,4.747256982516572,66.47171532846716,0.13348540145985396
Beijing,16,18.22084854014598,11.70658662220087,11.967883211678835,6.60573927804063,37.747262773722625,0.06906934306569343
Leeds,0,8.78033759124088,4.901451575256407,13.512591240875913,7.159597213533868,86.41879562043796,0.09393248175182484
Bucharest,12,15.90761861313869,9.763439350704669,10.163640510948909,6.012460518946147,59.98905109489051,0.0601277372262774
Trondheim,13,8.061724452554744,7.824165852232152,12.24703467153285,7.333949141288938,71.22718978102189,0.13626824817518252
Delhi,15,29.953786496350357,6.795984013320058,11.299133211678834,5.539001105892069,42.88047445255474,0.0957116788321168
Florence,4,11.722627737226265,6.38226653954211,6.727554744525546,4.3381116865245275,86.86587591240875,0.11601277372262778
Timisoara,7,9.173905109489054,7.795658406568654,8.595620437956203,4.584020523596128,84.01916058394161,0.06377737226277373
Lyon,6,9.846669708029198,6.358507947435719,9.018841240875915,6.501932158734288,85.74589416058394,0.09694343065693432
Bucharest,2,10.427874087591238,8.48532243897147,9.15579379562044,4.685770258064587,79.86359489051095,0.0592609489051095
Florence,23,13.452691605839421,7.205170316361706,6.889552919708033,3.9383699664498404,82.01003649635037,0.1228558394160584
Florence,17,19.87992700729927,8.348376961731647,10.457664233576647,5.821725126702479,58.049726277372265,0.1743156934306569
Florence,21,15.055246350364966,7.676049388576773,7.61824817518248,3.9269371357799034,75.63686131386861,0.10907846715328468
Trondheim,10,6.396167883211679,7.4708882076827265,11.323129562043796,7.099550237141518,77.5264598540146,0.1464872262773723
Beijing,14,18.3665602189781,11.441748542298104,11.522947080291969,6.866307442302837,36.871806569343065,0.052645985401459865
Leeds,23,9.077828467153282,4.986934204789083,13.71551094890511,7.144306783040256,85.26003649635037,0.0914233576642336
Lyon,20,14.609032846715328,8.56555149211367,11.27883211678832,6.9412800144027695,67.94297445255475,0.12732664233576643
Delhi,21,23.574635036496353,7.067679268079094,8.409169708029193,3.6954945423806573,65.24908759124088,0.07760036496350366
Lyon,22,12.830793795620439,7.76690339940562,10.415054744525548,6.529351739389134,74.31797445255475,0.11446167883211682
Beijing,19,14.693978102189785,12.060646243828764,10.215009124087588,5.37890279269162,49.237226277372265,0.05232664233576642
Leeds,5,7.938458029197078,4.6406479026860135,13.361587591240882,7.426745728176746,88.98266423357664,0.105793795620438
Lyon,10,12.413640510948909,7.8229291810405535,10.018932481751825,7.088288638966743,76.03649635036497,0.09260948905109492
Trondheim,5,4.813640510948905,6.41861531910592,10.669753649635032,7.256178363893782,82.40009124087591,0.14475364963503654
Bucharest,21,13.237956204379568,9.461138223668195,9.651414233576645,4.955125677250875,70.02600364963503,0.05296532846715329
Leeds,9,9.543841240875912,5.395869443811279,14.783120437956207,7.720562840746238,82.93020072992701,0.10209854014598542
Trondheim,21,6.464279197080289,7.396064339490922,11.71564781021898,6.859911167964494,77.58941605839416,0.1559762773722628
Leeds,13,12.456797445255473,5.69410797983478,17.075593065693432,7.864168758633653,71.15191605839416,0.11409671532846721
Timisoara,8,9.788959854014598,8.346813668433523,8.59735401459854,4.672030680227796,82.01779197080292,0.061633211678832144
Beijing,10,14.178284671532841,11.61994630561199,9.198175182481751,6.663717186834338,48.38047445255474,0.07833029197080293
Beijing,12,16.877372262773726,11.461491847657028,10.11966240875912,6.910373027974101,40.6117700729927,0.058713503649635033
Timisoara,14,17.49726277372263,9.555885337364089,10.106797445255468,5.98493501682906,54.78193430656934,0.05666058394160586
Beijing,6,9.03439781021898,10.937227355253123,8.290145985401463,4.79922722904659,64.59580291970804,0.08777372262773724
Delhi,7,21.06441605839416,7.933426341470815,8.82367700729927,4.4090484718238665,75.55200729927007,0.12463503649635041
Timisoara,12,15.645072992700724,9.592020559583991,9.130748175182482,5.687476436191058,61.71897810218978,0.07039233576642337
Leeds,7,8.260857664233574,4.876406821672795,13.746395985401465,7.467471267023243,87.85675182481752,0.10588503649635042
Florence,16,20.473403284671534,8.227983205338806,10.747673357664231,6.00290619310168,55.369069343065696,0.1661040145985401
Timisoara,15,17.619571167883205,9.610276866457918,10.472445255474453,5.837597325497511,54.34169708029197,0.07011861313868614
Trondheim,2,5.067381386861313,6.485384254738606,10.947764598540143,6.961832079916945,82.02691605839416,0.14406934306569344
Florence,3,12.00834854014599,6.4851885884460785,6.732481751824817,4.312922390126474,86.41012773722628,0.11733576642335769
Florence,14,20.513366788321164,8.07761070957815,10.32116788321169,6.337674972543789,55.17107664233577,0.14548357664233574
Beijing,3,9.80177919708029,10.87674112579829,8.320711678832115,4.898561143161448,63.677919708029194,0.09206204379562047
Timisoara,18,16.661496350364956,9.960182487572535,9.70355839416058,5.394181502967644,58.27919708029197,0.07559306569343067
Bucharest,10,13.081113138686137,9.648680820291357,9.657709854014602,5.647286407784762,70.39370437956204,0.05260036496350366
Timisoara,20,14.363777372262776,9.78168922295512,8.866970802919708,4.532664987375801,67.01459854014598,0.06555656934306571
Lyon,8,10.30127737226277,6.920073672758289,9.100775547445256,6.6412445384452745,84.1455291970803,0.09324817518248178
Lyon,14,16.66441605839416,8.380024619353712,12.188868613138688,7.871883433324037,59.61040145985402,0.10123175182481754
Florence,8,12.682071167883208,7.427351029279521,6.763229927007301,4.499541856698425,83.02919708029196,0.11391423357664236
Lyon,19,15.640830291970799,8.820645455798587,12.02559306569343,7.262308811203921,63.746350364963504,0.12541058394160587
Trondheim,4,4.859443430656932,6.361480689920156,10.671943430656937,7.283425740418859,82.39005474452554,0.1647810218978102
Beijing,15,18.567335766423362,11.475469863984356,11.99461678832117,6.779824032420738,36.38321167883212,0.06751824817518248
Lyon,13,16.141423357664237,8.33745757925961,12.105839416058398,7.924899239597319,61.7956204379562,0.09352189781021902
Leeds,22,9.461222627737227,5.126961510767174,13.949361313868613,7.126396797300115,83.67153284671532,0.08380474452554747
Florence,18,18.850684306569345,8.525722321932516,9.848083941605834,5.293490915834057,61.92928832116788,0.13334854014598538
Timisoara,17,17.42116788321167,9.700022769085413,10.31126824817518,5.7254407420455875,54.988138686131386,0.09110401459854016
Florence,10,16.20018248175183,8.151626750508248,7.3806569343065735,5.37944258165109,71.70711678832117,0.09890510948905118
Delhi,10,26.94343065693431,7.376672787615386,9.583074817518247,5.535929779113377,55.73494525547445,0.06792883211678832
Bucharest,22,12.536633211678827,9.218141588545047,9.767335766423358,4.89318032684615,72.38001824817518,0.05378649635036497
Delhi,18,26.218339416058384,7.370095829161543,8.713959854014595,4.11492218471346,56.90602189781022,0.09621350364963505
Trondheim,16,8.352782846715328,7.914103646291947,12.833302919708029,7.305262443833362,70.77691605839416,0.17417883211678833
Trondheim,17,8.14370437956204,7.9558300580497985,12.704972627737227,7.192206841487093,71.4014598540146,0.18886861313868608
Trondheim,14,8.20009124087591,7.73952023244711,12.618932481751834,7.3474960355689,71.16286496350365,0.13800182481751824
Delhi,0,21.87230839416058,7.110471097825396,8.340602189781022,3.71719494987133,70.29790145985402,0.06514598540145985
Florence,22,14.177600364963501,7.420333314505885,7.126642335766421,3.8566618072588117,79.23357664233576,0.10620437956204382
Delhi,23,22.392974452554743,7.087004834209851,8.429744525547443,3.6930949826480277,68.80565693430657,0.06418795620437957
Beijing,4,9.41300182481752,10.81661541690054,8.259489051094892,4.82990090773299,64.37363138686132,0.08795620437956204
Bucharest,7,9.411359489051097,8.20665444355777,9.226231751824818,4.9225596638457745,84.46532846715328,0.06824817518248176
Beijing,2,10.240739051094893,10.945476506641166,8.424908759124092,5.002639193094088,62.68658759124087,0.09534671532846715
Beijing,17,17.132664233576637,12.30999751848105,11.484443430656933,6.311623072961997,41.417883211678834,0.06418795620437957
Leeds,15,12.906067518248173,5.808452791032542,17.524635036496356,7.937507219632642,69.07664233576642,0.12951642335766433
Bucharest,6,9.24749087591241,7.904985347000512,9.065191605839418,4.867595800027395,85.13229927007299,0.06719890510948907
Timisoara,11,14.233850364963493,9.51878798207066,8.65853102189781,5.4943056065835245,66.95529197080292,0.06395985401459854
Beijing,0,11.238275547445255,11.113808555680142,8.931250000000002,5.357532410148101,60.32892335766423,0.0945711678832117
Bucharest,4,9.839461678832118,8.038198301411047,9.232755474452551,4.94189183553874,83.12956204379562,0.07960766423357667
Beijing,1,10.714917883211678,11.02537553134263,8.677052919708027,5.2630284653465065,61.62271897810219,0.10282846715328468
Beijing,21,13.056797445255471,11.406089054170518,9.936359489051094,5.606862040319036,55.323905109489054,0.0925638686131387
Beijing,23,11.787956204379562,11.188058894118072,9.243430656934306,5.4493688537630876,58.96259124087591,0.10552007299270073
Delhi,17,27.70602189781021,7.437817086228468,9.466423357664228,4.6317721218884165,52.06204379562044,0.09210766423357668
Leeds,8,8.803558394160582,5.131887774836112,14.19078467153285,7.642995971868592,85.87408759124088,0.09972627737226278
Timisoara,2,10.222627737226277,8.159769778665243,8.623175182481754,4.3369345958937116,79.84990875912409,0.057801094890510954
Delhi,12,29.3712591240876,6.948517381723651,10.418613138686126,5.616478354965363,46.339416058394164,0.10333029197080289
Lyon,7,9.811405109489053,6.461594395540438,8.984534671532845,6.575248032152785,85.98722627737226,0.09758211678832118
Delhi,22,22.964324817518243,7.093482528804748,8.396441605839417,3.7000001384364465,67.07071167883211,0.06368613138686133
Leeds,11,11.304516423357663,5.6226535868764,16.14630474452555,7.915865495876273,75.88868613138686,0.10825729927007305
Lyon,4,10.38526459854015,6.581199244750319,9.34479927007299,6.512234061712041,83.60857664233576,0.1166058394160584
Lyon,2,11.016240875912407,6.923894221710471,9.676779197080291,6.5931131538442145,81.17928832116789,0.09689781021897811
Trondheim,1,5.114507299270074,6.670641094356219,10.678375912408756,6.915140421953785,81.38549270072993,0.1371806569343066
Trondheim,7,5.066742700729926,6.744489968157117,10.853695255474449,7.238739979407388,81.92974452554745,0.17235401459854008
Timisoara,0,11.111405109489056,8.454804668732896,8.833941605839414,4.3217331931793925,77.16651459854015,0.06906934306569346
Trondheim,3,5.015647810218981,6.406037960794408,10.78526459854015,7.1877092864267755,82.25182481751825,0.17805656934306563
Bucharest,14,17.628330291970805,9.754171729527057,10.702281021897814,6.287568915243718,53.731751824817515,0.0726733576642336
Lyon,12,15.0569799270073,8.226186693468579,11.476140510948907,7.67318596252448,66.01140510948905,0.08343978102189782
Florence,5,11.480930656934305,6.325115401932844,6.752463503649638,4.280045443581624,87.18430656934306,0.1143704379562044
Bucharest,9,11.478284671532847,9.437103190937657,9.336268248175179,5.375430806476096,76.49771897810218,0.05579379562043796
Timisoara,3,10.09256386861314,7.992851347097878,8.675045620437958,4.386443630142643,80.79607664233576,0.05857664233576643
Leeds,12,12.049498175182482,5.65970968866104,16.816788321167884,7.989777876775452,72.72399635036497,0.1047445255474453
Delhi,19,25.053786496350355,7.10923148650075,8.528832116788319,3.76512242539838,60.738594890510946,0.07285583941605842
Timisoara,5,9.389461678832118,7.686744224363193,8.668339416058394,4.594604358194586,83.36724452554745,0.07536496350364964
Delhi,16,29.346167883211685,6.9221704361006475,10.74356751824818,5.338407006448893,45.13914233576642,0.09662408759124087
Florence,7,11.625593065693433,6.648884500251073,6.907937956204383,4.281151939123544,86.29060218978103,0.1260036496350365
Timisoara,21,13.184124087591236,9.221519182239488,8.874817518248177,4.3391412666035025,70.58713503649635,0.07317518248175182
Leeds,20,10.62700729927007,5.667215814089861,14.602509124087593,7.418974040259819,78.96578467153284,0.08458029197080295
Bucharest,0,11.383713503649636,8.820452783105123,9.67527372262774,4.751469053175987,76.30474452554745,0.062271897810219
Leeds,6,7.979060218978102,4.705851978200688,13.522217153284672,7.346600353391887,88.81751824817518,0.10319343065693432
Florence,13,20.056614963503634,8.049474019262213,9.738093065693434,6.389959934455777,57.21669708029197,0.13289233576642337
Florence,15,20.649771897810222,8.156465680604642,10.59388686131387,6.205915012536868,54.65510948905109,0.16865875912408754
Bergen,21,7.136998175182483,6.288311494752786,11.099954379562043,6.641972330407556,83.78923357664233,0.2798357664233575
Podgorica,13,20.55407772304325,8.610653921995876,6.912807881773402,3.6892817354804244,51.09578544061303,0.20399562123700044
Miskolc,23,9.75807481751825,8.160385577753283,8.362910583941606,4.873624026366445,77.72080291970804,0.05880474452554746
Bergen,15,9.749270072992704,6.605423508881371,12.788594890510952,6.6493711974810665,72.98722627737226,0.3249543795620436
Miskolc,19,12.486313868613138,9.494384451325198,8.73923357664233,5.113656013461535,70.53467153284672,0.061952554744525566
Plovdiv,15,19.219571167883206,9.555685373438044,9.91756386861314,5.895723016035929,47.44297445255474,0.07979014598540146
Brno,18,13.126596715328473,9.43035775465993,10.971578467153284,5.667939709189941,63.85173357664234,0.08471715328467155
Oslo,7,5.839552919708032,7.587358891796683,9.373357664233577,5.5589683169028845,84.85720802919708,0.11838503649635031
Miskolc,10,12.234762773722634,8.952479929367819,9.096167883211683,5.830005789713005,70.20848540145985,0.07217153284671535
Dresden,13,13.962956204379559,8.349112668830227,12.961906934306569,6.9041309256111445,62.1418795620438,0.0879105839416059
Podgorica,4,12.371373836891083,6.972057076283573,6.166174055829229,3.487581595747053,71.36179529282978,0.24274767378215653
Debrecen,1,9.710355839416062,8.046680187301858,10.18097627737226,4.771110417842506,78.86450729927007,0.051824817518248176
Bergen,11,8.227463503649636,6.95026626394262,11.263229927007298,6.617817406515351,78.04835766423358,0.2766879562043794
Plovdiv,19,16.896031021897812,10.160007319442393,9.12299270072993,5.538310256434141,56.71213503649635,0.08202554744525548
Dresden,22,9.892153284671531,7.406756294878894,9.727919708029198,5.566298116438961,78.13321167883211,0.06897810218978102
Plovdiv,4,11.451596715328467,7.687570934880587,7.826642335766425,5.738078311992226,71.85082116788321,0.06532846715328468
Bergen,7,5.833850364963502,5.827930055952086,10.302326642335768,6.411722567107493,87.73175182481752,0.3072992700729926
Miskolc,14,15.352965328467151,9.188698352821977,10.784260948905112,5.932779813328279,58.36450729927007,0.0861313868613139
Kyiv,16,13.352737226277371,10.455444655627655,14.012819343065697,6.179501521819886,60.03330291970803,0.08955291970802928
Bergen,8,6.282116788321166,6.1466060803305025,10.357116788321166,6.406080555750532,86.1875,0.3042883211678831
Brno,3,8.068111313868618,7.1338663948961045,9.294981751824821,4.6973498650866645,82.77098540145985,0.09785583941605844
Oslo,15,10.435766423357663,8.882006485671218,11.075136861313885,6.174497947314277,66.19616788321167,0.12728102189781015
Plovdiv,7,10.977463503649634,7.731670265949022,7.869160583941604,5.8911926022110475,72.55793795620438,0.05091240875912408
Miskolc,20,11.462408759124093,8.966105924301909,8.5463503649635,4.893811272779398,73.47399635036497,0.06081204379562044
Debrecen,2,9.584397810218977,7.904198354203715,10.211861313868612,4.8328846350667884,79.97080291970804,0.05291970802919709
Oslo,22,7.351961678832118,8.020159775960837,9.868156934306569,5.461970818178023,79.72718978102189,0.09562043795620437
Miskolc,4,8.372399635036498,7.4449937899329655,8.453056569343067,4.932082746622141,82.48905109489051,0.07258211678832117
Miskolc,21,10.712135036496353,8.566953724875463,8.537226277372262,4.9245888853317314,75.31158759124088,0.05342153284671534
Podgorica,17,19.8823754789272,9.08946444544125,6.175588396278059,3.980322027244311,55.19102353585112,0.19655172413793096
Debrecen,3,9.158987226277372,7.649620704320217,10.251961678832117,4.843943060628892,81.86222627737226,0.08572080291970804
Plovdiv,23,13.43722627737226,8.707359093873972,8.394251824817518,5.626882871563379,66.16560218978103,0.06094890510948905
Podgorica,15,20.918171866447725,8.72474407631369,7.110016420361252,4.061364371529382,49.96442255062945,0.23749315818281325
Debrecen,0,10.092427007299268,8.187619487097878,10.247627737226278,4.802199198782721,77.56569343065694,0.05670620437956205
Plovdiv,2,11.893658759124088,8.171484238404311,7.969388686131389,5.33180890576495,70.20894160583941,0.05688868613138687
Kyiv,5,7.287317518248175,7.996381753282526,11.320529197080294,5.049389847325564,84.39279197080292,0.06295620437956206
Podgorica,20,16.33891625615762,8.657057566129433,5.708264915161468,3.7690839849110205,64.05637657361795,0.2316365626710454
Brno,15,14.427463503649635,9.049144354806234,12.737408759124099,6.624155776037313,58.26414233576642,0.1143704379562044
Dresden,2,8.592518248175184,6.797763791140548,9.64484489051095,5.334293594736216,83.01277372262774,0.07513686131386864
Miskolc,18,13.568567518248177,9.774514507980989,9.218841240875905,5.310956435911484,66.32846715328468,0.08033759124087594
Podgorica,6,12.006294471811717,6.947943568581094,6.042583470169682,3.361269238023393,71.74493705528188,0.20197044334975361
Kyiv,3,7.808941605839419,8.294425900834229,11.226824817518247,4.891406911144533,82.27007299270073,0.07536496350364963
Oslo,4,5.64990875912409,7.161241971413967,9.412910583941605,5.418211621469078,85.44799270072993,0.10784671532846711
Kyiv,8,8.306888686131387,9.038481199404307,11.813184306569344,5.539116489975711,80.79379562043796,0.06614963503649639
Dresden,19,12.290830291970805,8.644344127214996,10.435948905109488,5.821797879177535,69.27463503649635,0.09771897810218982
Brno,22,9.696122262773716,8.111405300922558,9.521076642335764,4.629266446386553,76.81843065693431,0.06642335766423359
Miskolc,12,14.402782846715327,9.058479641281842,10.106478102189781,6.013594367077988,61.97582116788321,0.06482664233576645
Podgorica,14,20.84860426929393,8.67559442524677,7.174931581828136,3.9555382075952377,49.981937602627255,0.24668856048166393
Bergen,1,5.760264598540149,5.77012913668391,10.411496350364956,6.5765766355147255,88.09306569343066,0.2875912408759122
Oslo,2,5.99411496350365,7.399847472832859,9.504333941605847,5.358010286035721,84.41195255474453,0.08827554744525548
Podgorica,3,12.669458128078821,7.029324267057929,6.304105090311984,3.4860274383756225,70.91406677613574,0.21773399014778322
Podgorica,8,14.271866447728524,8.672027456459833,5.114449917898196,3.5703920066490182,67.70114942528735,0.21351943076081006
Plovdiv,6,10.889598540145988,7.531409441929093,7.7308850364963515,5.7805525124874855,72.89644160583941,0.051368613138686126
Oslo,16,10.439370437956203,8.992203944559911,11.177007299270073,6.153803140620548,66.18111313868613,0.11423357664233569
Plovdiv,3,11.694981751824818,7.944832168917916,7.845666058394161,5.39858826769942,71.1382299270073,0.05123175182481752
Miskolc,1,9.053832116788325,7.8644317656716325,8.318795620437957,4.8417110571520485,79.57025547445255,0.049087591240875916
Oslo,12,9.412773722627735,8.87944879107385,10.34785583941606,6.2560856696645555,69.72582116788321,0.11532846715328464
Kyiv,12,12.247445255474464,10.199967909969805,14.032390510948908,6.27390327374643,64.27919708029196,0.07723540145985408
Brno,17,13.890830291970802,9.335516064778693,11.749178832116796,6.190591443461034,60.53147810218978,0.08763686131386866
Kyiv,20,10.776094890510953,9.821448119497044,11.4805200729927,5.32123868171375,71.14461678832117,0.06158759124087594
Debrecen,8,10.256979927007302,8.814396681950548,10.000045620437959,5.272971737331038,78.80428832116789,0.08389598540145989
Plovdiv,9,12.741012773722629,8.830822927105723,8.298129562043798,6.196078113949171,67.13503649635037,0.05748175182481752
Dresden,20,11.364370437956206,8.230320076850846,9.854607664233574,5.717524266204535,73.21715328467154,0.08499087591240877
Dresden,11,12.378193430656937,8.274099901847526,12.077965328467153,6.704001466094762,68.7764598540146,0.08029197080291973
Plovdiv,17,18.992883211678837,9.813230968639342,9.88973540145986,5.852120239249132,49.00866788321168,0.0832116788321168
Kyiv,17,13.005383211678831,10.510739470483811,13.387682481751822,5.910396174749654,61.55474452554745,0.0921532846715329
Plovdiv,21,14.734808394160586,9.217856535291421,8.310994525547446,5.372080104738498,62.901916058394164,0.0924726277372263
Miskolc,9,10.888731751824814,8.880386021947452,8.658622262773722,5.5175532945673025,75.0168795620438,0.07705291970802923
Dresden,1,8.720620437956203,6.893633677787462,9.704835766423361,5.645989870350492,81.98357664233576,0.06496350364963503
Debrecen,12,15.28412408759124,9.409214714895358,10.917700729927008,6.108482748122251,60.22627737226277,0.05857664233576646
Debrecen,7,9.231979927007298,8.232867310761348,10.01418795620438,4.984487517967986,82.10218978102189,0.07404197080291972
Plovdiv,18,18.0610401459854,10.139300260877095,9.645894160583941,5.757732603363292,52.559306569343065,0.08106751824817521
Kyiv,0,8.719023722627737,8.713534086205144,11.29648722627737,5.014456642840901,78.44571167883211,0.056934306569343084
Brno,1,8.386222627737226,7.5297118430713255,9.223905109489056,4.617107838116941,81.31158759124088,0.06208941605839417
Dresden,14,14.210173357664226,8.375171493823077,12.862819343065695,6.543047769248039,61.08302919708029,0.08152372262773726
Kyiv,7,7.5942974452554735,8.491512091399676,11.64425182481752,5.242082446560435,83.40647810218978,0.07103102189781027
Dresden,7,8.227144160583943,6.948577338554277,9.920255474452553,5.797578959950993,84.06934306569343,0.08458029197080294
Debrecen,4,8.88485401459854,7.571100292018654,10.162089416058395,4.84624571226425,82.83439781021897,0.08129562043795623
Brno,4,7.770118613138686,7.054488093971631,9.238822992700731,4.7368297881069745,83.74771897810218,0.08891423357664237
Kyiv,6,7.26304744525548,8.102272076350463,11.487454379562042,5.151675935599052,84.55063868613139,0.06332116788321168
Bergen,0,5.990419708029196,5.8134069229644565,10.508166058394165,6.60503741994163,87.60903284671532,0.274133211678832
Debrecen,11,14.29283759124088,9.38459601813707,10.620529197080291,5.941635967239853,64.13184306569343,0.061359489051094916
Dresden,23,9.438047445255474,7.175962297112362,9.710447080291969,5.61529220159496,79.69890510948905,0.07372262773722629
Miskolc,16,15.201642335766424,9.450071880788668,10.547582116788323,5.664931606591285,59.27372262773723,0.1002737226277373
Kyiv,18,12.381432481751828,10.476480239214434,12.643613138686133,5.622078249614912,64.3713503649635,0.0838047445255475
Miskolc,3,8.612271897810219,7.51272524245808,8.477372262773725,4.88452121930782,81.7176094890511,0.05885036496350365
Bergen,6,5.625228102189781,5.6067864468913635,10.2768704379562,6.394963121334899,88.26049270072993,0.3132755474452553
Debrecen,21,11.56697080291971,8.701244781190034,10.221487226277373,4.920525753266959,73.04425182481752,0.05018248175182482
Oslo,17,10.214552919708034,9.090541720552169,11.125045620437955,6.151074423683645,67.2198905109489,0.11190693430656927
Brno,6,7.546806569343065,7.062518548978936,9.34101277372262,4.866930433513149,84.41560218978103,0.08010948905109493
Podgorica,5,12.096059113300496,6.882415312938305,6.091023535851126,3.434434606410612,71.67268746579091,0.20065681444991781
Plovdiv,5,11.148266423357667,7.6217527645682,7.734032846715332,5.804855659181546,72.4242700729927,0.05036496350364964
Plovdiv,10,14.173403284671533,9.055733900780314,8.671304744525548,6.203109637733405,62.85720802919708,0.060355839416058384
Brno,13,14.166149635036497,8.940119991366293,12.492518248175182,6.84257276567254,59.53649635036496,0.0774635036496351
Plovdiv,14,18.82901459854015,9.562812469343932,9.641423357664234,5.723968469773345,48.65054744525548,0.07417883211678834
Bergen,2,5.72741788321168,5.703572198336988,10.497354014598539,6.526469807519532,88.23403284671532,0.31423357664233564
Kyiv,2,8.046076642335764,8.434030690718295,11.33444343065693,4.916493423775436,80.75547445255475,0.07322080291970805
Bergen,4,5.754927007299272,5.513669449050394,10.35761861313868,6.515851288528774,88.15784671532846,0.29635036496350353
Podgorica,9,16.139463601532572,8.813316516182727,4.966392993979201,3.6020543403566085,63.3032293377121,0.20218938149972632
Brno,0,8.757344890510948,7.68849430374526,9.3353102189781,4.641979335782784,80.08120437956204,0.06049270072992702
Dresden,3,8.245437956204382,6.655067230661147,9.547125912408758,5.355197354039029,84.04607664233576,0.08462591240875915
Podgorica,12,19.988669950738906,8.584574268494196,6.578160919540241,3.630126666801877,52.62287903667214,0.2048166392993978
Plovdiv,22,14.045985401459845,8.914974522171097,8.300364963503648,5.59011890311777,64.65237226277372,0.064507299270073
Dresden,17,13.802600364963508,8.727990907143532,12.15930656934307,6.086352217567371,62.53010948905109,0.09060218978102193
Dresden,12,13.288047445255478,8.309481281139037,12.605337591240879,6.841606528813856,65.01186131386861,0.08125000000000006
Bergen,9,6.8848996350365,6.498473302360161,10.505383211678833,6.556777146832023,83.74178832116789,0.3093065693430655
Brno,19,12.177189781021896,9.297190662604448,10.306067518248174,5.233367703308419,67.80565693430657,0.07271897810218982
Oslo,6,5.568658759124087,7.299638826674011,9.350456204379567,5.459246948526901,85.87773722627738,0.11738138686131377
Oslo,20,8.625593065693426,8.719480758395873,10.386177007299267,5.704988775212,74.625,0.10748175182481748
Debrecen,20,12.286724452554731,9.029845631690673,10.002600364963508,5.07872191889783,71.06386861313868,0.07002737226277375
Debrecen,16,15.996350364963504,9.63788287483069,11.266104014598536,6.038729842792528,57.434762773722625,0.09794708029197084
Podgorica,7,12.73377120963327,7.687634853227867,5.871045429666119,3.33741758480924,70.73891625615764,0.22107279693486587
Dresden,21,10.513412408759125,7.741896005118958,9.756751824817519,5.608940997315031,75.88731751824818,0.07614051094890513
Debrecen,9,11.624133211678839,9.166670954670087,10.167290145985403,5.538475219823286,74.11496350364963,0.06847627737226278
Kyiv,19,11.601961678832117,10.25981516379533,11.999315693430662,5.418481355312869,67.76916058394161,0.07468065693430657
Oslo,3,5.837135036496351,7.242619977519377,9.417016423357671,5.412959890198069,84.90328467153284,0.10752737226277369
Brno,16,14.35962591240876,9.127628870943509,12.499087591240873,6.549698993337314,58.46760948905109,0.09315693430656939
Dresden,10,11.281386861313868,8.179840761338188,11.315739051094889,6.5906683059254245,73.19936131386861,0.07965328467153286
Oslo,23,6.902052919708034,7.7770825295134465,9.723220802919712,5.35148294607249,81.38594890510949,0.09749087591240871
Kyiv,22,9.516697080291973,9.070394835776879,11.493521897810211,5.048824510869422,75.59215328467154,0.07212591240875917
Miskolc,17,14.51605839416058,9.733782630687426,9.861998175182482,5.552507110424598,62.27235401459854,0.09165145985401463
Oslo,18,9.798768248175183,9.098209700315884,11.026961678832116,6.014861275899577,69.10629562043796,0.1053375912408759
Bergen,18,8.769206204379557,6.727604510211777,12.404288321167886,6.481644189991522,76.69069343065694,0.3157846715328465
Dresden,18,13.121487226277374,8.795274288968171,11.298175182481753,5.933193904939797,65.51916058394161,0.09475364963503652
Bergen,23,6.245574817518246,5.889839051365914,10.612499999999999,6.651899503252379,86.9110401459854,0.27098540145985384
Debrecen,22,11.006113138686137,8.491378775115594,10.250182481751823,4.91854787076524,74.71532846715328,0.053832116788321165
Debrecen,19,13.313229927007304,9.551298389616132,9.825775547445255,5.197537144600088,68.03056569343066,0.07294708029197082
Kyiv,15,13.391104014598545,10.342036373581385,14.345346715328466,6.234313131170021,59.622262773722625,0.11108576642335768
Brno,7,8.00889598540146,7.505621703481107,9.348859489051092,4.97813187493795,82.90830291970804,0.0766423357664234
Kyiv,21,10.04210766423358,9.349255699636927,11.50469890510949,5.138574534186937,73.62180656934306,0.0716240875912409
Bergen,5,5.6098083941605825,5.519714433752939,10.299771897810219,6.428109974825237,88.4110401459854,0.3127281021897809
Oslo,9,6.983713503649636,8.350908158991382,9.547901459854016,5.888306583874773,79.82299270072993,0.10191605839416057
Oslo,0,6.533120437956202,7.626848952600292,9.554927007299275,5.324182783605915,82.6779197080292,0.09671532846715325
Plovdiv,20,15.695346715328462,9.757377869229446,8.59904197080292,5.320640379887964,60.5228102189781,0.09064781021897811
Miskolc,7,8.725136861313867,8.0715661593173,8.454288321167883,5.154171702400683,81.88686131386861,0.08197992700729931
Debrecen,14,16.138959854014598,9.445304674135775,11.471441605839413,6.205864051706547,56.97445255474452,0.08239051094890514
Debrecen,17,15.303832116788314,9.850310223859019,10.716879562043795,5.725232031524114,60.39096715328467,0.07796532846715329
Bergen,12,8.84694343065693,6.92254795949271,11.745072992700727,6.579892984537086,75.65419708029196,0.2973083941605838
Miskolc,2,8.976687956204383,7.769868856768091,8.383485401459856,4.925779676184993,80.39917883211679,0.056432481751824824
Oslo,19,9.236222627737224,8.977375689420056,10.767746350364968,5.9009127417112515,71.72034671532846,0.1170620437956204
Podgorica,19,17.528243021346466,8.990328948390765,5.623207443897098,3.793669137215431,62.619594964422554,0.22594417077175696
Podgorica,22,14.567323481116592,8.025019720721886,5.859824849480023,3.836103577764598,67.42692939244664,0.24422550629447173
Brno,21,10.31145072992701,8.375940380910837,9.670118613138689,4.710112874481004,74.63412408759125,0.06514598540145987
Brno,20,11.176140510948912,8.846476016159379,9.809762773722632,4.862235882832332,71.82025547445255,0.07344890510948908
Brno,8,8.891697080291964,8.086737932632804,9.332618613138683,5.375363351337737,79.82299270072993,0.0683850364963504
Podgorica,23,13.88916256157635,7.776095359908859,6.049972632731249,3.809488894851306,68.84619594964423,0.21105637657361787
Miskolc,11,13.432709854014602,9.013256242291886,9.584169708029199,5.9724669007337265,65.72217153284672,0.06496350364963505
Dresden,8,9.012226277372266,7.465034646947777,10.12116788321168,6.082793211912262,81.46122262773723,0.07413321167883212
Brno,23,9.183029197080295,7.874670631615454,9.468248175182477,4.642921324634141,78.59032846715328,0.05953467153284674
Kyiv,14,13.270529197080288,10.282568593543946,14.469160583941608,6.378201096437555,59.96897810218978,0.10387773722627736
Miskolc,15,15.462226277372265,9.31716545083493,10.918658759124092,5.870950806808954,57.99863138686131,0.10319343065693436
Dresden,0,9.056934306569342,7.022507812297158,9.67691605839416,5.6347139138709235,80.98220802919708,0.062180656934306584
Madrid,7,10.889917883211677,6.870468995609716,9.046852189781019,4.945654371381366,76.02919708029196,0.056523722627737236
Tirana,6,12.643521897810228,6.786097690658498,5.997855839416056,3.475825092570404,73.47080291970804,0.15387773722627734
Zagreb,8,10.11113138686131,8.164734432840639,5.94037408759124,3.7922834099115006,83.02326642335767,0.09379562043795621
Luxembourg_City,21,10.761587591240875,7.162034956428758,12.396897810218976,6.2654966770618925,78.03968978102189,0.09730839416058397
Luxembourg_City,20,11.59206204379562,7.610306791231817,12.762728102189778,6.449866520434629,75.2198905109489,0.10018248175182487
Zagreb,0,10.475273722627739,7.723910011615469,6.709671532846713,3.7696592528337907,80.77235401459853,0.11208941605839418
Ostrava,13,13.657983576642344,8.778074223756409,14.208029197080284,7.599288283897722,62.465784671532845,0.10273722627737232
Lodz,14,13.187043795620438,9.062174107992863,15.75260036496351,6.8654854556820295,62.478558394160586,0.10200729927007303
Luxembourg_City,9,9.14352189781022,6.839346658569665,12.762454379562042,6.73774967259751,84.47536496350365,0.09041970802919712
Lodz,19,11.198631386861319,8.932034969510527,13.086633211678834,6.16750211312714,70.86222627737226,0.08261861313868614
Stuttgart,11,12.265693430656935,7.874381740119709,9.82906021897811,6.038356738874495,71.12363138686132,0.09329379562043803
Luxembourg_City,1,8.858074817518249,6.284512454760087,12.229835766423353,6.291288041550784,84.58987226277372,0.10574817518248178
Stuttgart,21,10.933850364963494,7.541359209279009,9.400912408759122,5.170009634763064,75.56158759124088,0.09197080291970806
Luxembourg_City,22,10.128284671532848,6.816271319513061,12.420666058394165,6.211605347929594,79.9831204379562,0.08772810218978105
Tirana,7,13.30374087591241,7.421055976411207,5.782436131386861,3.56242202128232,72.44388686131387,0.16254562043795623
Ostrava,15,13.940784671532846,8.92125124643867,14.338640510948899,7.287230760287781,60.80246350364963,0.10483576642335775
Madrid,15,20.41222627737227,8.956278821146686,10.982025547445259,7.0589715165238545,44.25547445255474,0.09297445255474458
Zagreb,17,15.807208029197078,9.220952420364727,8.261906934306571,4.968807735253078,62.80474452554745,0.09543795620437957
Madrid,9,11.570848540145983,7.656732545496234,9.258485401459856,5.143088229510358,73.49087591240875,0.056067518248175185
Lodz,1,7.950775547445255,7.399650240342566,12.63453467153284,5.876444857644075,82.53695255474453,0.07522810218978106
Luxembourg_City,2,8.6867700729927,6.164819592493758,12.104516423357666,6.078191454612701,85.52007299270073,0.10912408759124093
Luxembourg_City,6,7.633302919708029,5.763854734442406,12.038594890510945,6.464818770146346,89.15328467153284,0.10141423357664237
Glasgow,20,9.92518248175182,5.406170297260266,13.555018248175186,7.222212200151767,80.71487226277372,0.1468521897810219
Prague,18,13.314096715328477,9.234742172371975,12.045209854014594,6.451310096728929,62.53284671532847,0.07741788321167885
Madrid,2,13.52463503649635,7.927557379226351,10.017198905109492,5.339200876333888,66.56341240875912,0.04557481751824818
Tirana,9,16.578056569343058,8.273226561423497,5.212636861313866,3.803650745719068,63.684762773722625,0.1461678832116788
Luxembourg_City,17,13.665602189781023,7.833982149234085,14.818704379562043,7.11506501830544,65.85082116788321,0.1335310218978103
Zagreb,18,14.890693430656935,9.341783712594758,7.755200729927006,4.572350610044794,66.76733576642336,0.09872262773722629
Madrid,23,15.681660583941598,8.791429863713653,10.281934306569346,5.4602745511268305,59.644160583941606,0.045072992700729946
Ostrava,12,13.051186131386853,8.727877999036739,13.855839416058403,7.547079233357449,65.07071167883211,0.09484489051094898
Prague,9,9.70962591240876,8.202840589946009,10.918795620437953,6.5959680096769615,76.73129562043796,0.07226277372262775
Lodz,15,13.261268248175174,9.126826400421823,15.747718978102194,6.878220496932537,62.051094890510946,0.11040145985401463
Zagreb,21,11.965191605839415,8.200411710549224,6.90780109489051,3.7014273463625407,76.73631386861314,0.10871350364963507
Luxembourg_City,19,12.432116788321164,7.911537917038312,13.436770072992696,6.628717667479931,71.54653284671532,0.10588503649635041
Lodz,20,10.377691605839415,8.51378507711784,12.663366788321168,6.194823752906659,74.07892335766424,0.06998175182481753
Luxembourg_City,8,8.28485401459854,6.353518780290471,12.441560218978099,6.545984650547859,87.28421532846716,0.09265510948905112
Ostrava,11,12.20041058394161,8.66526954143288,13.133348540145985,7.3905008980642295,68.71532846715328,0.09329379562043802
Tirana,15,20.873996350364973,7.823795398477001,9.301459854014595,4.123653277442679,50.590328467153284,0.20921532846715324
Tirana,11,19.56838503649635,7.834164872131403,6.335903284671533,3.8071651928692,53.76003649635037,0.15570255474452555
Madrid,20,18.96669708029198,9.708922265601807,11.24566605839416,6.198476676701933,49.681569343065696,0.052691605839416074
Ostrava,21,9.93772810218978,8.039161050743672,11.393567518248167,6.129805347807672,77.37773722627738,0.08599452554744529
Lodz,6,7.077828467153283,7.0992874612244625,12.914826642335765,5.971764084982238,86.58804744525547,0.06783759124087593
Tirana,3,13.159169708029198,6.759957264821498,6.189370437956206,3.464524676324836,72.62819343065694,0.16322992700729924
Glasgow,1,7.966560218978099,4.626433628278368,12.207025547445259,7.015345109427444,88.40967153284672,0.11359489051094893
Tirana,8,14.74055656934306,8.20791117191323,5.22933394160584,3.8167592564988575,68.9279197080292,0.14443430656934306
Stuttgart,7,8.160857664233573,6.514886985677028,9.447308394160588,5.393195339044942,84.7294708029197,0.08439781021897814
Luxembourg_City,0,9.2286496350365,6.438830627229784,12.250912408759124,6.231483870279301,83.28284671532846,0.09256386861313873
Zagreb,14,16.25250912408759,8.784369188252326,8.56332116788321,5.205912931331732,60.69753649635037,0.11756386861313871
Prague,23,9.487636861313868,7.714932291617097,10.707253649635037,5.654092384087869,77.35127737226277,0.05697992700729929
Luxembourg_City,7,7.748768248175182,5.933515596718301,12.30898722627737,6.491985472664736,88.82116788321167,0.09621350364963507
Madrid,17,21.178010948905104,9.144043813101922,11.87846715328467,7.037228499987643,41.293795620437955,0.0798813868613139
Tirana,16,20.280337591240876,7.7823667127871134,9.13882299270073,4.342753721708459,53.380930656934304,0.1826642335766423
Prague,13,14.042791970802927,8.808257352451157,13.03047445255475,7.6250160097869175,59.081204379562045,0.07773722627737228
Tirana,13,20.831067518248172,7.878283745234605,8.259215328467151,3.7056578948627372,50.369069343065696,0.20506386861313863
Madrid,14,19.432390510948917,8.849700948610465,10.377919708029195,6.897546224072851,47.33622262773723,0.06674270072992704
Glasgow,21,9.288822992700728,5.13635062537962,13.027691605839411,7.051502816850462,83.34032846715328,0.14302007299270073
Lodz,10,10.528877737226278,8.771186960349057,14.459580291970807,6.50210508389983,73.85401459854015,0.0755018248175183
Lodz,18,11.972490875912406,9.165973808368115,13.915921532846713,6.267191393940432,67.58987226277372,0.09493613138686134
Lodz,23,8.705885036496351,7.676863771908811,12.769297445255473,5.982643529809936,79.89142335766424,0.0643248175182482
Prague,16,14.425729927007296,8.959001114696045,12.798175182481746,7.00636056790208,57.87043795620438,0.10830291970802926
Zagreb,23,10.891788321167885,7.858841712228619,6.737545620437957,3.799644461702129,79.71304744525547,0.1164689781021898
Stuttgart,0,9.432892335766425,6.902547782442739,9.621989051094884,5.148975523353164,79.8257299270073,0.0901459854014599
Tirana,19,16.667928832116782,7.762027530324426,5.743065693430658,3.5986288908914736,69.32709854014598,0.1345346715328467
Glasgow,2,7.823220802919705,4.61293737923888,12.089051094890504,7.157041874386975,88.86313868613139,0.13991788321167886
Stuttgart,14,14.550228102189784,8.024686349151517,10.756204379562039,6.178968451735207,62.04014598540146,0.12796532846715328
Stuttgart,19,12.794616788321173,8.369423836373304,9.646487226277369,5.346236277328001,69.17883211678833,0.09046532846715334
Lodz,8,8.392472627737227,8.029065348404174,13.437226277372265,6.167113733416751,82.27144160583941,0.0756843065693431
Tirana,17,19.25319343065694,7.8875361021461465,8.255018248175183,4.227805893633796,58.22810218978102,0.1613138686131387
Lodz,17,12.613093065693432,9.237793560294929,14.729060218978104,6.481798370510465,64.81843065693431,0.09689781021897813
Ostrava,6,7.602645985401458,7.0153142988519885,10.897855839416062,6.623719184076638,85.48722627737226,0.095757299270073
Luxembourg_City,14,13.39995437956204,7.645384141710689,14.935857664233582,7.134593170697309,67.33348540145985,0.117609489051095
Tirana,10,18.326870437956202,7.935054365433451,5.599406934306566,3.726368058676457,58.25,0.14803832116788324
Glasgow,8,8.213868613138684,4.97244614120497,12.79717153284671,7.4881059640016225,87.02189781021897,0.14507299270073
Prague,17,14.002828467153284,9.148268584979492,12.508120437956206,6.8089269221530495,59.605383211678834,0.0862226277372263
Tirana,1,13.156888686131378,6.8324779471060335,5.9842153284671555,3.301034639292052,74.48175182481752,0.13645072992700727
Glasgow,11,10.43010948905109,5.304305011395241,14.808074817518255,7.919729279189434,78.24361313868613,0.143065693430657
Glasgow,12,11.126961678832114,5.295280769904726,15.503193430656937,7.96249760837572,75.42290145985402,0.14639598540145995
Luxembourg_City,10,10.198859489051097,7.200539660689871,13.398266423357661,6.901984230153356,80.66970802919708,0.09548357664233584
Luxembourg_City,3,8.398677007299272,5.9825780137959965,12.129288321167884,6.217656418760455,86.67746350364963,0.10063868613138689
Glasgow,19,10.557162408759126,5.591290725028137,14.250866788321163,7.317625893926294,77.93567518248175,0.1756386861313869
Luxembourg_City,11,11.278330291970796,7.418569368087906,14.102417883211682,7.056370702895139,76.29972627737226,0.09721715328467159
Ostrava,14,13.897536496350359,8.866360270892132,14.380520072992693,7.505889311258209,61.13503649635037,0.1041058394160585
Glasgow,18,11.131432481751816,5.6709491461455155,14.944160583941603,7.477519183090675,75.45848540145985,0.16833941605839423
Madrid,1,14.095392335766427,8.252038556005402,10.054972627737225,5.440639619549509,64.44981751824818,0.0467609489051095
Stuttgart,8,8.792518248175186,6.9987270570844835,9.250456204379562,5.403577408578088,83.20939781021897,0.08978102189781025
Lodz,12,12.35752737226277,9.009363651704403,15.579060218978103,6.888046812614325,66.01231751824818,0.07545620437956212
Zagreb,19,13.848905109489055,9.143528121794153,7.1780565693430685,4.150145005851755,71.04242700729927,0.09438868613138689
Zagreb,20,12.771167883211684,8.624645404711696,7.0023722627737195,3.869308818995524,74.71897810218978,0.10068430656934307
Tirana,20,15.547627737226268,7.370247083030341,5.262910583941603,3.4439288109902373,73.19388686131387,0.14146897810218978
Zagreb,6,8.878649635036494,7.150270756154386,6.410675182481749,3.688058505042721,86.43841240875912,0.10323905109489054
Prague,3,8.128740875912412,6.995377926493119,10.202007299270072,5.669534362267393,83.46031021897811,0.09927007299270076
Glasgow,14,11.953740875912406,5.347187922506768,15.98804744525547,8.001067558934913,72.62956204379562,0.18923357664233567
Ostrava,19,11.602098540145988,8.905765863069364,11.929288321167887,6.313684386985695,71.2367700729927,0.08836678832116793
Zagreb,2,9.997810218978108,7.472309737972372,6.884990875912408,3.733347092234907,82.61906934306569,0.10506386861313871
Madrid,16,20.996897810218975,9.039897339529018,11.532572992700736,7.09066840335619,42.05246350364963,0.08020072992700736
Stuttgart,23,9.84416058394161,7.0729344195513715,9.595255474452557,5.1724743981761225,78.59215328467154,0.09397810218978106
Lodz,16,13.075593065693429,9.172187839950944,15.419434306569343,6.716273556645471,62.77417883211679,0.10770985401459858
Prague,19,12.444206204379562,9.091257164548084,11.672536496350363,6.072453409784457,66.12910583941606,0.07226277372262777
Stuttgart,12,13.357208029197091,7.912397072720361,10.2536496350365,6.218111926471911,66.66195255474453,0.09406934306569352
Luxembourg_City,23,9.63462591240876,6.602558246337505,12.342107664233577,6.215944496228042,81.7655109489051,0.09493613138686134
Stuttgart,2,8.992837591240876,6.665894364027911,9.571167883211675,5.114964835819055,81.5720802919708,0.08937043795620442
Ostrava,17,13.250228102189789,9.125663600060246,13.44584854014598,6.589729717919615,63.64963503649635,0.09124087591240879
Stuttgart,20,11.825182481751828,7.99283539078664,9.2643704379562,5.262087965255512,73.0889598540146,0.09187956204379563
Luxembourg_City,18,13.145711678832118,7.968591347006219,14.223540145985396,6.963738815958092,68.16925182481752,0.1294251824817519
Glasgow,23,8.400456204379564,4.801946943871328,12.49753649635036,7.0680982659912805,86.64324817518248,0.12673357664233578
Prague,11,12.214461678832118,8.654662437668309,12.036222627737224,7.20676706446007,66.7043795620438,0.07326642335766427
Madrid,3,12.977052919708028,7.579042658133786,9.794981751824817,5.223139751452135,68.6081204379562,0.07988138686131391
Ostrava,1,8.305246350364964,7.3024660767376135,10.81578467153285,6.212788956878653,83.03512773722628,0.09525547445255472
Glasgow,15,12.061496350364962,5.414553907509865,16.076003649635037,7.91850428319981,72.02737226277372,0.19046532846715325
Tirana,0,13.401277372262774,6.900721174364,5.948540145985405,3.309565636894707,74.90100364963503,0.13590328467153287
Madrid,12,16.650182481751816,8.625203744198735,9.245437956204384,6.395658128250447,56.285583941605836,0.05123175182481754
Prague,8,8.605565693430654,7.722751514995435,10.539461678832113,6.296253642740278,81.10766423357664,0.07636861313868618
Madrid,13,18.275958029197085,8.787979399193393,9.697718978102186,6.756647878195757,50.85857664233577,0.05976277372262776
Luxembourg_City,13,13.047354014598541,7.59881517624561,15.065100364963506,7.289545359994509,68.88138686131387,0.11186131386861324
Madrid,21,17.752189781021897,9.491144819320292,10.752098540145989,5.7418427979161395,53.49133211678832,0.05068430656934308
Lodz,4,7.161222627737225,6.9557906266694,12.651094890510956,5.982489943980883,86.07983576642336,0.07130474452554748
Ostrava,16,13.754105839416052,9.000265299792936,14.083667883211682,6.987467927477432,61.48220802919708,0.10976277372262777
Stuttgart,18,13.686541970802917,8.461608550104282,10.238868613138683,5.687896956787835,65.2837591240876,0.10748175182481755
Zagreb,12,15.14794708029198,8.686228017447583,7.74489051094891,5.079592104115355,64.64917883211679,0.08353102189781028
Lodz,9,9.43161496350365,8.492095260789027,13.918202554744525,6.28452068470235,78.32892335766424,0.06797445255474455
Lodz,7,7.563275547445254,7.514780618319734,13.1283302919708,5.981751905572593,85.11861313868613,0.07166970802919712
Luxembourg_City,12,12.247582116788319,7.53266936735638,14.70670620437956,7.22435189801299,72.25638686131387,0.1011861313868614
Prague,0,9.04101277372263,7.531247032088965,10.641879562043794,5.699456501037035,79.05930656934306,0.066286496350365
Zagreb,16,16.36058394160584,8.950999384588824,8.633531021897813,5.1924384806733705,60.32299270072993,0.10643248175182478
Tirana,21,14.829881386861326,7.255835177360535,5.150000000000001,3.5386191728395904,74.59808394160584,0.13421532846715328
Stuttgart,5,8.169936131386859,6.348657620218453,9.567472627737224,5.481347600645699,84.35538321167883,0.10697992700729932
Madrid,6,11.31072080291971,7.004410101336179,9.160401459854015,5.03466499341763,74.52600364963503,0.055155109489051106
Glasgow,0,8.108713503649636,4.73066188087502,12.346669708029198,7.076397849302967,87.66240875912409,0.12075729927007296
Ostrava,0,8.62595802919708,7.417763751470717,10.934397810218973,6.345022393674053,82.01368613138686,0.08699817518248176
Ostrava,8,8.81332116788321,7.853801360551368,11.120392335766427,6.8795730307642655,81.87363138686132,0.09333941605839421
Lodz,0,8.31478102189781,7.530967592996247,12.725638686131395,5.93569062054146,81.26733576642336,0.06569343065693432
Zagreb,4,9.315374087591245,7.179377761039844,6.6335766423357665,3.6482609199943297,84.94206204379562,0.10807481751824818
Prague,20,11.521259124087598,8.689819697422879,11.272764598540155,5.817508632126135,69.92974452554745,0.07308394160583943
Tirana,14,21.022536496350355,7.856365369107237,8.880930656934304,3.98503721872499,49.74817518248175,0.2516879562043794
Zagreb,1,10.081250000000006,7.6139342154887935,6.6164233576642335,3.659516691939932,81.86678832116789,0.10241788321167886
Glasgow,22,8.773357664233576,4.903528665803211,12.71943430656934,6.996659309073063,85.24178832116789,0.14101277372262774
Ostrava,20,10.678010948905113,8.444056514969278,11.481569343065694,6.266896481624059,75.04151459854015,0.08754562043795626
Stuttgart,1,9.074771897810221,6.774678836601132,9.491788321167878,5.072497334227209,80.90784671532846,0.0954835766423358
Zagreb,9,11.33056569343066,8.56071003601034,5.947262773722628,4.019361151932964,78.89644160583941,0.10606751824817519
Lodz,2,7.78690693430657,7.241725608554941,12.548540145985404,5.902017359601583,83.73129562043796,0.06382299270072994
Tirana,18,17.96587591240876,7.954061609214526,6.869981751824819,3.8465716625484805,63.66742700729927,0.14165145985401453
Ostrava,3,7.950866788321161,7.005684539126325,10.973859489051101,6.345761302824486,84.36678832116789,0.11541970802919706
Stuttgart,10,11.007709854014596,7.790455713871221,9.458850364963507,5.740344951003631,75.92655109489051,0.08731751824817523
Stuttgart,9,9.77413321167883,7.516474629129225,9.183622262773724,5.573048450129548,80.16605839416059,0.08321167883211686
Ostrava,5,7.5482664233576635,6.916339520019849,10.88467153284671,6.540783299597796,85.50638686131387,0.10100364963503648
Madrid,18,20.925319343065684,9.294319480882697,11.749498175182485,6.903273138956096,42.644616788321166,0.07431569343065696
Krakow,21,9.755200729927008,8.114500679287508,10.305520072992696,5.6023640119726,77.72262773722628,0.0881386861313869
Reykjavik,11,4.746669708029198,6.110821061305858,14.77668795620439,8.33502885167571,76.63366788321167,0.17655109489051068
Reykjavik,14,5.637226277372262,5.96399520934048,15.533348540145992,8.3262188708562,75.26231751824818,0.2220802919708032
Reykjavik,16,5.470529197080291,6.0569831822285725,15.272992700729917,8.233755736701653,75.82618613138686,0.2215328467153284
Milan,22,13.52965328467154,8.197769189727186,7.6777372262773715,4.30228483004681,77.36678832116789,0.13526459854014597
Riyadh,1,23.70515510948904,8.10024233870857,10.958211678832118,5.143210250368773,30.447080291970803,0.007025547445255474
Krakow,9,9.787864963503646,8.477692079133508,10.613458029197085,6.7337380555591,77.82983576642336,0.10661496350364963
Riyadh,2,22.912226277372273,7.981780723721555,10.612271897810217,5.172082128109797,31.891423357664234,0.010675182481751826
Krakow,19,11.389735401459848,8.971171411679357,10.86519160583941,5.780955770541839,72.00729927007299,0.08672445255474459
Lviv,0,8.255474452554733,7.831787394700328,12.11551094890511,5.565066458392443,81.54425182481752,0.08946167883211668
Lviv,7,7.116377737226279,7.431152494913729,12.51468978102189,5.73135725209895,85.54425182481752,0.08234489051094884
Reykjavik,21,3.903193430656934,5.730390834602062,13.579698905109499,8.226081646883568,82.0264598540146,0.20031934306569335
Krakow,13,13.592381386861307,8.91209473545832,12.961633211678835,7.602009251598458,62.379105839416056,0.10583941605839416
Munich,11,11.542244525547455,8.143463977238309,10.093339416058395,6.561205804852875,71.14598540145985,0.10228102189781015
Lviv,16,13.020209854014604,9.282538455348265,14.298905109489045,6.629270576481543,62.941149635036496,0.12673357664233553
Lviv,12,11.683713503649633,9.084551076777627,13.949315693430659,6.5032807425907135,68.90191605839416,0.08822992700729912
Reykjavik,5,2.830246350364965,5.241523319841925,13.485492700729914,8.356966300354962,85.3882299270073,0.17942518248175154
Milan,23,12.926642335766422,8.03373319506955,7.673357664233575,4.225323241861621,79.27144160583941,0.1535127737226277
Milan,5,11.223357664233577,7.239536086099737,7.280702554744525,3.9823236612075217,85.24817518248175,0.15250912408759126
Milan,19,16.420985401459845,9.117568584971437,7.193750000000002,4.604258758001596,68.05702554744525,0.14416058394160586
Munich,6,6.906706204379562,6.492404417150515,9.55145985401459,5.579061859454006,86.91879562043796,0.12052919708029194
Riyadh,11,30.608166058394165,9.053729870477362,14.383804744525545,7.69989701213322,20.577098540145986,0.010082116788321166
Lviv,11,10.772992700729924,8.969192191379241,13.471487226277373,6.340967763867105,72.83941605839416,0.09133211678832101
Lviv,14,12.826277372262776,9.157269010437043,14.473038321167868,6.7776452346573945,63.85036496350365,0.11610401459853986
Reykjavik,23,3.3503193430656926,5.454840106888616,13.338594890510935,8.441516118178386,83.92883211678833,0.17468065693430634
Milan,1,12.0183394160584,7.74449828289731,7.494251824817516,4.165815085086805,82.22490875912409,0.15520072992700723
Reykjavik,4,2.872490875912409,5.189836256091978,13.405018248175177,8.360724201500728,85.36998175182482,0.17281021897810186
Riyadh,20,28.72979014598541,8.762908967648423,13.23467153284671,5.411180042221831,22.79288321167883,0.0036040145985401463
Riyadh,18,31.052600364963517,9.04345423139748,14.759078467153278,6.124918216408463,19.739507299270073,0.005885036496350365
Milan,10,13.933029197080296,8.652586949852159,7.136040145985402,4.811797689083532,75.39279197080292,0.12864963503649632
Milan,7,11.030748175182483,7.483425396836022,7.090510948905112,4.068105880271281,85.66833941605839,0.1636405109489051
Milan,0,12.431569343065696,7.887140230394175,7.631113138686132,4.258275058486667,80.89507299270073,0.14968065693430654
Munich,20,10.520666058394156,8.24230755786212,9.616058394160582,5.686233535755615,75.31660583941606,0.1239051094890511
Riyadh,7,22.235082116788316,8.516827711108846,8.941560218978104,4.889842855460274,34.18065693430657,0.007937956204379561
Munich,15,13.966651459854022,8.266630809966987,11.287408759124096,6.684458581478359,61.51368613138686,0.1422901459854013
Krakow,16,13.682162408759122,9.082311680587825,12.853102189781023,7.026896845777667,61.99361313868613,0.11824817518248167
Lviv,2,7.658987226277375,7.596084140711681,12.152691605839422,5.526536296090544,83.19479927007299,0.08727189781021893
Riyadh,0,24.5754105839416,8.224175509817519,11.387226277372264,5.1484233554461944,28.927007299270073,0.005474452554744526
Munich,9,8.938001824817517,7.824514848203937,9.5147810218978,6.034447027964847,80.73175182481752,0.104242700729927
Munich,21,9.619251824817523,7.745712365662134,9.68316605839416,5.53283501212193,78.09169708029196,0.13293795620437956
Krakow,8,8.659124087591243,8.081009216559732,10.20739051094891,6.421476697220437,81.79151459854015,0.1091240875912409
Milan,11,15.26313868613138,8.642017383002875,7.061724452554747,5.116301378023628,70.60766423357664,0.12486313868613136
Riyadh,16,32.839005474452556,8.78117086019382,15.667335766423356,7.121244475857249,16.994069343065693,0.004197080291970803
Riyadh,5,21.521031021897812,7.66162351486712,9.857527372262778,5.110762031565767,34.65054744525548,0.007071167883211679
Lviv,8,7.719297445255472,7.895079718404174,12.494069343065691,5.852306785044695,84.0889598540146,0.08234489051094883
Milan,17,18.27545620437956,8.637785426872547,6.737135036496348,4.700207187720398,60.277372262773724,0.16108576642335765
Reykjavik,13,5.487591240875913,5.97093914916463,15.3766423357664,8.225632147734625,75.85583941605839,0.21304744525547473
Krakow,22,9.22089416058394,7.8675550333827875,10.195666058394158,5.64489359917717,79.53284671532846,0.08822992700729929
Lviv,5,7.042928832116787,7.215536460071209,12.288549270072988,5.761920455285249,85.55930656934306,0.07436131386861311
Krakow,10,11.025456204379564,8.65220532730946,11.202645985401466,7.122642928585308,73.12636861313868,0.10314781021897809
Krakow,2,7.91925182481752,7.273304118116537,9.983439781021898,5.864153178288054,84.13503649635037,0.1033302919708029
Riyadh,3,22.39406934306568,7.8484697174792535,10.253877737226277,5.194911451873267,33.05748175182482,0.009352189781021899
Riyadh,6,21.2371806569343,7.794119416520812,9.654881386861314,5.031235513646205,35.4831204379562,0.008895985401459854
Milan,15,18.455839416058392,8.425955998251492,6.866332116788325,5.012107445504815,59.20255474452555,0.16751824817518243
Milan,4,11.527052919708037,7.301627140950112,7.454379562043797,4.069015400963049,84.50821167883211,0.17107664233576642
Lviv,21,9.62869525547445,8.475082414881717,11.86464416058394,5.750852929117888,77.5469890510949,0.0848540145985401
Lviv,20,10.463412408759122,8.954196180826088,11.858895985401466,5.874299691338754,74.61770072992701,0.08786496350364957
Munich,19,11.564324817518253,8.636898494809577,9.833576642335764,5.847928661492547,71.05018248175182,0.13604014598540146
Lviv,19,11.352691605839418,9.294195715251194,12.395118613138692,5.982157319323509,70.60857664233576,0.10136861313868599
Riyadh,8,24.43576642335767,8.964341752437802,9.066879562043798,5.92668409959073,30.441149635036496,0.014872262773722625
Krakow,20,10.479014598540147,8.512835495594242,10.420939781021897,5.641298492618219,75.43248175182482,0.08818430656934312
Milan,9,12.616423357664237,8.52440234313695,7.065556569343066,4.567182437572127,80.12317518248175,0.12659671532846717
Munich,23,8.510401459854016,7.2607019125086865,9.842381386861314,5.502085939828305,81.86040145985402,0.12340328467153285
Krakow,6,7.314963503649635,7.165772936583779,10.019525547445257,6.028609878214149,85.87226277372262,0.0895529197080292
Munich,13,13.492791970802921,8.170926912273956,10.798175182481746,6.7541069778571465,63.32846715328467,0.10396897810218973
Riyadh,13,32.622399635036494,8.888043707096658,14.810857664233568,7.674349315751105,17.574361313868614,0.012180656934306568
Riyadh,15,33.09844890510949,8.78429770831641,15.297308394160583,7.256855432071972,16.73038321167883,0.007436131386861314
Munich,22,9.006432481751833,7.462305069008621,9.787956204379565,5.504526250234742,80.22171532846716,0.1298813868613138
Riyadh,14,33.09370437956204,8.840900995170522,15.026368613138684,7.51824058745669,16.8882299270073,0.01281934306569343
Milan,6,10.954060218978093,7.199605821911022,7.027874087591241,3.9070841634833373,85.9662408759124,0.15036496350364964
Lviv,22,9.039644160583942,8.164002565683687,12.027326642335764,5.613920119021067,79.26505474452554,0.08161496350364959
Riyadh,12,31.802737226277408,8.962261350525694,14.652189781021892,7.75336176521372,18.79425182481752,0.010994525547445254
Munich,14,13.750000000000009,8.25449160609145,11.110857664233578,6.601287566051675,62.652828467153284,0.11190693430656928
Milan,3,11.875456204379564,7.396484774014604,7.570027372262774,4.205018670183772,83.49452554744525,0.19151459854014602
Reykjavik,7,3.1522810218978115,5.4555215161927855,13.642335766423365,8.166591315293926,83.87910583941606,0.17919708029197048
Milan,18,17.44000912408759,9.007287510538218,6.966697080291972,4.603299319186952,63.67153284671533,0.14863138686131389
Riyadh,9,26.84032846715328,9.121500347100575,11.022901459854017,7.000295695218877,26.506386861313867,0.008804744525547446
Reykjavik,6,2.9240419708029184,5.331629438821377,13.526961678832116,8.310569026098877,84.88275547445255,0.1821624087591239
Reykjavik,0,3.2954379562043763,5.337816413279145,13.475228102189792,8.427997853916857,84.57618613138686,0.161678832116788
Krakow,17,13.079881386861302,9.213858124958056,12.351687956204383,6.585632043224536,64.59808394160584,0.12791970802919705
Lviv,1,7.946350364963501,7.698200243795529,12.087135036496347,5.599249200176114,82.38777372262774,0.08371350364963495
Riyadh,21,27.59429744525548,8.649353643325856,12.965693430656934,5.468420611351111,24.36359489051095,0.0051094890510948905
Riyadh,22,26.52568430656934,8.513329521441014,12.519981751824815,5.358894243425431,25.896897810218977,0.004607664233576643
Munich,0,8.109762773722634,7.091642765533237,9.812864963503648,5.487135995836095,83.16788321167883,0.13257299270072992
Lviv,15,13.012363138686144,9.219648787256308,14.452600364963486,6.735989742970094,63.011861313868614,0.1305200729927005
Riyadh,19,29.860173357664216,8.875220329073795,13.620072992700733,5.438586916954901,21.31706204379562,0.0021441605839416064
Krakow,23,8.753467153284676,7.695469028227962,10.072125912408755,5.764134964678626,81.11040145985402,0.08713503649635039
Munich,8,7.872947080291974,7.292125316411016,9.498494525547452,5.819893213840664,84.28877737226277,0.1119981751824817
Riyadh,23,25.519799270072987,8.363143718051298,11.904516423357663,5.194629344272452,27.396897810218977,0.003923357664233577
Munich,18,12.57988138686131,8.746731090999472,10.336815693430655,6.064059333254764,66.62636861313868,0.13229927007299266
Krakow,18,12.283074817518248,9.210738827919961,11.64306569343066,6.0440424703319815,68.06706204379562,0.10155109489051094
Reykjavik,17,5.229881386861315,6.0824043373964,15.100319343065701,8.106950823531744,76.72536496350365,0.21884124087591258
Bursa,1,12.4485401459854,7.238017540286485,5.086359489051097,2.757713728120305,77.12317518248175,0.07399635036496349
Bursa,3,12.182162408759126,7.076678308265647,5.155930656934307,3.0004322601608124,76.62819343065694,0.08225364963503648
Tbilisi,1,11.369799270072987,8.197983207352982,8.463458029197083,6.45017780344794,75.96259124087591,0.0761405109489051
Nis,2,9.52153284671533,7.500346063813797,5.551094890510949,3.4228523882940904,79.91286496350365,0.10583941605839416
Nis,16,17.22235401459853,9.527714615924602,9.295757299270077,5.215703675455615,53.552919708029194,0.07550182481751827
Nis,3,9.174498175182485,7.333500544516132,5.3235401459854,3.4572069551646023,81.17107664233576,0.11268248175182481
Nis,9,11.946989051094889,8.64425897361848,5.8484032846715355,4.16540129700402,73.42335766423358,0.07253649635036499
Bursa,17,19.011040145985397,8.686766109681015,8.75702554744526,4.885688813594386,60.21989051094891,0.13307481751824818
Sofia,5,8.225410583941603,7.241273715044263,6.922992700729924,3.7914627710508197,80.24954379562044,0.05757299270072995
Tbilisi,5,10.46031021897811,7.9004274271839465,7.617974452554744,5.839205217740109,79.33987226277372,0.07750912408759125
Ankara,9,11.820255474452551,9.221966430028594,6.303512773722626,4.617456555735936,63.870894160583944,0.03316605839416059
Basel,20,12.49876824817518,8.282900365441954,8.325182481751822,4.8147086526457485,74.12317518248175,0.11665145985401462
Ankara,2,9.407846715328466,8.11685381500582,6.580063868613139,3.6017174000193553,72.93020072992701,0.04169708029197081
Sofia,10,11.548631386861318,8.78288125540712,7.616605839416057,4.6492784218256595,68.74178832116789,0.06482664233576646
Ankara,18,16.673950729927,10.500497099503711,10.158576642335772,5.436372708355748,45.99133211678832,0.04767335766423359
Sarajevo,16,16.408348540145987,8.837952814973937,7.321760948905116,3.543513948216327,57.105383211678834,0.1611313868613137
Ankara,19,15.359260948905115,10.411986036244867,9.509580291970792,5.330363016071082,50.47490875912409,0.05045620437956204
Lahore,5,18.78074817518249,7.672829226564612,7.240282846715326,3.7959966555760087,80.20985401459853,0.1500912408759124
Sarajevo,12,15.660355839416065,8.493940303087117,6.352098540145988,3.6533217253352643,60.887773722627735,0.15666058394160567
Sarajevo,10,13.223129562043797,8.598018020985128,5.104744525547441,3.2455882816370494,70.16468978102189,0.10652372262773716
Tbilisi,13,17.95688868613138,9.308653727698738,9.335447080291976,7.0438930229775405,50.777828467153284,0.053512773722627756
Ankara,21,12.899452554744535,9.624399886880997,8.41309306569342,4.6269542593805815,59.15054744525548,0.045301094890510964
Tbilisi,6,10.289552919708031,7.866949588578688,7.444479927007302,5.7631303144253385,79.80839416058394,0.07244525547445256
Sarajevo,5,8.049498175182485,6.819474337250519,4.970301094890507,2.4357819263124014,86.8462591240876,0.10287408759124086
Sarajevo,21,11.044251824817525,8.155032707115723,4.727919708029196,2.3731988355079965,78.45118613138686,0.0960310218978102
Bursa,23,13.262363138686137,7.50279257180957,5.505611313868615,3.0313289598491884,76.04242700729927,0.06760948905109491
Basel,17,15.280291970802914,8.32659973659717,9.764552919708029,5.576630009661391,62.33850364963504,0.1270529197080292
Tbilisi,10,14.267609489051097,9.110337397734401,7.593841240875921,6.410585967002149,64.4110401459854,0.07650547445255476
Ankara,11,15.470437956204385,9.510773740962692,7.931979927007301,5.5725573026598,50.316149635036496,0.03594890510948906
Ankara,15,18.441742700729936,9.888255866513799,10.988184306569343,5.9995034015372575,39.96259124087591,0.07463503649635035
Sofia,9,9.868704379562041,8.497894418522241,7.134945255474448,4.3248912414958,74.88914233576642,0.06186131386861319
Lahore,20,23.44457116788322,7.828821734306971,7.612089416058396,3.6112791529114805,64.30063868613139,0.025593065693430655
Sofia,20,12.741104014598536,9.444012796175864,7.4321624087591225,3.946829551665002,64.86268248175182,0.07203467153284673
Bursa,7,11.923722627737224,7.234049843924883,4.6910127737226315,2.8500092444734118,77.16240875912409,0.10693430656934302
Basel,8,9.09954379562044,7.013969224546291,7.24333941605839,4.871636758637952,84.80656934306569,0.11943430656934312
Ankara,20,13.991833941605845,9.990492601133669,8.798494525547447,4.890415043998984,55.08302919708029,0.04589416058394163
Sarajevo,23,9.55761861313868,7.550884822431417,4.816788321167883,2.4853548391132247,83.30520072992701,0.0884124087591241
Tbilisi,22,12.721076642335758,8.827622156813323,8.689096715328473,6.8533670281008945,70.7212591240876,0.06687956204379564
Nis,22,10.842974452554742,8.217320149330332,5.782481751824819,2.9794494128724276,74.96304744525547,0.06710766423357666
Nis,8,10.36829379562044,8.410193181299718,5.1814324817518225,3.8374202062513443,78.5360401459854,0.07285583941605842
Sofia,16,16.882116788321174,9.310655521651427,9.541925182481759,5.184291350142554,49.0264598540146,0.10218978102189775
Sofia,14,16.673357664233574,9.16490847082946,9.113914233576626,5.277551021195504,50.106295620437955,0.0989507299270073
Nis,23,10.31154197080292,7.979348572777551,5.488731751824816,3.041418907427329,76.70666058394161,0.07185218978102192
Sarajevo,6,7.983667883211679,6.9063572573427985,5.003193430656933,2.4583836613462076,86.8389598540146,0.10825729927007295
Sarajevo,0,9.063001824817528,7.3290326138113056,4.903877737226272,2.4927111489924134,84.7956204379562,0.09817518248175179
Sofia,4,8.55784671532847,7.351442604619036,6.9224452554744484,3.7844764289011703,79.08166058394161,0.06596715328467154
Ankara,10,13.779105839416056,9.383776142890653,7.004333941605844,5.216075493542827,56.504105839416056,0.03312043795620439
Bursa,18,17.817655109489046,8.771480557824612,7.894844890510948,4.841138169906853,64.15830291970804,0.12312956204379563
Sarajevo,4,8.28380474452555,6.872418732664264,4.949680656934305,2.4272791476170066,86.51459854014598,0.1036952554744525
Lahore,23,21.331204379562056,7.730702055879916,7.58950729927007,3.4605040662397033,71.10629562043796,0.03467153284671533
Lahore,22,21.926186131386864,7.739322584363394,7.639233576642337,3.4906529628404925,69.16240875912409,0.0177007299270073
Nis,1,9.55337591240876,7.703946217365389,5.060720802919708,3.1888689951672977,78.91240875912409,0.08239051094890515
Ankara,17,17.781706204379564,10.227568020424622,10.72162408759124,5.67379633618962,42.458941605839414,0.055976277372262795
Basel,18,14.549543795620432,8.575739281192307,9.409260948905109,5.2820252710754705,65.38914233576642,0.12572992700729932
Sofia,13,15.882801094890514,9.170052800894338,8.778695255474457,5.187336468624122,52.886405109489054,0.08868613138686128
Bursa,10,16.469571167883213,8.22353549329837,6.480109489051099,4.32384685828634,66.27281021897811,0.09890510948905112
Bursa,16,19.779972627737227,8.659889616973429,9.64717153284671,4.546813272748829,56.66377737226277,0.15912408759124091
Sofia,2,8.844936131386861,7.8706505463845655,6.730930656934309,3.7715891795171155,77.46852189781022,0.07331204379562045
Sofia,6,7.980839416058389,7.146781335506353,6.875547445255476,3.7684951992967473,80.99406934306569,0.06167883211678837
Ankara,6,8.209534671532847,7.493438198294498,5.75323905109489,3.4495752788090224,77.76733576642336,0.03704379562043797
Nis,20,12.380337591240878,8.949297378777507,6.810218978102187,3.1315265826700562,69.53558394160584,0.06697080291970804
Nis,7,9.21359489051095,7.84278296135059,5.013914233576639,3.5549071012258433,81.95757299270073,0.07276459854014598
Bursa,22,13.756843065693433,7.642831854478151,5.822125912408759,3.1739365975059686,75.18978102189782,0.07947080291970805
Lahore,21,22.608941605839416,7.782264144176374,7.728832116788321,3.675405684021227,67.01140510948905,0.018339416058394162
Lahore,16,28.750456204379553,7.731534871344552,8.096441605839413,4.9205431123556105,47.481295620437955,0.13458029197080298
Bursa,19,16.480930656934312,8.626805975179403,6.956523722627736,4.399986863117107,68.64735401459853,0.11327554744525545
Lahore,13,29.191012773722633,7.690147719920308,7.578786496350369,4.523785890416106,45.74224452554745,0.07176094890510952
Basel,23,10.133667883211686,7.1547144265782725,7.781843065693432,4.7991088360518965,81.4338503649635,0.12755474452554744
Tbilisi,11,15.74324817518248,9.13305870612505,8.060583941605842,6.611371282759771,58.71989051094891,0.06272810218978103
Basel,9,10.103877737226277,7.536644603842894,7.279151459854012,4.967335439651796,81.51368613138686,0.12472627737226281
Nis,0,9.904379562043799,7.815156836780683,5.222080291970802,3.1289093348452437,77.90967153284672,0.07212591240875914
Lahore,9,23.73713503649635,8.503167643665497,7.13800182481752,4.741876930817192,65.93065693430657,0.05291970802919709
Sofia,15,16.863731751824833,9.231224340141157,9.582664233576649,5.256194156941067,49.06386861313869,0.11815693430656926
Sarajevo,15,16.765556569343072,8.778477412817704,7.591104014598535,3.5550670010770915,55.5889598540146,0.143339416058394
Bursa,9,14.657572992700734,8.314235681348153,5.477098540145986,3.762706471934359,70.75547445255475,0.09803832116788323
Basel,21,11.495072992700727,7.787023776244313,8.067107664233578,4.7168129350310615,77.11587591240875,0.12249087591240876
Basel,0,9.674452554744528,6.941247516800337,7.598038321167884,4.858114723785077,82.77189781021897,0.12071167883211677
Tbilisi,16,18.479470802919707,9.694032008861546,10.45310218978102,7.303678162324629,49.11952554744526,0.06236313868613141
Lahore,6,19.040784671532847,7.941478496900584,7.492244525547445,4.174946912697263,80.68430656934306,0.10862226277372264
Nis,13,17.08950729927007,9.19160260767601,8.837773722627732,5.162496518532888,55.042883211678834,0.08740875912408762
Bursa,0,12.821350364963502,7.363305371814625,5.251322992700729,2.8502048709121293,76.67563868613139,0.06318430656934308
Nis,18,15.035355839416061,9.891789926591821,7.8595346715328445,4.223015157149007,62.00091240875913,0.07522810218978106
Bursa,8,13.027965328467154,7.9964390672910595,4.760492700729927,3.1894350548193695,74.4904197080292,0.09648722627737226
Tbilisi,20,14.436313868613139,9.523497314680121,8.680656934306572,7.163344871374076,63.92335766423358,0.054516423357664275
Tbilisi,18,16.76733576642337,10.162104213455411,9.895574817518245,7.220187198668124,55.48448905109489,0.057755474452554745
Sofia,3,8.714735401459851,7.596214857894044,6.9291058394160565,3.8213830052446744,78.43065693430657,0.0696624087591241
Nis,14,17.52627737226277,9.312784419234717,9.45223540145985,5.283852801887038,52.59489051094891,0.0797901459854015
Ankara,22,11.942791970802922,9.253495919077832,8.01642335766423,4.254731774548956,62.83804744525548,0.0467153284671533
Lahore,18,25.85570255474452,8.188502272958265,7.664005474452551,3.8532831426727276,57.1382299270073,0.02974452554744525
Sarajevo,1,8.701322992700739,7.196175456262641,4.94457116788321,2.424401980768284,85.64370437956204,0.11838503649635033
Basel,12,13.852919708029205,7.891460796195226,8.674224452554745,5.708089724892692,68.09899635036497,0.11829379562043804
Bursa,12,18.940419708029204,8.442332065527928,8.603102189781024,4.52238405161694,59.00866788321168,0.126779197080292
Bursa,2,12.161815693430656,7.144051282266982,4.926049270072991,2.6938222838351327,77.23083941605839,0.07089416058394162
Sarajevo,11,14.644160583941611,8.483945836054021,5.680155109489048,3.5066987305561277,64.8220802919708,0.11528284671532843
Tbilisi,9,12.657162408759122,9.188215706719152,7.371350364963503,6.067646985235285,70.55748175182482,0.07217153284671532
Sarajevo,9,11.54393248175183,8.693488944246539,4.687910583941604,3.0092819766219576,76.09717153284672,0.10697992700729925
Bursa,4,12.035218978102185,6.948410044233657,4.83594890510949,2.8411823788751662,76.4698905109489,0.09566605839416052
Basel,5,8.545209854014594,6.266269183959161,7.395437956204379,4.624906002945889,86.21350364963503,0.12367700729927009
Lahore,10,25.751140510948915,8.261109614476853,7.073677007299273,4.7508250100668,59.10447080291971,0.06920620437956206
Basel,6,8.347901459854018,6.227009759603396,7.411040145985398,4.6377793374884355,86.69525547445255,0.13079379562043797
Sofia,12,14.714051094890513,9.119687632932534,8.49776459854014,5.104429263326634,57.15374087591241,0.07563868613138686
Nis,12,16.226642335766424,9.12564670029369,8.316560218978102,4.994464707119045,58.26368613138686,0.07139598540145989
Sarajevo,7,8.56491788321168,7.5178750076338545,5.11514598540146,2.5034979775940993,85.5492700729927,0.09689781021897809
Bursa,20,15.253467153284667,8.194807877691535,6.365830291970802,3.7281657485776387,71.7463503649635,0.09251824817518249
Basel,2,9.202874087591242,6.605621573554025,7.610264598540146,4.563500894461728,84.37682481751825,0.11113138686131391
Bursa,6,11.565191605839427,6.856766110698016,4.827509124087592,2.836758391944284,77.2536496350365,0.10351277372262774
Lahore,2,19.779972627737216,7.751126323783325,7.506843065693431,3.5166252697725726,75.80793795620438,0.08745437956204379
Ankara,5,8.446031021897815,7.551102200397276,5.949726277372258,3.429012778248877,76.91970802919708,0.03252737226277374
Lahore,15,29.378147810218984,7.587835374981634,8.231341240875908,4.833103976421076,43.89735401459854,0.0985857664233577
Sarajevo,22,10.21674270072993,7.82850341946835,4.678558394160581,2.420196121648251,81.1669708029197,0.0779653284671533
Lahore,3,19.343613138686134,7.705302061884092,7.499771897810217,3.6346492868761344,77.20939781021897,0.13562956204379562
Basel,13,14.77595802919708,7.942296543811473,9.152281021897808,5.850033980985171,64.55565693430657,0.11377737226277378
Sofia,8,8.661040145985403,7.888500514030938,6.887180656934312,4.03220659116322,79.27372262773723,0.06564781021897814
Tbilisi,17,17.81957116788321,9.944774719668853,10.301094890510946,7.260874605237417,51.78193430656934,0.05707116788321168
Bursa,15,20.11505474452555,8.719295693249633,9.863458029197083,4.517582820036805,55.052919708029194,0.16281934306569337
Tbilisi,4,10.603968978102197,8.016656424195324,8.006021897810214,5.9371476166185495,78.87180656934306,0.07732664233576642
Lahore,14,29.478421532846728,7.628208278619012,7.87057481751825,4.478299625749398,44.143248175182485,0.08343978102189784
Bursa,11,17.888184306569343,8.289735201410943,7.5655565693430695,4.591798570574198,62.09489051094891,0.10670620437956212
Nis,11,15.011952554744514,9.002476631779453,7.627235401459858,4.752675580088787,62.73540145985402,0.07604927007299274
Ankara,16,18.3988594890511,9.977920562135298,11.075593065693432,5.928707138846412,40.13138686131387,0.07203467153284673
Sofia,17,16.44069343065692,9.478245531724026,9.273905109489046,5.027880613658635,50.84990875912409,0.1006386861313868
Ankara,1,9.896167883211685,8.356905381403356,6.974315693430655,3.8403645406859948,70.95255474452554,0.03991788321167884
Sofia,19,14.156979927007304,9.80268113193077,8.099863138686132,4.2924306850768925,59.47490875912409,0.08001824817518247
Cluj,20,10.937591240875914,9.156085943732677,7.241879562043795,4.170114123916277,75.22536496350365,0.06715328467153286
Bern,4,7.14511861313868,6.579544104639939,6.298950729927008,4.79605457366883,85.58485401459853,0.17746350364963492
Ljubljana,18,14.140419708029205,9.215963538372232,7.169844890510946,3.935799062661146,67.30748175182482,0.1514142335766423
Zurich,16,14.364051094890504,8.280781950717286,7.951687956204384,5.2802108858347045,63.08850364963504,0.14876824817518242
Ljubljana,22,9.883302919708024,8.098362916050657,4.782162408759127,2.6493863597350957,83.65328467153284,0.13777372262773718
Ljubljana,12,14.484489051094894,8.824710974969996,5.993156934306574,4.6170608820444485,64.68841240875912,0.12144160583941603
Bern,2,7.511906934306567,6.867355065797373,6.5531934306569335,4.8706892441795375,84.36724452554745,0.11573905109489048
Ljubljana,3,7.975775547445259,7.26670516550504,4.288412408759126,2.4447939896523962,89.94388686131387,0.18188868613138684
Zurich,3,8.26076642335767,6.59119871207629,6.07098540145986,4.348733253369385,89.15830291970804,0.18029197080291956
Cluj,13,13.902372262773723,8.881025581079934,9.387682481751826,5.412895452646566,61.893248175182485,0.08795620437956204
Zurich,12,12.617153284671536,7.987221510399138,7.07668795620438,5.21388356352922,71.75547445255475,0.11423357664233574
Cluj,1,7.74233576642336,7.6124468864205195,6.878193430656936,3.910352589293717,84.48813868613139,0.056295620437956204
Cluj,8,7.840145985401462,7.9794538429416875,7.087135036496347,4.469655028827802,84.12773722627738,0.0860401459854015
Zurich,13,13.58248175182483,8.028656664774953,7.475045620437961,5.441430606460798,67.67381386861314,0.1225364963503649
Cluj,2,7.407937956204378,7.464941557468552,6.894525547445255,4.016889815884181,84.9662408759124,0.05556569343065694
Cluj,7,7.011678832116785,7.280811743528478,6.975729927007299,4.274457899465135,86.1970802919708,0.09187956204379565
Bern,17,13.510036496350375,8.39675719276274,9.27773722627737,6.189575959615895,64.41514598540147,0.16272810218978093
Yerevan,7,9.874041970802924,9.294251915128056,5.064005474452556,2.842929849412112,64.91651459854015,0.051596715328467165
Ljubljana,13,15.465967153284675,8.761842638484136,6.819023722627739,4.885066837396062,60.85903284671533,0.1296532846715328
Ljubljana,1,8.258074817518251,7.584127202873182,4.055155109489053,2.3157786067701,88.95939781021897,0.12454379562043798
Cluj,19,12.046441605839416,9.487599506929712,8.151003649635038,4.60302252257858,70.52919708029196,0.07709854014598543
Zurich,23,9.386678832116788,7.181683781402213,6.31751824817518,4.0431632429635505,84.93065693430657,0.1545620437956204
Zurich,22,9.909990875912413,7.376134657312139,6.452965328467151,4.032236640574156,82.75729927007299,0.15985401459854015
Cluj,21,9.964051094890513,8.675422883282383,6.958029197080292,3.936541066017673,78.35401459854015,0.06222627737226279
Zurich,0,8.97901459854014,7.062301957060043,6.215054744525545,4.130164398834687,86.54379562043796,0.13781934306569338
Yerevan,4,10.147490875912403,9.093513022821254,5.62782846715328,2.886026270292378,63.57618613138686,0.044616788321167895
Ljubljana,2,8.126186131386854,7.387584936191118,4.52814781021898,2.623368048500954,89.60629562043796,0.1231295620437956
Yerevan,10,13.947490875912399,10.171263836553372,5.140967153284673,3.4149442794282523,51.54014598540146,0.0373631386861314
Bern,21,9.667655109489049,7.731732545480589,7.072582116788322,4.785564316379704,78.91423357664233,0.13918795620437951
Yerevan,22,12.29037408759124,10.318617147302728,8.065967153284674,5.215074923533859,59.54790145985402,0.058439781021897834
Geneva,7,8.92340328467153,6.513295373208989,5.472764598540145,4.027766705136408,87.74589416058394,0.13312043795620435
Geneva,3,9.725729927007306,6.645381811553202,5.897764598540146,4.1664817936700995,84.85857664233576,0.1472171532846715
Ljubljana,9,9.822901459854016,8.672598857772627,3.4608120437956207,2.8479723467241005,82.41514598540147,0.13293795620437954
Cluj,12,13.034671532846716,8.900949745731015,9.029379562043793,5.433207044903349,65.3485401459854,0.09251824817518253
Cluj,23,8.606113138686132,7.9956545870724325,6.821350364963501,3.890013017956626,82.71806569343066,0.059671532846715336
Bern,23,8.395346715328467,7.152927942772388,6.558531021897808,4.662078900651198,82.23220802919708,0.13179744525547438
Bern,16,13.796760948905114,8.245361807065226,9.560994525547446,6.322863363221244,63.14689781021898,0.17281021897810206
Geneva,15,15.49475364963503,8.264455122368036,9.199041970802915,5.7443079197597395,60.14507299270073,0.1379105839416058
Geneva,16,15.626824817518251,8.32043951319346,9.280246350364967,5.7019632236467945,59.549726277372265,0.14292883211678825
Ljubljana,10,11.543202554744527,8.80570120281392,3.9749543795620457,3.37113658012023,76.03056569343066,0.11528284671532843
Geneva,2,10.006843065693424,6.806329690030487,6.047810218978101,4.164289815916976,83.82162408759125,0.13982664233576644
Zurich,6,7.649726277372261,6.44863423833524,5.8164233576642355,4.239029320996113,91.13868613138686,0.17572992700729925
Bern,6,6.68759124087591,6.456468085394934,6.12285583941606,4.735482507510126,86.3330291970803,0.18923357664233564
Yerevan,16,18.938959854014605,11.238801878017949,7.478330291970803,4.92117420804972,37.02509124087591,0.04831204379562045
Yerevan,20,14.101277372262777,11.328387264774362,8.723403284671532,6.407450500242022,54.878649635036496,0.07604927007299273
Zurich,10,10.245757299270071,7.75789406833931,6.263047445255475,4.738820076796444,81.6514598540146,0.11729014598540141
Cluj,18,13.112499999999999,9.471317852978336,9.059489051094895,5.1275726420870935,65.71441605839416,0.07864963503649638
Geneva,22,11.445574817518251,7.515796754576775,6.594844890510951,4.270883224544055,77.32618613138686,0.148448905109489
Bern,5,6.880748175182482,6.499699377698411,6.194525547445254,4.774307202953539,86.03102189781022,0.18489963503649623
Yerevan,12,16.847399635036503,10.542023990726333,6.251687956204379,3.91632901225766,42.72080291970803,0.03750000000000001
Zurich,1,8.61537408759124,6.948519436623577,6.136861313868614,4.189901227764273,87.94251824817518,0.13029197080291965
Cluj,14,14.488138686131396,8.85107251984328,9.701916058394161,5.495604385164945,59.48448905109489,0.12691605839416062
Ljubljana,15,16.0845802919708,8.706717919521049,8.12919708029197,5.04863391633871,58.90556569343066,0.1723083941605838
Geneva,13,14.556614963503646,7.923210421790148,8.688914233576636,5.837893049770177,64.31751824817518,0.10889598540145985
Bern,11,11.025912408759124,7.864125925664389,7.289051094890515,5.847953966857425,73.59899635036497,0.11532846715328467
Geneva,12,13.567609489051087,7.794666934610311,8.254927007299269,5.729403481826295,68.31478102189782,0.09817518248175187
Bern,14,13.515145985401448,8.073565713409842,9.624041970802928,6.23076549126125,64.49361313868613,0.12531934306569334
Zurich,19,12.456797445255468,8.484179136880867,7.011861313868612,4.384866281604126,72.45848540145985,0.16770072992700724
Geneva,11,12.445483576642333,7.694484480047795,7.717700729927006,5.497533292403579,72.83394160583941,0.10570255474452557
Geneva,8,9.367244525547445,6.941682753547994,5.748266423357663,4.3122242157716615,85.74315693430657,0.12915145985401455
Cluj,15,14.388321167883207,8.96607153790245,9.878832116788319,5.569885507878617,59.818430656934304,0.11651459854014602
Zurich,9,9.119160583941602,7.525759665137746,5.890739051094886,4.44813008485811,85.85857664233576,0.14010036496350364
Ljubljana,0,8.70182481751825,7.725574211456877,4.178512773722628,2.3837210297779645,87.70164233576642,0.13156934306569337
Ljubljana,4,7.614096715328463,7.204230539015693,4.127828467153286,2.3725286176911364,90.74771897810218,0.16651459854014594
Zurich,21,10.56126824817518,7.680633581351601,6.535857664233573,4.087866606753495,80.07892335766424,0.14849452554744524
Yerevan,8,10.786678832116788,9.98884021343966,4.796350364963505,2.8388154267842265,62.04151459854015,0.0405565693430657
Cluj,11,11.91943430656934,8.946280880763075,8.51979927007299,5.249257425704567,69.7080291970803,0.07956204379562046
Yerevan,2,10.592883211678833,9.243146127391638,5.859671532846714,3.028163479587437,61.79744525547445,0.05798357664233578
Cluj,22,9.233941605839417,8.311636634039836,6.865328467153284,3.8982706014289383,80.77281021897811,0.0674270072992701
Yerevan,15,19.24689781021897,10.984490516431451,7.12860401459854,4.731974447012255,35.96669708029197,0.05524635036496351
Bern,19,11.77135036496351,8.625170959296812,8.067153284671535,5.309660470453826,71.7176094890511,0.18786496350364953
Ljubljana,7,7.459397810218976,7.582344743228294,3.7683850364963467,2.330352486743881,90.5780109489051,0.13594890510948904
Bern,7,6.78316605839416,6.6915339478918785,6.028421532846718,4.836567660641889,86.1044708029197,0.1688868613138685
Ljubljana,17,15.200182481751833,8.978947941059426,7.82057481751825,4.510575942550392,62.90374087591241,0.16044708029197075
Yerevan,1,10.934443430656934,9.46939844212751,6.191195255474453,3.313960902564965,61.30702554744526,0.056934306569343084
Zurich,15,14.234534671532845,8.239324607006813,7.96998175182482,5.408746099377876,63.78010948905109,0.1516879562043795
Geneva,1,9.988047445255477,6.937105031476658,6.016651459854012,4.126660888357716,83.46943430656934,0.1456204379562044
Bern,13,13.220437956204378,7.90339909136738,9.061450729927007,6.32331080290402,65.52098540145985,0.11797445255474448
Ljubljana,19,12.902509124087583,9.125480954290014,6.339735401459858,3.3866040128174997,72.6706204379562,0.12974452554744526
Yerevan,23,11.702919708029198,9.965112610272065,7.3729014598540115,4.551119971234275,60.48220802919708,0.04927007299270075
Geneva,19,13.847171532846712,8.54526387367295,7.809534671532846,4.742054332295759,68.12180656934306,0.1497262773722627
Geneva,9,10.088914233576643,7.454855478378059,6.356706204379558,4.783494242673677,82.21167883211679,0.11847627737226282
Geneva,21,12.067381386861308,7.730826395316564,6.884580291970804,4.316881133112265,74.94753649635037,0.1653740875912408
Zurich,7,7.788458029197078,6.647894694870957,5.73941605839417,4.258671420705832,90.87819343065694,0.16021897810218969
Cluj,0,8.123631386861312,7.7844674961262985,6.844251824817517,3.850278266228809,83.83667883211679,0.05310218978102191
Yerevan,14,18.801505474452565,10.85233581403981,6.95314781021898,4.413495251815197,37.175638686131386,0.04311131386861315
Geneva,18,14.693476277372259,8.621432558799974,8.619753649635033,5.159026275106925,64.10082116788321,0.15775547445255472
Bern,22,8.950547445255467,7.37537564022011,6.799863138686133,4.727110404789553,80.92746350364963,0.143978102189781
Zurich,5,7.801231751824817,6.4927901830175605,5.889142335766423,4.218768868482106,90.65419708029196,0.16583029197080285
Bern,0,7.977554744525548,6.993675035603217,6.37714416058394,4.707307356429824,82.9580291970803,0.1397810218978102
Zurich,11,11.459260948905108,7.896030581976006,6.6426551094890565,5.006449594142219,76.66332116788321,0.11998175182481752
Ljubljana,14,15.938959854014596,8.753389715159603,7.757846715328473,5.064698932719954,59.443430656934304,0.14899635036496345
Bern,20,10.682937956204379,8.255156248776979,7.373768248175179,4.979921422831537,76.08029197080292,0.14612226277372262
Geneva,4,9.4172901459854,6.561045529536536,5.909580291970802,4.1477878061703395,85.98357664233576,0.14087591240875913
Cluj,16,14.358759124087593,9.027895678209239,9.856478102189778,5.662509407531929,59.96076642335766,0.12746350364963513
Geneva,20,12.936906934306561,8.187119165635776,7.186633211678831,4.486657452378158,72.06386861313868,0.1394616788321168
Ljubljana,8,8.411861313868611,8.198104321789554,3.4799726277372223,2.5242982402685223,87.46076642335767,0.13175182481751824
Ljubljana,5,7.305656934306567,7.129832346544247,3.984534671532851,2.297430323424996,91.3581204379562,0.14000912408759122
Skopje,4,10.366879562043804,7.706151568838944,4.531797445255476,2.2284183499377823,75.98357664233576,0.060036496350364975
Turin,3,10.26724452554744,7.79186951636052,4.80241788321168,2.79587924469185,85.78695255474453,0.14411496350364944
Turin,0,11.101642335766428,8.181180162344608,4.6318430656934275,2.685843455604243,83.25866788321167,0.11697080291970796
Skopje,2,10.94055656934306,7.9371085803139865,4.807208029197086,2.418361802525336,74.20939781021897,0.05114051094890513
Skopje,20,14.636359489051085,9.563384171841111,5.086678832116787,2.5676631637097453,61.52600364963504,0.06496350364963505
Skopje,19,15.782162408759111,10.069376699909677,5.390739051094891,2.8695971599989827,58.791058394160586,0.055976277372262795
Turin,10,12.594069343065692,9.280984296522908,4.150912408759129,3.0331033927843887,74.63321167883211,0.08681569343065688
Turin,15,18.34037408759124,8.597694194120479,5.030976277372264,3.357485605267498,54.17198905109489,0.11190693430656927
Skopje,21,13.726140510948907,9.258919543996049,4.746624087591249,2.437712882557248,64.46122262773723,0.06770072992700728
Turin,22,12.470027372262761,8.506411810976873,4.899270072992706,2.77684390752734,78.12636861313868,0.1242244525547445
Skopje,15,18.72577554744526,9.96583377589306,6.637728102189782,3.6266716906523966,48.07116788321168,0.0601277372262774
Turin,19,15.921395985401459,9.488505778655872,5.550045620437958,3.2996728877775285,64.88686131386861,0.11053832116788319
Skopje,13,18.14922445255476,9.724914215326915,6.1739051094890485,3.064192824997212,50.39005474452555,0.049589416058394196
Turin,9,11.015602189781024,8.98042260385445,4.12148722627738,2.9346400555141026,80.24771897810218,0.09680656934306567
Skopje,3,10.65460766423357,7.76819027961215,4.578832116788319,2.208516130976762,75.19799270072993,0.05999087591240877
Skopje,6,9.992837591240873,7.659353426437691,4.343293795620442,2.2640021654182543,77.20894160583941,0.05875912408759127
Skopje,14,18.435036496350367,9.80140288389911,6.438686131386859,3.381502520378418,48.96669708029197,0.06085766423357666
Skopje,10,14.481204379562046,9.253373091191248,4.873631386861313,2.531399878820108,62.012773722627735,0.06204379562043797
Turin,5,9.623585766423359,7.611542995430074,4.3804744525547425,2.6593809146467318,87.06706204379562,0.10091240875912404
Skopje,18,16.87376824817518,10.459319854923617,5.9439781021897815,3.1844800295177698,55.535127737226276,0.061450729927007335
Turin,21,13.379151459854015,8.828655401265916,5.315510948905111,2.9120120312539233,74.61131386861314,0.11113138686131384
Turin,1,10.641560218978093,8.062305976891254,4.529060218978103,2.648582275713496,84.46122262773723,0.10410583941605836
Turin,11,14.356797445255475,9.1818013682541,4.2353102189781,3.102385456734758,68.31386861313868,0.07253649635036498
Lagos,1,26.477189781021863,1.2836114560777079,11.420802919708017,4.070533501651838,86.51003649635037,0.0748175182481751
Lagos,20,26.98964416058392,1.3238352996899851,13.322855839416064,3.7013612729212992,82.56751824817518,0.046213503649634974
Lagos,12,28.929333941605815,1.8109414185277892,12.944023722627737,5.487153650591253,72.18795620437956,0.20191605839416146
Lagos,16,28.531386861313887,1.7270660087570793,16.3519616788321,4.100446456571967,73.90419708029196,0.17924270072992732
Lagos,7,25.546076642335755,1.3954130796175488,8.863549270073007,3.9219587773399858,89.8280109489051,0.18275547445255513
Lagos,2,26.42185218978101,1.2946548259133885,11.12956204379561,4.23431162884043,86.9073905109489,0.10958029197080266
Lagos,18,27.598631386861335,1.4385600422133111,15.49949817518248,3.848667990101784,78.23996350364963,0.07075729927007281
Lagos,4,25.987363138686106,1.345516747098933,10.272308394160593,4.126744219677812,88.48905109489051,0.14019160583941628
Lagos,15,28.813549270072976,1.8323289266965082,15.957664233576601,4.3915779340394385,72.92563868613139,0.2458941605839439
Lagos,21,26.92490875912407,1.2920711019247149,12.992655109489032,3.856048006545387,83.28695255474453,0.03229927007299272
Lagos,17,28.12595802919708,1.5831831006941257,16.295711678832134,3.9629364386394133,75.65419708029196,0.12399635036496301
Lagos,10,27.883667883211697,1.5233906233885346,10.993521897810206,5.124033811962818,77.22536496350365,0.16605839416058416
Tartu,17,9.494297445255478,9.75469596839922,14.97755474452554,6.385803218437405,70.08485401459853,0.11049270072992703
Tartu,1,5.848038321167882,8.087237483608675,12.86815693430657,5.902227776191919,85.0456204379562,0.06117700729927011
Tartu,12,8.962135036496347,9.533295498016454,14.949498175182477,6.610216407424661,73.06067518248175,0.09028284671532844
Tartu,21,7.381843065693428,8.914909315475725,13.118339416058397,6.126419684032374,79.77737226277372,0.07071167883211682
Tartu,5,4.981934306569343,7.675284850395176,12.78978102189781,5.918018617829148,88.57664233576642,0.07203467153284678
Tartu,23,6.444114963503651,8.363789944624646,13.033804744525545,5.928405388177168,82.86678832116789,0.07376824817518247
Tartu,0,6.125638686131383,8.205789361988707,12.95871350364963,5.886071622691817,84.07390510948905,0.07417883211678834
Tartu,22,6.822490875912405,8.56955436834553,13.072171532846719,5.962848714660753,81.52737226277372,0.0736313868613139
Tartu,3,5.366560218978101,7.86909149987096,12.617290145985399,5.823432524205466,87.25501824817518,0.06893248175182486
Tartu,10,7.511131386861314,9.243016740425634,13.988047445255473,6.4563339257207994,79.58804744525547,0.07791970802919715
Tartu,16,9.719799270072988,9.747977606533112,15.24137773722628,6.543286930264674,69.0948905109489,0.1107664233576642
Tartu,13,9.472125912408767,9.587712900116758,15.216651459854003,6.672354944308397,70.73950729927007,0.09803832116788327
Tartu,2,5.610948905109491,7.984530834400603,12.764416058394154,5.8968783351660825,85.90967153284672,0.06309306569343069
Wroclaw,10,11.183485401459855,8.327756599067651,12.224270072992702,6.591072784669774,73.90054744525547,0.07741788321167888
Wroclaw,9,9.962271897810217,8.078929152493146,11.683029197080291,6.486768074902013,78.41925182481752,0.07490875912408762
Wroclaw,20,11.229105839416063,8.27831387567053,10.975501824817517,5.690569458436729,73.84899635036497,0.07586678832116792
Wroclaw,23,9.474863138686128,7.4793238490610605,11.069023722627735,5.500609762919751,78.88275547445255,0.05697992700729927
Wroclaw,8,8.904151459854019,7.639654654584351,11.219571167883208,6.151472696692648,81.96669708029196,0.08197992700729932
Wroclaw,18,12.943658759124094,8.87085988587931,11.989096715328467,6.009427760139418,66.64142335766424,0.11113138686131388
Wroclaw,4,7.966286496350367,6.778789327238042,10.913184306569343,5.688314227122225,84.81934306569343,0.09197080291970804
Wroclaw,19,12.11359489051095,8.708249415541468,11.258941605839414,5.880801552766763,70.28740875912409,0.07906021897810223
Wroclaw,5,7.74676094890511,6.721663886655922,10.921897810218974,5.766363571478986,85.40100364963503,0.07796532846715327
Wroclaw,13,13.894160583941606,8.517432529484974,13.763549270072991,6.987753438883517,62.744069343065696,0.08968978102189787
Wroclaw,14,14.053604014598536,8.521404079665968,13.66409671532847,6.873673455240783,62.37408759124087,0.09593978102189789
Wroclaw,12,13.231341240875919,8.506253421137064,13.434443430656929,6.955986343860069,65.56204379562044,0.08845802919708036
Wroclaw,11,12.315510948905102,8.448848225829503,12.861405109489054,6.799366861558286,69.39644160583941,0.0817518248175183
Wroclaw,22,9.952509124087593,7.652610613456995,11.071760948905105,5.5550948651331415,77.36359489051095,0.05958029197080293
Wroclaw,17,13.624635036496352,8.828198713129312,12.782436131386863,6.333540493699409,63.65374087591241,0.10218978102189784
Pristina,11,14.770529197080315,9.422563793220144,9.152372262773733,5.589952666965148,56.61085766423358,0.06286496350364959
Pristina,8,9.618750000000002,8.749202985804462,6.453467153284675,4.966963136328136,76.02965328467154,0.05424270072992702
Pristina,12,15.932208029197078,9.433870973713349,10.020164233576649,5.8507462549090095,52.28330291970803,0.0764598540145985
Pristina,23,9.196395985401468,8.105012550725279,7.297718978102193,4.196217058978953,77.06569343065694,0.06815693430656933
Pristina,18,14.170711678832118,10.061887903085067,10.931386861313866,5.309695951912256,58.45802919708029,0.0742244525547445
Pristina,2,8.210310218978105,7.5604470232729355,6.796259124087593,4.322808925702375,80.98585766423358,0.07354014598540139
Pristina,15,16.94096715328468,9.607079894216273,11.504060218978102,5.98712043259684,47.81979927007299,0.0954835766423357
Pristina,9,11.453877737226257,9.160952075013316,7.281934306569354,5.146532183740307,69.26642335766424,0.05597627737226279
Pristina,0,8.721532846715322,7.881758071137272,6.827463503649633,4.169007529108541,78.7212591240876,0.0743156934306569
Pristina,19,12.681432481751838,9.721498249097964,10.376368613138684,4.902290185381623,63.956204379562045,0.07404197080291967
Pristina,13,16.729972627737226,9.420008924711864,10.719343065693433,5.943626844805638,49.54151459854015,0.08220802919708019
Pristina,1,8.34479927007299,7.701379508322452,6.557572992700745,4.146725558362482,79.93795620437956,0.07714416058394155
Pristina,4,7.796532846715327,7.22248547996305,6.6594434306569426,4.492799885182966,82.5323905109489,0.06692518248175179
Pristina,7,8.27048357664234,7.942164867811444,6.385036496350374,4.734575677381907,80.79835766423358,0.05396897810218981
Pristina,22,9.745118613138679,8.352563450137431,8.003284671532848,4.3320979593626365,75.0793795620438,0.06715328467153282
Pristina,16,16.557390510948906,9.722929283127238,11.528239051094895,5.952033354325081,49.38914233576642,0.07796532846715322
